Number of Nodes,Probability,Seed,Lower Bound,Lower Bound (normalized),Generic Upper Bound,Generic Upper Bound (normalized),Main Thm Upper Bound,Main Thm Upper Bound (normalized),Greedy Upper Bound,Cotengra Upper Bound,HyperOpt Upper Bound,Largest HSC Rank
10,0.2,100,0.0,0.0,8.550575700050166,7.111111111111114,10.196561522309826,8.180000000000003,4.0,4.0,4.0,2
10,0.2,101,0.43315883924447385,0.5249719648311708,5.619092991170047,4.444444444444444,5.794689647144111,4.249999999999999,3.0,3.0,3.0,3
10,0.2,102,1.110035384249285,1.538856314632365,11.073569378765468,9.427156689301306,12.457765551111152,8.952525536541344,4.0,4.0,4.0,4
10,0.2,103,0.0,0.0,11.74738536405073,8.888888888888884,14.0087570466305,10.099999999999994,4.0,4.0,4.0,4
10,0.2,104,0.0,0.0,10.32849587692043,6.222222222222221,12.33681451965496,7.154320987654321,6.0,6.0,6.0,4
10,0.2,105,0.0,0.0,8.34017297325207,5.333333333333335,8.571844444731294,5.314814814814817,7.0,7.0,7.0,3
10,0.2,106,0.0,0.0,10.193014428836568,6.222222222222225,12.174989456665903,7.154320987654324,6.0,6.0,6.0,4
10,0.2,107,0.0,0.0,7.236067977499795,5.333333333333333,7.437069865763679,5.314814814814815,6.0,6.0,6.0,2
10,0.2,108,0.0,0.0,7.236067977499799,5.333333333333332,7.437069865763682,5.314814814814815,6.0,6.0,6.0,2
10,0.2,109,1.3025004182737625,2.196027186808155,12.974231521041286,9.4454696961566,15.49699876124376,10.584412064821947,4.0,4.0,4.0,5
10,0.2,110,0.5607213214442983,0.6998933957954478,9.749426736937965,7.757542124175826,10.968105079055212,7.488183022641944,3.0,3.0,3.0,3
10,0.2,111,0.4266784954669955,0.5638538645083448,10.406814681280972,7.695968117419094,11.707666516441094,8.176966124757787,4.0,3.0,3.0,4
10,0.2,112,0.0,0.0,7.492123988226738,6.222222222222215,8.955429454677274,7.062499999999992,3.0,3.0,3.0,3
10,0.2,113,0.4049464070685517,0.4893424508593976,6.742089715733443,5.333333333333336,7.275265177947057,5.397959183673472,3.0,3.0,3.0,3
10,0.2,114,1.0108377326332545,1.2619479075204263,12.519039589253966,10.077771691277933,11.971331607224107,8.975515412544409,4.0,4.0,4.0,4
10,0.2,115,0.0,0.0,7.236067977499793,6.222222222222221,7.437069865763677,6.117283950617283,4.0,4.0,4.0,2
10,0.2,116,0.4238983434099731,0.4924236442624374,9.110907412914797,6.914050586925114,8.968549484588003,6.319874364611238,4.0,3.0,3.0,4
10,0.2,117,0.8908555118264909,1.0366600974958293,8.288704587043881,7.706616067285382,8.15919357787132,6.984120810977378,3.0,2.0,2.0,3
10,0.2,118,1.3039393140614053,2.0662875728507233,13.000963983428848,9.40025019014283,13.362101871857432,8.967031589208217,5.0,4.0,4.0,5
10,0.2,119,0.0,0.0,14.073200030341233,9.777777777777782,16.782291036181924,11.060000000000004,4.0,4.0,4.0,5
10,0.2,120,0.0,0.0,6.634756991233559,5.333333333333335,7.930607966083864,6.125000000000001,4.0,4.0,4.0,2
10,0.2,121,1.353414806542026,2.271380620640081,10.445303524612209,9.47459585532369,12.48540186926303,9.825286549268121,4.0,4.0,4.0,5
10,0.2,122,0.4738834658214056,0.6845825392618278,11.813792206951947,9.348160504658987,13.423421395149152,10.048210251541974,4.0,4.0,4.0,5
10,0.2,123,0.6733435008877403,0.8571098405536687,13.842410694941885,7.999999999999998,15.728439152127718,8.689999999999998,6.0,6.0,6.0,5
10,0.2,124,1.0185760300002822,1.1713650608839403,6.9814239699997085,5.914125366807524,7.1995934690622,5.472820377276209,2.0,2.0,2.0,4
10,0.2,125,2.8645765128858325,3.9640575744727293,16.578384040261664,14.804228876326896,17.531641122576712,16.10515603216519,6.0,6.0,6.0,8
10,0.2,126,1.033941399391918,1.1922657415173794,10.575762430502001,9.434043425026026,11.183868770255867,8.442396815009086,3.0,3.0,3.0,3
10,0.2,127,0.5448440849282272,0.7079362020489621,8.344044803960653,6.777730003427457,9.240377741886114,7.029247327773398,4.0,4.0,4.0,3
10,0.2,128,0.0,0.0,4.55228474983079,3.5555555555555554,5.405838140424063,4.055555555555555,4.0,4.0,4.0,2
10,0.2,129,0.6332704750426703,0.84749550744907,9.694447709030207,7.691870802752092,10.906253672658984,8.172612727924097,3.0,3.0,3.0,3
10,0.2,130,0.0,0.0,5.310998874802593,5.333333333333335,5.731001336840553,5.397959183673471,2.0,2.0,2.0,2
10,0.2,131,0.0,0.0,6.828427124746192,5.333333333333333,7.0181056559891415,5.314814814814815,6.0,6.0,6.0,2
10,0.2,132,0.0,0.0,8.456656431893277,6.222222222222225,10.101006293650304,7.154320987654324,5.0,5.0,5.0,3
10,0.2,133,0.36773111380966517,0.4457159388809293,11.655208065642995,8.661392065177518,12.325382529417467,8.672218805258991,4.0,4.0,4.0,4
10,0.2,134,0.9668403650969617,1.2090030273732604,12.707711570861658,9.616718039681569,13.06070355894115,9.132542999489267,4.0,4.0,4.0,5
10,0.2,135,0.7746937358533399,1.2572032313096329,4.780861819702211,3.927981953875554,5.593608329051588,4.153840916223398,3.0,3.0,3.0,3
10,0.2,136,0.3595674174300355,0.4231879177511277,9.062874293729486,6.927718314800863,10.036425243251209,6.332367522122665,3.0,3.0,3.0,4
10,0.2,137,0.4726616973675366,0.6556937681310029,10.834320095864571,8.5659938228166,12.188610107847643,9.047830975350035,4.0,3.0,3.0,4
10,0.2,138,0.6306511828783367,0.8526003325465766,8.375144178182628,6.827981766343595,9.274817869198342,7.081363902204003,3.0,2.0,2.0,3
10,0.2,139,0.700061340195431,0.9960206461844731,11.311448633696399,9.34965383587842,12.852633510037535,9.313530173330708,3.0,3.0,3.0,4
10,0.2,140,0.8916839016103338,1.3934053791418028,11.356449344729585,8.83445470072521,11.671906270972073,8.427311270704415,4.0,4.0,4.0,5
10,0.2,141,0.0,0.0,8.557522671374816,6.222222222222231,10.228913818127708,7.062500000000011,4.0,4.0,4.0,3
10,0.2,142,0.3595674174300355,0.42318791775112796,9.062874293729493,6.927718314800872,10.036425243251216,6.332367522122673,4.0,3.0,3.0,4
10,0.2,143,1.081890343840753,1.526452576217297,12.665217696279536,9.274904193534187,14.248369908314478,8.847462270473583,4.0,4.0,4.0,5
10,0.2,144,0.40446402540516085,0.47635411987755183,10.568369996056855,7.111111111111115,11.889416245563963,7.611111111111116,5.0,5.0,5.0,4
10,0.2,145,0.5092262145311466,0.6126605769003135,10.8922914724074,8.000000000000002,11.194855124418718,7.722222222222225,3.0,3.0,3.0,4
10,0.2,146,0.3987327009133986,0.47402461902899495,8.250998179899188,6.222222222222221,9.137335875005547,6.515625,4.0,4.0,4.0,3
10,0.2,147,1.0273335684803275,1.607631851924162,12.582917504879925,10.763093800368468,13.30643526141052,10.636834430787223,4.0,4.0,4.0,5
10,0.2,148,1.509955787864142,2.2294543816221566,14.235626653969938,9.828269669700493,16.01507998571618,10.253531338100997,6.0,5.0,5.0,6
10,0.2,149,0.43315883924447507,0.5249719648311704,5.6190929911700565,4.444444444444445,5.7946896471441205,4.250000000000001,3.0,3.0,3.0,3
11,0.2,100,0.2767554343006126,0.32356563237004965,12.003912711951562,9.777777777777768,11.941909030588178,9.227272727272718,2.0,2.0,2.0,3
11,0.2,101,1.140953438089332,1.6889380537310266,12.52202571546815,8.523156272761087,14.08727892990167,9.002583813103898,4.0,4.0,4.0,5
11,0.2,102,1.4990448211327458,2.1475614176529048,13.488285984634985,11.300078852323226,14.263862428751494,10.580549033321203,5.0,4.0,4.0,5
11,0.2,103,0.0,0.0,13.06493423661228,9.777777777777773,15.548351488199737,11.136363636363633,4.0,4.0,4.0,4
11,0.2,104,0.0,0.0,11.495995201731514,7.1111111111111205,13.708974278064831,8.18000000000001,6.0,6.0,6.0,4
11,0.2,105,0.0,0.0,9.266858859168972,6.222222222222225,8.86143378408033,5.750000000000002,7.0,7.0,7.0,3
11,0.2,106,0.0,0.0,13.49743732298755,8.888888888888896,16.063065905043036,10.169421487603314,6.0,6.0,6.0,4
11,0.2,107,0.0,0.0,8.550575700050167,7.11111111111111,10.196561522309826,8.179999999999998,4.0,4.0,4.0,2
11,0.2,108,0.0,0.0,8.293446239041943,6.222222222222226,8.770319397786853,6.3800000000000034,6.0,6.0,6.0,2
11,0.2,109,1.6643412416503975,3.2005429625572477,16.23654164939565,11.505072854576897,18.44877044912581,12.240575726351635,5.0,5.0,5.0,6
11,0.2,110,0.46837089546172095,0.564244955191123,10.895891491504699,8.68370575124995,11.52240525226622,8.694560383439013,3.0,3.0,3.0,3
11,0.2,111,0.45378763431320535,0.5954426498469393,12.282616420877059,8.55729124301826,13.956122908221557,7.701562118716435,4.0,4.0,4.0,4
11,0.2,112,0.0,0.0,10.30167048381174,8.888888888888886,10.248459375940815,8.433884297520658,4.0,4.0,4.0,3
11,0.2,113,0.509598102911964,0.668356925358186,12.292344518544072,8.578711026442473,13.967176459195702,9.265007908557873,4.0,4.0,4.0,4
11,0.2,114,0.760821023189514,1.0404350044779118,13.791516450214576,11.06319664802755,15.771909824780513,10.353284752502898,4.0,3.0,3.0,4
11,0.2,115,0.2865629524718778,0.32620247906209016,11.50708110976853,8.888888888888875,11.447643707342042,8.433884297520649,4.0,4.0,4.0,3
11,0.2,116,0.8570703832361809,0.9372392741823004,12.237819209095502,9.44516314591413,11.702414618697574,8.412098426829772,4.0,4.0,4.0,4
11,0.2,117,0.9358222275240952,1.0329249811377863,9.707615371232952,8.618682833915196,9.977271353767204,8.265556245581173,3.0,3.0,3.0,3
11,0.2,118,0.7508835682727867,1.1774262075225284,14.458350777499051,10.322591729269886,16.428301070933298,11.051624770149573,5.0,4.0,4.0,5
11,0.2,119,0.49137573018333114,0.6812872068864302,15.68607852124003,11.224744054456833,17.938521614682557,11.443726465881591,5.0,4.0,4.0,5
11,0.2,120,0.0,0.0,9.758770483143643,8.000000000000005,11.656309188199351,9.055555555555564,2.0,2.0,2.0,3
11,0.2,121,1.5143634614860428,2.628810922277073,13.234283490472748,11.296055522416397,15.807616391398007,11.749914896084913,4.0,4.0,4.0,6
11,0.2,122,0.520383338349613,0.7463215635608799,15.079753102863416,10.216598715637895,17.24513087279938,11.117675281079615,5.0,4.0,4.0,5
11,0.2,123,1.1868736098877557,1.8967646408163836,16.99590313940358,11.555555555555575,19.436430553016287,12.533057851239692,5.0,5.0,5.0,5
11,0.2,124,0.0,0.0,9.308565293332952,7.111111111111109,11.126644452187046,7.999999999999998,2.0,2.0,2.0,4
11,0.2,125,2.864576512885828,3.96405757447273,16.57838404026164,14.804228876326905,17.531641122576684,16.10515603216519,6.0,6.0,6.0,8
11,0.2,126,1.3342990005730886,1.3995482690000844,13.528549821786154,11.209108554613652,14.59070869209168,10.489833669215484,3.0,3.0,3.0,4
11,0.2,127,1.0423586930872675,1.5904577202185741,13.353094478070762,9.966773680597937,12.768896594655166,8.876657809282538,4.0,4.0,4.0,4
11,0.2,128,0.0,0.0,5.628052871388713,4.444444444444445,6.719205979106933,5.091836734693878,4.0,4.0,4.0,2
11,0.2,129,0.699947096220471,0.9405206977873027,10.930502581220141,8.565520864888246,12.419783557911385,9.250762534079303,4.0,4.0,4.0,3
11,0.2,130,0.0,0.0,7.966567651719136,7.1111111111111125,8.822351286181153,7.375000000000002,2.0,2.0,2.0,3
11,0.2,131,0.0,0.0,8.29344623904196,7.1111111111111125,8.770319397786874,7.2200000000000015,4.0,4.0,4.0,2
11,0.2,132,0.0,0.0,9.650940183949276,7.111111111111114,11.508746169359512,8.180000000000003,5.0,5.0,5.0,3
11,0.2,133,0.8683107520738849,1.1348256405999273,14.414961570142907,11.205354439137727,14.340504124016137,10.486320450771252,4.0,4.0,4.0,4
11,0.2,134,0.9267886579644249,1.1781359909275202,14.351342179560119,10.575170459241509,15.176544354884827,10.4511155750081,4.0,4.0,4.0,5
11,0.2,135,0.0,0.0,6.693206547583112,5.3333333333333295,7.990869041502288,6.010204081632649,4.0,4.0,4.0,3
11,0.2,136,0.4044640254051585,0.47436489616495,10.568369996056862,7.818286882898605,11.889416245563972,7.546818588353517,4.0,3.0,3.0,4
11,0.2,137,0.0,0.0,13.241946783834472,9.777777777777777,15.759011048530281,11.136363636363637,4.0,4.0,4.0,4
11,0.2,138,0.4504636004833007,0.5656960228285475,9.442954874025135,7.773613038675034,10.623324233278279,8.259463853592225,3.0,3.0,3.0,3
11,0.2,139,0.729481650091198,1.031323500583436,12.916523761959041,10.257262038839174,14.771272525298201,9.636051308439434,4.0,4.0,4.0,3
11,0.2,140,0.9719830093427675,1.404653972589147,14.597550803049955,11.684502867862337,14.522150230720152,10.89860968869642,4.0,4.0,4.0,5
11,0.2,141,0.6720654434577449,1.0087498479415629,11.665212242150284,8.888888888888875,13.12336377241907,9.388888888888875,3.0,3.0,3.0,4
11,0.2,142,0.3595674174300385,0.4231879177511283,9.062874293729486,6.927718314800866,10.036425243251209,6.3323675221226665,4.0,3.0,3.0,4
11,0.2,143,0.0,0.0,15.47971051767499,10.666666666666673,18.422134830952054,12.103305785123975,4.0,4.0,4.0,5
11,0.2,144,1.0737849594543751,1.3150821058262467,13.783117549619671,9.434042864169482,13.18010615682381,8.442396313106213,5.0,4.0,4.0,5
11,0.2,145,1.2280026256012866,1.648893222929502,14.751526400574893,11.179959379179566,15.909704093182011,11.398068090844268,4.0,4.0,4.0,4
11,0.2,146,0.3660885353399154,0.4198502979975225,9.381487472988077,7.111111111111105,9.642084347237745,6.919753086419748,5.0,5.0,5.0,3
11,0.2,147,1.191538022632942,1.8218383412918189,15.914268689545457,13.251214993207412,17.163736065997377,12.293393764843797,5.0,4.0,4.0,6
11,0.2,148,1.4573695359942498,2.6247279355698887,19.81198272561426,12.4823523595216,21.367468972666618,11.580105880538879,7.0,6.0,6.0,7
11,0.2,149,0.44647839761290625,0.5390103674569501,10.659634174138615,7.111111111111117,11.992088445905942,7.611111111111118,5.0,5.0,5.0,4
12,0.2,100,0.7145311798163289,0.9582399792663565,14.152667656928596,12.444444444444436,15.479480249765654,12.069444444444436,3.0,3.0,3.0,4
12,0.2,101,1.1999656313352682,1.7438099821608748,15.927610454548843,9.429570960236141,16.8434480556854,9.393138526980684,5.0,4.0,4.0,6
12,0.2,102,1.5260163604219754,2.211722374869857,16.09906282868463,12.221064254553212,16.015906512420763,11.366347260717207,5.0,4.0,4.0,5
12,0.2,103,0.28532594926958954,0.34316578964751815,14.270645272715553,11.326720580558371,14.605113521294822,11.020409026396637,4.0,3.0,3.0,4
12,0.2,104,0.8382183115192239,1.2872172674777662,19.531064929432766,12.184142055496435,22.430207379895442,13.340003746029023,6.0,5.0,5.0,6
12,0.2,105,0.0,0.0,11.129515906054381,8.888888888888891,13.245043722907695,10.169421487603309,5.0,5.0,5.0,3
12,0.2,106,0.0,0.0,15.358461011771762,9.777777777777775,18.238172451478967,11.194444444444443,7.0,7.0,7.0,4
12,0.2,107,0.0,0.0,8.550575700050166,7.1111111111111125,10.196561522309825,8.180000000000001,4.0,4.0,4.0,2
12,0.2,108,0.0,0.0,10.79029981913425,8.000000000000004,11.637472118983634,8.309917355371905,6.0,6.0,6.0,3
12,0.2,109,1.959106700842801,3.8457653119815505,20.07893124579616,13.504319448414794,22.962166207744158,13.463360833384963,7.0,6.0,6.0,7
12,0.2,110,0.46133771663937234,0.5085909282280744,12.455710833787064,10.499740285689562,12.391373484438992,9.863844341217918,3.0,3.0,3.0,3
12,0.2,111,0.5165798684805895,0.678085329343093,14.739146846659871,10.27336588492979,15.084595600878464,10.032583872001746,5.0,5.0,5.0,4
12,0.2,112,0.43615647504858834,0.5152841315434638,13.55332466863322,11.330229203634449,13.870980715554312,11.023822764834238,4.0,4.0,4.0,3
12,0.2,113,0.5326670832445624,0.7115439517075841,13.724752372009597,9.475812527659444,15.695558756006843,10.3519336239668,5.0,5.0,5.0,4
12,0.2,114,1.447175989478196,2.2570785661967268,17.82252479963125,13.921045604550244,18.240240224622607,12.531278680311818,5.0,5.0,5.0,7
12,0.2,115,0.7539454877147722,1.112904743813857,15.011745356195362,11.816601737887758,17.240051307505613,10.445031893311501,5.0,4.0,4.0,4
12,0.2,116,0.8777472315627861,0.9538126795365602,15.243721722777266,10.443732751034503,15.16498349073813,9.773571101601862,5.0,4.0,4.0,5
12,0.2,117,1.5493874717066813,2.0974768001475113,12.952540611526707,11.54434639910033,13.697311696689493,11.373242693542236,4.0,4.0,4.0,5
12,0.2,118,0.948586071619218,1.1325917226084474,17.442259839213715,13.302495558003898,17.85106280419529,12.834829698542825,5.0,5.0,5.0,5
12,0.2,119,0.5665182803108963,0.8499564483186182,17.785440756404753,12.916333522845328,20.425467118683585,13.400696029952027,5.0,5.0,5.0,5
12,0.2,120,0.0,0.0,12.637989189530296,10.666666666666671,15.040251597457544,12.103305785123972,4.0,4.0,4.0,4
12,0.2,121,1.831113944159376,3.2798470347826427,15.967119479617843,13.104985857320706,19.040789979444277,13.479230926160607,5.0,4.0,4.0,6
12,0.2,122,0.5711037010853242,0.9274020376923131,19.107162611063167,12.78321153551162,21.943382061142856,13.961663848941598,6.0,4.0,4.0,6
12,0.2,123,1.465201902623922,2.1485689902634575,19.343212622871857,13.333333333333343,19.796569168720417,12.895833333333341,5.0,4.0,4.0,5
12,0.2,124,0.0,0.0,10.828427124746197,8.000000000000012,12.933954621224625,9.05555555555557,3.0,3.0,3.0,4
12,0.2,125,2.7930418965638824,3.8166813820733023,18.44883520388221,16.419707662022446,18.353541633614228,15.399116259292917,6.0,6.0,6.0,8
12,0.2,126,1.407612532679427,1.5815010768288593,16.851718102679328,12.702155436725944,18.431566674805516,11.193774478614738,4.0,4.0,4.0,5
12,0.2,127,1.1085352598877993,1.6274012566556921,15.75966938785362,11.645670306367634,15.678266136883302,10.862388983739676,5.0,5.0,5.0,5
12,0.2,128,0.5909481659079,0.8364210860124878,10.488378315499943,7.556407492370749,10.779722157597165,7.294032232218988,4.0,4.0,4.0,4
12,0.2,129,0.4901380163708565,0.5969395521220524,13.470726545527105,10.429744713787478,14.733607159170273,10.918638997246266,5.0,5.0,5.0,3
12,0.2,130,0.0,0.0,11.476106529911563,9.777777777777763,13.039726044612017,10.509999999999986,2.0,2.0,2.0,3
12,0.2,131,0.30647015384408244,0.3816315126025122,12.018553735709924,9.777777777777779,12.96215919429872,10.045454545454547,2.0,2.0,2.0,3
12,0.2,132,0.0,0.0,9.650940183949274,7.111111111111111,11.50874616935951,8.18,5.0,5.0,5.0,3
12,0.2,133,1.4825859700197659,2.1031519163108694,17.36341379459281,13.383680294842708,16.27820043243076,12.913160284477145,5.0,5.0,5.0,5
12,0.2,134,0.8736722253422712,1.1141692375427938,15.853830044378766,11.623557333537878,15.771940426380946,10.841763317191967,5.0,5.0,5.0,5
12,0.2,135,0.0,0.0,6.6932065475831015,5.333333333333339,7.990869041502275,6.01020408163266,4.0,4.0,4.0,3
12,0.2,136,0.3643530546445515,0.407617150964672,11.75591926889321,8.734926499936032,12.431884626854568,8.745845158060954,4.0,4.0,4.0,4
12,0.2,137,0.0,0.0,15.294572333270265,11.555555555555554,18.162304645758443,13.138888888888886,4.0,4.0,4.0,4
12,0.2,138,0.39737940260848653,0.40861612775876505,10.578483982313507,9.126026953631376,11.186746811296535,9.0907673040378,3.0,3.0,3.0,3
12,0.2,139,0.919561401296153,1.6161104845942131,17.060558751085058,13.15947090929869,19.592985440699245,12.696833260143658,5.0,5.0,5.0,5
12,0.2,140,1.1865966042351586,1.781879869892848,17.308639848905997,14.124348540741245,17.71431109536473,13.59858005186255,5.0,4.0,4.0,6
12,0.2,141,0.4590250882203569,0.6383619795525443,14.285941125774231,10.66666666666667,15.407564602591219,10.91322314049587,3.0,3.0,3.0,4
12,0.2,142,1.2025652147559092,1.4288121727295164,12.046997309453326,9.81111350942375,12.381636123604808,9.317151197317347,4.0,4.0,4.0,4
12,0.2,143,0.0,0.0,17.033250670651864,12.444444444444438,20.22698517139909,14.111111111111102,5.0,4.0,4.0,5
12,0.2,144,1.046926436422703,1.301679137077759,15.58723061591089,10.343404627606471,15.506718061076642,9.716976842179374,5.0,4.0,4.0,5
12,0.2,145,1.3119946128522573,1.866854557618844,18.461063199076047,12.968087509441725,20.191787873989426,13.45439079104579,5.0,5.0,5.0,6
12,0.2,146,0.355665782614194,0.4006081496264016,11.432514585177179,7.999999999999995,10.932342072075677,7.249999999999996,6.0,6.0,6.0,4
12,0.2,147,1.2755488202531327,2.0427693179544413,19.386140385046534,14.926426940870227,21.203591046144645,15.392877782772423,6.0,5.0,5.0,7
12,0.2,148,2.0995102834723216,2.647489483025852,21.67685329582307,15.029451249021545,22.184904544943922,14.417643817420748,7.0,6.0,6.0,7
12,0.2,149,0.8655558956848785,1.0499439296623436,11.954471143782117,8.888888888888886,11.431463031241652,7.999999999999997,4.0,4.0,4.0,4
13,0.2,100,0.7416545715169258,1.0130245872409263,16.841891768726992,13.927368816718737,18.61078868526489,12.820300090741117,4.0,3.0,3.0,4
13,0.2,101,1.1022129674036538,1.2557168924914461,17.726782436085212,11.085757909234578,19.118554610819178,11.302028853824304,5.0,3.0,3.0,6
13,0.2,102,1.5429990667320783,2.2425244332730605,19.572459836279343,13.152074513567314,18.349181096511888,11.66202695876291,6.0,5.0,5.0,6
13,0.2,103,0.5141244233434487,0.7230642418757723,15.998555365901241,13.743883132922406,17.678877009361283,14.481206375144875,4.0,4.0,4.0,4
13,0.2,104,0.8382183115192148,1.2872172674777649,19.531064929432784,12.184142055496428,22.430207379895467,13.340003746029014,6.0,5.0,5.0,6
13,0.2,105,0.0,0.0,14.708790857829538,11.555555555555559,17.466689143672575,13.138888888888895,3.0,3.0,3.0,4
13,0.2,106,0.0,0.0,15.358461011771775,9.777777777777777,18.23817245147898,11.194444444444445,7.0,7.0,7.0,4
13,0.2,107,0.19539305662547857,0.21255866696963244,11.591043419323563,9.777777777777787,10.866603205615842,8.750000000000009,3.0,3.0,3.0,3
13,0.2,108,0.0,0.0,13.82422352822353,10.66666666666667,16.416265439765443,12.166666666666668,5.0,5.0,5.0,4
13,0.2,109,1.9591067008428003,3.8457653119815505,20.07893124579612,13.504319448414773,22.962166207744115,13.463360833384963,7.0,6.0,6.0,7
13,0.2,110,0.4613377166393742,0.5085909282280746,12.455710833787066,10.49974028568958,12.391373484438995,9.863844341217936,3.0,3.0,3.0,3
13,0.2,111,0.5835835111873576,0.8101583141443693,16.111182701367024,12.049237760637201,18.554076528127556,12.756162873337306,4.0,3.0,3.0,4
13,0.2,112,0.4398332934139648,0.5335218275598446,15.03079959480785,13.075070926945557,15.708964369425662,13.023815101566258,4.0,4.0,4.0,4
13,0.2,113,0.7189234211845011,0.8520525246782314,17.180243004122712,12.512138231488663,17.955387104160796,11.546889697802078,5.0,5.0,5.0,4
13,0.2,114,2.210483013728567,3.405674532182366,21.67456780432069,16.480563193013133,23.951038683176854,15.032593170296481,6.0,6.0,6.0,6
13,0.2,115,0.807856273643577,1.2025681435834605,16.451408899830025,13.383614001903416,18.945890278872298,12.319767650374528,5.0,5.0,5.0,4
13,0.2,116,1.375796593173804,1.6422463150016813,16.848312462300544,12.731861386927136,17.243194785635716,12.284256885042979,5.0,5.0,5.0,5
13,0.2,117,1.7043262188773547,2.2681107372103386,16.28002088600123,13.362553043403288,17.55820434399306,12.396684104089628,4.0,4.0,4.0,6
13,0.2,118,1.2413739960356962,1.5988015544647296,19.29539110829419,14.816934657577358,20.1659671864051,13.581276830179545,5.0,5.0,5.0,5
13,0.2,119,0.578651636072641,0.6970291249503653,19.311480722383887,14.118365646199656,21.339757543817697,14.846581904186504,5.0,5.0,5.0,5
13,0.2,120,0.5441459999637767,0.7620087134557623,14.99395041280135,11.904912581754068,17.219614927201548,12.383234962270972,4.0,4.0,4.0,5
13,0.2,121,0.9477714134207853,1.8507128369215502,19.160551496565738,14.788961908221383,22.00469585933721,16.059888322209158,5.0,4.0,4.0,6
13,0.2,122,0.7636450349309127,1.2215587766809615,20.848560171675246,14.960980352630145,23.038275811008,14.808825411913679,6.0,6.0,6.0,7
13,0.2,123,1.625606305261483,2.202705625342525,22.517966235983597,15.619996676421723,21.88506481810832,14.317367515721614,6.0,5.0,5.0,6
13,0.2,124,0.8281958561216065,1.055589497206294,19.489590544080478,12.653168188530088,18.27149113507545,11.150604466142141,6.0,4.0,4.0,6
13,0.2,125,1.8443424448036998,3.496751051473687,20.384409284125272,17.4946203793421,22.295447654512017,16.860540034982108,6.0,7.0,6.0,10
13,0.2,126,2.260237309087704,2.455247892596088,18.60295121477673,15.803599163739069,18.080087201343655,14.45966571725869,5.0,5.0,5.0,5
13,0.2,127,1.4889122789081621,2.6115747968085543,18.114565220059244,14.376759829141156,18.539125342404382,13.81516764831533,7.0,6.0,7.0,6
13,0.2,128,1.0754421861623311,1.5090196300834058,12.471112148716095,10.296734820205147,11.925500992209766,9.17052944924521,4.0,3.0,3.0,5
13,0.2,129,0.4995151336205319,0.6172948086102836,14.636506024973142,11.310459359924169,16.17377219031795,11.331373670870773,5.0,5.0,5.0,3
13,0.2,130,0.0,0.0,13.771327835893903,10.666666666666663,14.094093332047667,10.41666666666666,3.0,3.0,3.0,3
13,0.2,131,0.36035076872332444,0.42408295209665486,13.487392888498963,11.427546941117676,12.64443083296778,11.118508712541777,3.0,2.0,2.0,3
13,0.2,132,0.0,0.0,11.056455888210747,9.777777777777775,13.158096263655766,11.136363636363635,3.0,3.0,3.0,3
13,0.2,133,1.6753068318200475,2.600172615451616,21.20591827140777,15.788311997720827,20.60989394129424,14.445678567363418,6.0,5.0,5.0,6
13,0.2,134,0.9244415452771255,1.1724733342928089,18.434070185170267,13.751384222653222,18.866118705135193,13.239499056276884,5.0,5.0,5.0,5
13,0.2,135,0.0,0.0,10.397382487031992,8.0,12.419095748399323,9.055555555555555,4.0,4.0,4.0,4
13,0.2,136,0.3524505979904222,0.4153767757863148,14.74572316130921,11.354330152386776,13.824115463727386,10.07150919767,4.0,4.0,4.0,4
13,0.2,137,0.0,0.0,17.670768475902122,14.2222222222222,20.93829223254083,16.121301775147902,5.0,5.0,5.0,4
13,0.2,138,0.41828515401509003,0.4365264716859514,13.16783662319034,11.67447796571704,14.402321306614434,12.143541812553885,4.0,4.0,4.0,4
13,0.2,139,1.038824700605733,1.9144855266139542,19.40178101491346,14.906561089697266,22.343619112588947,13.663428868644482,5.0,5.0,5.0,5
13,0.2,140,1.1865966042351608,1.7818798698928477,17.308639848905997,14.124348540741217,17.714311095364735,13.598580051862522,5.0,4.0,4.0,6
13,0.2,141,1.2923774245173278,1.5091346256052658,16.70430567248562,13.676514288304963,15.660286567955271,12.020373886205535,4.0,3.0,3.0,5
13,0.2,142,1.7169048622339207,2.38732672436902,16.047451385660995,13.269475783469318,15.964561657429277,12.310334632927356,4.0,4.0,4.0,5
13,0.2,143,0.0,0.0,18.64303500569,13.333333333333332,22.090341774493627,15.144970414201183,5.0,5.0,5.0,5
13,0.2,144,1.0233208808086744,1.1360604750016758,17.99251679235335,11.681554452772176,18.414216404674132,11.329543325289084,5.0,4.0,4.0,5
13,0.2,145,1.6508170378214655,2.828438149824968,21.784515072790303,15.83800949135312,24.072533667713543,15.650885702789367,6.0,6.0,6.0,6
13,0.2,146,1.4076701888804026,1.813790954283059,19.711606014707698,12.966653723999558,20.17359678067741,12.541185398680824,4.0,4.0,4.0,6
13,0.2,147,1.28170052737977,1.937438499690072,21.103573758523204,16.439101133842016,23.320073369255674,15.016790590105947,6.0,5.0,5.0,6
13,0.2,148,1.1329800492941293,2.365790299484499,23.54770634398866,15.927102831762602,27.901941984519105,15.71535011475008,6.0,6.0,6.0,7
13,0.2,149,1.2140652882892329,1.610047087334781,19.48570649073592,12.84629853308838,18.938031308303994,11.85527121282128,6.0,6.0,6.0,5
14,0.2,100,0.8452580457509935,1.3121769391270435,19.37227935483876,16.130653446439297,21.571428414252857,16.309870897123083,5.0,5.0,5.0,5
14,0.2,101,1.0527359152665725,1.1948449875894946,19.51879177650552,12.929790638728432,19.97626345876737,12.505531883395156,4.0,3.0,3.0,6
14,0.2,102,2.0734508914526546,3.149455762611023,23.97725398964118,15.609629374100077,23.303337087565467,14.259084702476294,7.0,7.0,7.0,7
14,0.2,103,0.537792899211968,0.7565597978084546,19.186254739490348,14.603389913331098,21.364286208641676,15.570886408939693,5.0,5.0,5.0,5
14,0.2,104,0.9005970823659954,1.3790839250744868,21.43254743753793,13.08009935141632,24.682305000182364,14.421970490500229,6.0,5.0,5.0,6
14,0.2,105,0.7805413163881284,1.1313105744422511,17.00464001683299,13.585414168855857,18.79063031445894,12.505526980276548,4.0,4.0,4.0,4
14,0.2,106,0.0,0.0,16.641784461958196,10.66666666666667,19.719037505959342,12.215976331360949,7.0,7.0,7.0,4
14,0.2,107,0.34508765982747824,0.4044677991844773,13.131867508600251,11.555555555555545,13.724355613648045,11.576923076923068,3.0,2.0,2.0,3
14,0.2,108,0.0,0.0,15.240035838142028,12.444444444444455,18.05808980229551,14.16863905325445,4.0,4.0,4.0,4
14,0.2,109,2.1831197107713063,4.186625739556348,23.952109533693662,17.865062857316424,23.278899354492214,17.13498070002633,7.0,7.0,7.0,8
14,0.2,110,0.43169393852500826,0.4741968788783207,16.01587638398526,12.514848117628006,15.565726012246028,11.549390529855373,4.0,5.0,4.0,4
14,0.2,111,0.6186060189981238,0.854926397750298,19.512799383006442,12.922543231910765,22.51189673715475,13.835692332737114,4.0,4.0,4.0,5
14,0.2,112,0.4918214923849038,0.637925980140955,18.059123908286928,14.755954602671991,19.176301854143965,14.97129322588776,4.0,4.0,4.0,5
14,0.2,113,0.7615030397093236,0.8885918084909863,20.26832165451557,13.391779637729371,20.242469203425628,11.77011882222308,5.0,5.0,5.0,5
14,0.2,114,2.627537196538472,4.891392794928939,24.48549684374992,19.73074515795657,28.24889272343343,18.54693916658192,8.0,8.0,8.0,8
14,0.2,115,0.8883851153142329,1.4871651874777605,20.408497394398417,15.68456390974298,23.545262618920116,14.868536987747088,6.0,6.0,6.0,6
14,0.2,116,1.5813849886853633,1.994848496517527,19.049123460244548,15.01620581169451,19.908588350092863,15.738431063965942,6.0,6.0,6.0,6
14,0.2,117,2.184710370866843,2.457633068223636,20.498817868511562,16.23936240308496,20.9792589123048,15.554264301704812,5.0,5.0,5.0,7
14,0.2,118,1.5520366565952917,2.0564969841179526,23.006095590236356,17.400966058327814,24.42930430978542,16.42539009714953,6.0,7.0,6.0,8
14,0.2,119,0.5960222338872402,0.7318194973288996,21.517866425326577,15.907727362943994,23.960583404732276,16.08446802342783,5.0,5.0,5.0,6
14,0.2,120,0.5422190573371807,0.7522425155406122,16.289190299803302,12.756101991293306,18.00003720998974,11.772032880574452,5.0,5.0,5.0,5
14,0.2,121,1.0396113611960753,2.099475126890705,23.97007671092524,17.735957752724158,27.6542530421325,17.861409216420377,7.0,8.0,6.0,6
14,0.2,122,1.3752822520288626,1.8469160900807982,22.479129874646848,16.732061426485746,22.450457515112863,14.588266056217261,6.0,6.0,6.0,7
14,0.2,123,1.6021534710672571,2.0330052182776988,24.520475503255224,18.861626021391665,22.659546558811748,17.80415893171833,6.0,5.0,5.0,6
14,0.2,124,0.8281958561216053,1.0555894972062947,19.489590544080468,12.653168188530092,18.27149113507544,11.150604466142145,6.0,4.0,4.0,6
14,0.2,125,2.0450664131945397,4.057514774471386,22.73115420576511,18.93470275846136,26.177815901165886,17.388806865853628,7.0,7.0,7.0,10
14,0.2,126,2.3379823241619797,2.646803205066948,20.638949713764386,17.00387884634132,20.612624522802953,16.071268144309844,6.0,6.0,6.0,5
14,0.2,127,1.6059860310210627,2.39300470922965,19.66487681606244,16.371640702287298,21.730270682838228,14.95516683309347,7.0,6.0,7.0,6
14,0.2,128,0.0,0.0,14.965334578459295,11.555555555555571,17.771334811920415,13.138888888888905,4.0,4.0,4.0,6
14,0.2,129,0.7044295556427531,0.8785171405329141,16.07378668899135,13.094497756459917,14.853901092058972,11.539526147880304,4.0,4.0,4.0,3
14,0.2,130,0.0,0.0,16.619514834785754,13.33333333333335,17.369359808840443,13.281065088757416,3.0,3.0,3.0,4
14,0.2,131,0.34497173822204136,0.4052687304983277,14.622382099003705,12.306769396704553,14.211397986753601,11.390328596585414,3.0,3.0,3.0,3
14,0.2,132,0.6935203763140864,0.9551074799296144,14.202349661360742,11.788825093965459,15.533819942113311,11.43358148064284,4.0,3.0,3.0,5
14,0.2,133,1.9600791329470613,3.3454178412842173,24.85401440729863,19.542173220442287,27.67545226731085,18.404913458729688,7.0,6.0,6.0,7
14,0.2,134,1.2758510019721845,1.8620635640316296,20.50272204836435,16.195412067838443,21.427770898179606,15.980092147779718,6.0,6.0,6.0,6
14,0.2,135,0.0,0.0,13.863176649375983,9.777777777777779,14.188094852095734,9.590277777777779,6.0,6.0,6.0,4
14,0.2,136,0.7960067659973088,0.9210914265949853,16.420745423715918,12.839962249241696,15.959215596717984,11.849423741404486,4.0,4.0,4.0,4
14,0.2,137,0.0,0.0,17.67076847590213,14.222222222222216,20.93829223254084,16.12130177514792,5.0,6.0,5.0,4
14,0.2,138,0.6144371943778135,0.6711574582251448,15.26251188509491,13.148434381010835,16.865527186635944,13.853813361186644,5.0,5.0,5.0,4
14,0.2,139,1.1621198733939557,2.462161292179882,24.357372813340078,17.959929556075167,28.101076160288393,16.95301560195152,6.0,6.0,6.0,7
14,0.2,140,1.8763179263503664,2.9841210206748165,22.223641951706394,18.603820314545374,23.598446332647416,17.560806965509812,5.0,5.0,5.0,7
14,0.2,141,1.6158386735157735,2.50585517453022,20.197243601595236,16.384038880041576,22.31855173134858,14.966492320875258,5.0,5.0,5.0,6
14,0.2,142,1.9265437729109816,3.2364398019778244,19.261367575505346,15.87476138857177,22.12047682499442,14.956210455793391,5.0,5.0,5.0,7
14,0.2,143,0.0,0.0,18.643035005689942,13.33333333333334,22.09034177449356,15.14497041420119,5.0,5.0,5.0,5
14,0.2,144,1.1917479853618422,1.4459149802853475,21.41469364908217,12.898851713755754,22.380889146562954,11.873538496216783,6.0,5.0,5.0,6
14,0.2,145,3.733023506785434,5.085176132945639,27.30363294804971,20.6470177268475,27.26880688561597,19.40823717936249,8.0,8.0,8.0,8
14,0.2,146,1.025410235997936,1.583345573402227,23.554192306759134,14.747969000746323,26.228073831378477,14.963191087379368,4.0,4.0,4.0,6
14,0.2,147,1.4042616150685427,2.038434176817215,23.125180866191908,17.840837436923987,24.555756468245875,16.840600319489766,7.0,6.0,6.0,8
14,0.2,148,1.2068598727219957,2.60455734597427,25.664825331687297,17.61817737314574,30.346037094992504,19.360791623991442,6.0,6.0,6.0,7
14,0.2,149,1.6398103943489875,2.037180235009777,21.080550553048575,15.077098432017126,19.48068734143328,13.192461128014987,5.0,5.0,5.0,5
15,0.2,100,0.8736689917693045,1.3548678732051653,22.681034950673705,18.57248346340378,25.402759144754548,16.818650081802808,5.0,6.0,5.0,5
15,0.2,101,1.6985560640756616,2.0887890329316248,23.680233071969454,16.66646746862989,23.650028693051127,15.77468390956226,5.0,5.0,5.0,6
15,0.2,102,2.1774098404757467,3.2274063473085657,28.725457189589264,18.378694940028797,28.688817575827034,16.772143238418668,8.0,7.0,7.0,8
15,0.2,103,0.5647343399425502,0.8767073034615581,23.645028673834535,18.02500092224923,26.482432114694678,18.507813446952337,6.0,7.0,6.0,6
15,0.2,104,0.9602393514893557,1.4708656513272413,23.910196110221385,13.975542280624348,27.585168854203115,15.49186187915191,6.0,6.0,6.0,6
15,0.2,105,1.052812981292294,1.216371326838127,18.62092986488884,15.412623490378436,17.20773429478567,15.609213075714898,5.0,5.0,5.0,4
15,0.2,106,0.0,0.0,19.211639288510746,13.333333333333345,22.669734360442682,15.233333333333347,7.0,7.0,7.0,4
15,0.2,107,0.61244352841479,0.6612640064797639,15.719626352531066,13.983211797218502,14.526618995419332,12.289932243649075,3.0,2.0,2.0,4
15,0.2,108,0.0,0.0,17.8767940048449,13.333333333333329,21.13748474807554,15.193877551020403,5.0,5.0,5.0,4
15,0.2,109,2.183119710771314,4.18662573955635,23.95210953369369,17.865062857316442,23.278899354492243,17.134980700026333,7.0,8.0,7.0,8
15,0.2,110,0.7835780123290101,0.9034619980557681,17.74344293399644,14.19299839312401,17.72081099147859,13.504007549760322,5.0,5.0,5.0,4
15,0.2,111,1.3485012881762084,1.74139459002023,24.185713802293993,16.66823319238663,27.087999458569275,16.220274425341245,5.0,5.0,5.0,6
15,0.2,112,0.5115705433599089,0.6667087245307689,19.802292535592777,15.628900166360955,21.287464475762235,16.117303296559733,5.0,5.0,5.0,4
15,0.2,113,0.9472582114036179,1.2410636125320695,22.139465715480995,15.48838967362335,23.79992564414207,15.095066093753704,6.0,6.0,6.0,5
15,0.2,114,2.520667316389051,4.821888344229941,28.500423579872237,20.686479454982848,31.920474409456908,20.194392404394947,8.0,8.0,8.0,7
15,0.2,115,1.8630026085912044,3.494328131011501,26.03725689934018,19.90904562557011,30.07303171873791,19.26200164273908,8.0,8.0,8.0,8
15,0.2,116,1.6960404040856671,2.078340503724356,20.615513016993305,15.947891949245921,21.89083493194761,16.101471776053074,6.0,6.0,6.0,6
15,0.2,117,2.540428140137413,2.7668167348094084,22.566735874770185,18.69246063582866,21.932463712609486,17.006616609163448,6.0,6.0,6.0,7
15,0.2,118,2.0107221193476734,3.1912653935906015,26.85226154362697,21.729679162561272,30.074532928862205,19.57481931227394,7.0,7.0,7.0,10
15,0.2,119,0.6378115487700876,0.7703265430478706,23.841518643452364,16.822466976929732,26.70250088066665,16.370363176924744,5.0,5.0,5.0,5
15,0.2,120,0.6180194105873381,0.7861518187873268,19.104640616261996,15.329025046246164,18.244931788530206,13.968574073391816,5.0,5.0,5.0,4
15,0.2,121,1.8147571478721325,2.5867729571253033,25.870324743150398,20.442200846655787,26.387731238013405,18.43139589798955,8.0,7.0,7.0,7
15,0.2,122,1.64615405409579,2.181665421369664,24.54048820147939,19.387894199087043,26.381024816590347,19.862054655042975,6.0,6.0,6.0,8
15,0.2,123,1.7099803023757323,2.1201494402672503,28.54651039439239,19.752844409220735,27.261917426644732,19.149523835417366,7.0,5.0,5.0,7
15,0.2,124,1.2081062282389545,1.7603022213977324,21.302309802837524,15.834959191224318,22.263434727373838,15.64787144151486,6.0,5.0,5.0,6
15,0.2,125,2.4196367629130835,4.906351595459043,25.54438312688334,21.477292442273583,28.44419192572596,20.15550754388111,9.0,8.0,8.0,11
15,0.2,126,2.2655352990314475,2.4857945601210263,23.022079323040014,19.26645826163353,23.482520909500817,17.406040885744545,7.0,6.0,6.0,5
15,0.2,127,1.1476524946918423,2.1910694256894874,23.064161615438664,18.054842009764204,26.639106665831658,18.516471492968407,7.0,6.0,6.0,8
15,0.2,128,0.0,0.0,19.686080626828435,15.111111111111104,23.229575139657555,17.19777777777777,6.0,6.0,6.0,6
15,0.2,129,0.6767369321146711,0.8271424947889384,17.94004015933945,13.967536888996426,17.132738352169174,12.782478681070636,5.0,5.0,5.0,4
15,0.2,130,0.0,0.0,18.644177737648405,16.000000000000018,22.04483770765315,18.13265306122451,4.0,4.0,4.0,5
15,0.2,131,0.5337147373812074,0.791585538405267,17.42228748087755,15.468232841899425,19.400072666844515,16.46459222776157,5.0,5.0,5.0,4
15,0.2,132,0.7457908322140012,1.081984475085953,15.805142132208319,13.349370424936264,16.51824395917926,13.26575172612992,5.0,5.0,5.0,6
15,0.2,133,2.9426126579017784,3.680330516677118,27.013429495956306,22.378988782325234,29.03943670815303,22.845217715290342,7.0,7.0,7.0,8
15,0.2,134,1.931771628879753,3.1170676265787693,23.069890870232616,19.38432663872299,24.49704610901614,19.461962844903592,9.0,8.0,7.0,7
15,0.2,135,0.6313676050555349,0.8575426725989581,20.505469254784767,13.818375337579381,23.657138955296965,12.145056449044379,5.0,5.0,5.0,5
15,0.2,136,0.8141276285461089,0.9764932205034272,19.04930116189962,14.673398079314792,19.43028718513761,13.398107158009637,4.0,4.0,4.0,4
15,0.2,137,0.0,0.0,21.431389242418195,17.777777777777768,25.34043090270621,20.091836734693864,7.0,6.0,6.0,6
15,0.2,138,0.6144371943778136,0.6711574582251434,15.26251188509494,13.148434381010832,16.865527186635976,13.85381336118664,5.0,5.0,5.0,4
15,0.2,139,1.2410138744782964,2.8859382842100794,27.5558403420005,21.22263634764324,31.82699559501058,22.63679855811601,7.0,7.0,7.0,10
15,0.2,140,3.8356530372174507,4.368891504549427,24.163015896905367,21.773545154650215,23.075680181544627,19.614335260147403,7.0,7.0,7.0,8
15,0.2,141,1.6158386735157795,2.505855174530222,20.19724360159524,16.384038880041526,22.318551731348588,14.966492320875215,5.0,5.0,5.0,6
15,0.2,142,2.4495049435292056,4.394405931639353,25.432908684400648,20.400363323227538,29.341920797245393,19.194035716512197,7.0,6.0,7.0,8
15,0.2,143,0.0,0.0,21.05578966612656,15.999999999999973,24.896322730228725,18.132653061224456,6.0,6.0,6.0,5
15,0.2,144,1.7136464371650826,2.13102253955503,23.21047111873037,16.097385879760658,23.180865925976892,15.236052540913773,7.0,6.0,6.0,6
15,0.2,145,4.124595218795306,5.680829834948085,30.206363933804802,24.154622197851488,34.88835034354455,23.4097347649809,9.0,9.0,9.0,10
15,0.2,146,1.5332544430784594,2.202154896869865,25.37949063160022,16.99792639139867,27.282952428970233,17.47599307115676,4.0,4.0,4.0,6
15,0.2,147,1.4983350880142023,2.1526351219329456,25.512919924229625,19.478912027014694,27.426388918546845,18.864108866162045,7.0,6.0,6.0,8
15,0.2,148,1.2727364241537276,2.71735563816191,27.741953712534443,18.487943414045713,32.04195653797728,20.419129677186795,6.0,6.0,6.0,7
15,0.2,149,2.2082764085571034,3.134242569470467,25.58549890246946,18.022941825614428,26.097208880518853,19.294788061262906,7.0,6.0,6.0,7
16,0.2,100,1.867183194543286,2.7424555794957715,26.993163792583857,21.751364651631523,30.367309266656843,20.25710210851877,6.0,6.0,6.0,7
16,0.2,101,1.9719547531399673,2.427455555584882,25.90676349257443,18.246879069863322,27.849770754517515,18.713418591535962,6.0,5.0,5.0,6
16,0.2,102,2.2238062207782834,2.9069153431289414,30.990291542376816,19.899400346228838,29.59572842296986,19.235449200061396,8.0,9.0,8.0,8
16,0.2,103,1.3981330625467123,1.6689772434484602,25.767745868015794,20.336256236925653,26.72397081233669,18.975871908576625,6.0,6.0,6.0,6
16,0.2,104,0.9836641339474448,1.3897435339182755,25.659160689450903,14.850235563924295,29.636330596315794,13.559575384765582,7.0,7.0,7.0,6
16,0.2,105,1.9562415703069458,2.2118434613859557,22.567303555984683,18.319604477382402,23.018649627104377,17.780425209241265,5.0,6.0,5.0,7
16,0.2,106,0.8966116510198552,1.0564134700715455,22.982229398025734,16.300315107637772,21.007194059132896,17.029623511276686,5.0,4.0,5.0,5
16,0.2,107,0.7505255365264704,0.8729815889881488,19.035433693364066,16.121282457758582,18.17883917716268,14.664003372432244,4.0,4.0,4.0,5
16,0.2,108,0.0,0.0,24.170672534630505,18.666666666666625,28.521393590864,21.12666666666662,6.0,6.0,6.0,6
16,0.2,109,2.3365866299341125,4.283447725438435,26.441563864096985,19.72577771478876,26.407837379576453,18.55934014481732,7.0,7.0,7.0,7
16,0.2,110,0.7539207115859933,0.8627187031594442,19.022489586814178,15.039929108495992,18.166477555407536,13.705135400116973,6.0,5.0,5.0,4
16,0.2,111,2.107569157396988,2.63207560220828,25.880726459304867,18.63308638995771,25.362606447180113,17.4056223302592,6.0,6.0,6.0,8
16,0.2,112,0.5115705433599126,0.6667087245307688,19.802292535592816,15.628900166360967,21.287464475762274,16.117303296559747,5.0,5.0,5.0,4
16,0.2,113,1.316069245382366,1.7867648034496666,26.47209196320701,18.241792955663378,24.19714656011891,15.837643612321873,7.0,7.0,7.0,7
16,0.2,114,2.710805337409252,6.059188151510147,32.65422198223813,24.936205995324027,37.74049972263557,23.121999602109536,9.0,9.0,9.0,10
16,0.2,115,2.4888542924304797,4.867877009851039,31.17144893140718,25.025104799242545,36.02676739289102,23.20443067078203,9.0,9.0,9.0,9
16,0.2,116,2.0759144474928726,2.9408044466654055,24.867492208371523,19.939991904025216,25.364842052538958,17.995842693382755,7.0,7.0,7.0,8
16,0.2,117,3.2507483479165886,4.097891836623517,26.68756577666274,23.011280979578697,26.653525514192506,21.579148564637467,8.0,8.0,8.0,11
16,0.2,118,2.141537038338029,3.5132934138158824,30.79934692181552,23.438326531671088,33.431127054294876,21.775717599863263,7.0,8.0,7.0,10
16,0.2,119,0.6569934957767392,0.8061831036475736,25.613931657413055,18.23725295335402,28.81567311458969,18.098012563262717,6.0,6.0,6.0,6
16,0.2,120,0.5844939054835985,0.7398779354899365,20.37843591206781,16.180730973014057,18.627164075874486,15.19812747565509,6.0,6.0,6.0,4
16,0.2,121,2.2453946320614415,3.570834413170155,30.236123786590692,23.4439632958434,32.81977694218316,21.765796782576487,9.0,9.0,9.0,8
16,0.2,122,3.2637770100461,3.633595508512888,27.625900703315477,22.914419811144143,27.07284312087606,21.304848051251415,7.0,7.0,7.0,7
16,0.2,123,1.9441398423513547,2.7454432919748597,33.43257749734434,22.131165765398926,36.28936512529125,20.610811867227554,8.0,6.0,6.0,8
16,0.2,124,1.2989895424536475,1.836668388278814,24.087510396347128,16.720455138492405,24.056786531045667,15.825782825916185,6.0,6.0,5.0,6
16,0.2,125,2.7959549990089747,6.4797428263428225,29.831724005962997,25.329553899943036,35.20143432703634,24.36818219510429,10.0,9.0,9.0,12
16,0.2,126,2.361185403971458,2.6342227466995176,26.302985814480504,20.96638264017287,27.279073178689742,19.526046332748138,8.0,7.0,7.0,6
16,0.2,127,1.25043194612359,2.694433559721616,26.161020750537617,21.120327146374887,30.23590630689577,23.381972755386112,7.0,7.0,7.0,9
16,0.2,128,0.0,0.0,22.43111202050834,16.88888888888892,26.41789169602838,19.203125000000036,6.0,6.0,6.0,6
16,0.2,129,0.9479369769515864,1.5274048293190454,22.862974708817905,17.788839217216548,24.816598035987404,18.534590638083397,5.0,5.0,5.0,6
16,0.2,130,1.0488713997456436,1.5042861432855756,22.531131497057554,17.96236595203993,22.981754126998705,16.266147076341614,6.0,6.0,5.0,7
16,0.2,131,0.5745207370558857,0.9372087889437924,21.558954471890257,18.85780739819689,24.146029008517086,18.302787839545417,6.0,6.0,6.0,6
16,0.2,132,1.5599435495240157,2.5156060250496264,22.89020500028761,17.828674294399814,24.306244467779898,16.829119097119865,8.0,7.0,7.0,7
16,0.2,133,2.533385306109018,3.7511924105441725,28.843279475010256,23.251048475123323,29.913635549278215,22.946137962196207,7.0,7.0,7.0,8
16,0.2,134,1.8190050684198862,3.2834782583871505,27.33119848185315,21.38024968449862,24.982423612318897,21.099872526247665,10.0,9.0,9.0,8
16,0.2,135,0.7096467249660959,1.0434443458994178,25.064779686428473,16.443178899668567,28.96891285047666,17.178879312505813,6.0,6.0,6.0,5
16,0.2,136,0.9581638972780632,1.1043257981771146,21.15211206280089,16.266183657627636,23.796126070651002,16.20766017612918,6.0,5.0,5.0,4
16,0.2,137,0.7969636184016742,1.054601630486903,23.031522384210387,18.07404290375459,25.795305070315635,19.329403057613195,7.0,7.0,7.0,7
16,0.2,138,0.6418401894666323,0.7323097551415412,18.37186973304503,15.692058051002927,20.457451883862646,15.866402546668946,5.0,4.0,4.0,6
16,0.2,139,1.3015031436565023,3.028682362127687,29.485441840916362,22.823774295995698,34.07814494016066,24.530462775718593,6.0,6.0,6.0,11
16,0.2,140,4.541307831747584,5.420689499837867,26.579248530579495,24.278307339920282,27.56558783151897,24.646101513084513,10.0,9.0,9.0,10
16,0.2,141,1.0625894102781601,1.9744356334986186,21.8035850393594,17.46450347655695,24.278736912449947,15.203474008609845,5.0,5.0,5.0,6
16,0.2,142,2.692965608444688,3.9083278787870963,27.271847691645632,22.59987501851768,27.81728464547854,21.810897238853357,7.0,8.0,7.0,9
16,0.2,143,1.7387258492112958,2.231084075320724,29.34229932585548,20.054379638349705,30.431173714900897,19.839735106282994,7.0,7.0,7.0,7
16,0.2,144,1.8882137243797308,2.593940756220099,26.88445024183409,19.761597570415056,27.882115387527158,19.55008672141921,8.0,8.0,8.0,6
16,0.2,145,4.314538394656498,6.014607785257576,32.89594661517351,26.680983205575117,37.007939942070195,24.712249121960618,10.0,9.0,9.0,10
16,0.2,146,1.5541219737416243,1.9936960419873913,27.10746916123338,18.628292126706036,28.113410399638525,18.486066174744323,5.0,5.0,5.0,6
16,0.2,147,2.1581157299825877,2.5056145494621918,30.31182944579344,21.479747396853643,31.43668249163343,21.198065441593563,8.0,8.0,8.0,7
16,0.2,148,1.3492760087499263,2.836676930947879,30.317261528932136,22.25323845027337,35.03953029247186,20.690109884465244,8.0,8.0,8.0,9
16,0.2,149,1.2897992217019398,2.5355272079145137,27.35035330307663,18.987693411445388,31.61049134198359,20.49045583157677,7.0,7.0,6.0,6
17,0.2,100,2.049162025827676,2.6001406225638086,28.946567216597572,23.50259539555117,31.66343792853602,21.057252289910803,6.0,7.0,6.0,7
17,0.2,101,1.9719547531399697,2.427455555584884,25.906763492574374,18.246879069863326,27.84977075451745,18.713418591535966,6.0,5.0,5.0,6
17,0.2,102,2.348578186176098,2.8316933967219464,33.21968366400794,21.705770461674966,32.55464116878122,21.42112447626796,8.0,8.0,8.0,8
17,0.2,103,1.4739854871675124,1.6798638125933754,27.43222620094025,21.25768311073019,27.444091350681145,20.338417039185728,7.0,7.0,7.0,6
17,0.2,104,1.1398982433778437,1.9958549810994848,31.041853542956527,18.17196412254285,35.87698600399322,16.995077774230083,9.0,8.0,8.0,7
17,0.2,105,2.440269233438669,2.9430065906725984,26.88255048371761,21.290527240905796,26.34437442422912,21.04422757180277,7.0,8.0,7.0,7
17,0.2,106,1.014737669291113,1.2541952021854375,24.50030404753882,18.733113159399924,24.510901064860423,16.886650772944837,5.0,5.0,5.0,5
17,0.2,107,0.9209166170000809,1.1639500408047656,22.547163092656376,18.646497687436003,20.60951626438122,17.438878718776152,5.0,5.0,5.0,6
17,0.2,108,0.9241463956459732,1.605968196410167,29.04200920781506,20.158578668628273,31.523626205553168,17.48126743920108,7.0,7.0,7.0,8
17,0.2,109,2.491307250547499,4.450884003461045,28.331018984511925,20.646514149615232,28.89763936420216,19.95763526404634,8.0,8.0,8.0,7
17,0.2,110,0.7946576747074503,0.923933786647877,21.74972294223829,17.611128927392087,21.31430368411731,15.331116700185076,4.0,4.0,4.0,6
17,0.2,111,2.261035346297977,2.991202645955545,28.72988691897524,21.05382432344523,30.196204676950618,21.190594326078738,8.0,8.0,7.0,8
17,0.2,112,0.5329972397160506,0.742724381539254,23.306905277315824,18.23799274587129,25.298462124742716,19.002573775465923,5.0,5.0,5.0,5
17,0.2,113,1.7002412459049112,2.4157360513601773,31.425205989005207,20.711858763893414,31.43879820612849,18.588886349504783,8.0,8.0,7.0,9
17,0.2,114,3.2801724990717704,5.8321281697520835,34.97889676697379,27.50457705673935,40.44056706666131,26.160817504062646,11.0,11.0,11.0,12
17,0.2,115,2.576155872056009,4.7449314784229255,33.53805942038537,26.4572230059522,37.86087157751117,25.155532211433577,9.0,10.0,9.0,9
17,0.2,116,2.3936543276378766,3.90732481646854,26.9657158354815,22.502422545054852,29.2699151866579,20.372353608916782,7.0,7.0,7.0,8
17,0.2,117,1.6292799835307428,3.3782057746124106,32.613565299752885,26.52394495844546,35.674613599945964,26.574527347973795,9.0,9.0,9.0,11
17,0.2,118,2.142614606696607,3.5214216000152208,32.77057112457818,24.284632574974914,32.784745247036916,21.72539783150924,8.0,9.0,8.0,9
17,0.2,119,1.2918792643867352,1.4414737459612297,30.00716289412824,20.08155134725346,30.02014177081255,19.213145852574225,6.0,6.0,6.0,7
17,0.2,120,1.597670300627206,2.2721072368098767,31.935120064271516,21.354505344354028,31.94893283246541,19.165661441651782,7.0,6.0,6.0,7
17,0.2,121,2.781746907038628,4.557979008446837,32.62982558123016,26.234225371779424,35.69240004106016,24.93110539054033,10.0,10.0,10.0,11
17,0.2,122,3.7503297241267433,4.5448429892082505,31.396106903107697,26.11130994665147,31.409686534121157,23.315062988500113,9.0,9.0,9.0,9
17,0.2,123,2.107512847112835,3.5543387084173026,38.96304837724525,24.984794465886086,42.62004729500574,22.351773197887322,9.0,8.0,8.0,9
17,0.2,124,1.9581197549603915,2.9908002953298833,28.853179848677584,19.706556161471944,27.55478675548709,17.785166935728427,7.0,7.0,7.0,8
17,0.2,125,4.011912645316839,6.284710653701915,33.11861908518279,28.465106272858115,34.347630340296995,26.338562688997136,9.0,9.0,9.0,13
17,0.2,126,3.170552108151287,3.5680245992749007,29.163154636735257,24.404989895553115,29.17576845794492,21.83307130210523,9.0,9.0,8.0,7
17,0.2,127,1.317618036056902,3.0293947290679273,30.093124023024565,24.265742501086837,34.79192063734631,24.353380455188944,8.0,8.0,8.0,8
17,0.2,128,0.0,0.0,24.13033521244533,18.66666666666664,28.367755669302085,21.209342560553605,5.0,5.0,5.0,5
17,0.2,129,1.0187285956897365,1.7763009230114721,27.80791469014537,20.009125268626192,31.39215282927311,21.03197496269443,7.0,7.0,6.0,7
17,0.2,130,1.3159060985275082,1.7009874141835364,25.624043518474423,19.889045435989807,23.421977278605528,17.228885608926173,6.0,6.0,6.0,6
17,0.2,131,1.4726748506787757,2.204035077406596,24.76613564351924,20.74300871635414,26.882382585714492,21.50575682082044,8.0,8.0,8.0,7
17,0.2,132,2.19142766948942,3.9001033895441584,25.43398187509688,21.541518369155526,27.341530515729147,19.405317797547603,9.0,8.0,8.0,8
17,0.2,133,3.96700178106958,4.444615373004166,31.182017692430602,26.912329953128936,29.374755421329514,24.044637571188353,7.0,7.0,7.0,10
17,0.2,134,1.9566002496400012,3.7019752001110584,29.192531096580865,23.02338116356053,30.68246131690809,21.94142166381103,10.0,9.0,9.0,8
17,0.2,135,0.7435496505367707,1.1802482057171186,28.8252429092006,18.77848462293132,31.5307263483427,19.77843597558171,6.0,6.0,6.0,6
17,0.2,136,0.9882972614410377,1.1257373313656942,23.31981224433159,17.166626022106705,23.32989866831271,16.520835668182517,7.0,6.0,6.0,4
17,0.2,137,1.263650206191035,1.5601700561456953,24.665856782236705,19.909246231201966,27.749088880016295,18.558761618683132,8.0,8.0,7.0,7
17,0.2,138,0.710984613223235,0.8640812093637251,20.812468418754882,18.355838275938186,23.309964629005467,19.651176408819733,5.0,5.0,5.0,6
17,0.2,139,1.3744571896133875,3.440667895576664,32.141897895212026,25.77129316919123,37.1605938900959,27.840583381555806,8.0,8.0,8.0,12
17,0.2,140,4.541307831747583,5.420689499837861,26.579248530579488,24.278307339920346,27.56558783151896,24.646101513084503,10.0,9.0,9.0,10
17,0.2,141,0.8919256761817653,1.6928380360941664,23.361137824470077,18.302572595168677,26.164474363406487,17.763894606288147,5.0,5.0,5.0,6
17,0.2,142,2.8511621658514366,3.8443075688786204,31.083552357427948,24.27984842636909,30.461274209647407,23.928928742081727,7.0,7.0,7.0,8
17,0.2,143,2.1910208660515718,2.7455739597915088,31.415123509546945,22.116889200803346,31.4287113657362,21.10715016791633,7.0,8.0,7.0,8
17,0.2,144,2.126891290318633,3.0323119168005053,28.83121449653821,22.27344315188191,27.16020119959352,19.955988005603167,8.0,8.0,8.0,8
17,0.2,145,5.219041384890194,6.216316145801219,37.0664818116232,29.357006304412423,38.95828321896383,29.34714890496355,12.0,11.0,11.0,12
17,0.2,146,2.13133874943574,2.7773306925866206,29.3190884993348,21.97457565896675,29.331769765986763,21.005291866051024,5.0,5.0,5.0,6
17,0.2,147,3.4631240420688894,3.954016947837243,32.670783871503254,25.211559876713284,32.6849148333854,23.983794977872872,10.0,10.0,9.0,9
17,0.2,148,1.4472254906123365,2.9651953002340785,35.37597152904353,24.086724887113416,41.588187982673155,21.548346635061,8.0,8.0,8.0,9
17,0.2,149,1.3722459721265075,2.8412773387412606,29.914668374683348,21.132870118342577,34.58560059062656,23.49129870479622,8.0,8.0,8.0,7
18,0.2,100,2.701470335398894,2.9510863896634114,30.78667809998422,25.579212769070555,29.717696221512544,24.888734467396496,8.0,8.0,8.0,6
18,0.2,101,1.8439577779639822,2.38207061259038,27.638515411031214,19.07801884094236,28.664163443862453,17.821244629337315,6.0,6.0,6.0,6
18,0.2,102,3.0231007539457333,4.362664959267935,37.70906321833317,26.126740083125377,38.363734454762564,25.379651927153656,10.0,9.0,10.0,8
18,0.2,103,2.009855466467167,2.5180062087395947,31.173616478247435,24.086801768446303,30.0911992394194,23.466751196102443,8.0,7.0,7.0,7
18,0.2,104,1.2158187441280883,2.431975134166255,36.81795482404011,21.07676939076945,42.56677908506022,18.916393515715782,10.0,9.0,9.0,8
18,0.2,105,2.2074279296068062,3.2262819727178322,30.53671306973643,24.652213794429862,27.673896219448643,21.26253439769576,7.0,7.0,7.0,9
18,0.2,106,1.4194189049066832,1.744851709716993,27.692490890923,21.86981517573503,28.173263302223745,22.342960215594687,6.0,6.0,6.0,6
18,0.2,107,1.3371555650891576,1.8310163976945504,26.19480628769503,21.239877860608768,26.206136221210475,19.081163976661603,5.0,5.0,5.0,6
18,0.2,108,1.082862940035915,2.1244301782493644,33.55263625849482,24.03096261530295,38.79523567388463,24.4970804246515,8.0,8.0,8.0,9
18,0.2,109,2.8840179865683133,5.064304664316036,30.9086652893908,24.26230904826961,32.05566654036429,22.510888900080666,9.0,9.0,9.0,9
18,0.2,110,0.8029409621861712,0.9424026230135573,24.08450061812624,18.456295285380662,24.09491778967387,16.6371179416158,5.0,5.0,5.0,5
18,0.2,111,2.594501889421205,3.533781702607704,30.593983065755296,23.37812156162383,33.67462719390427,21.558703576104733,9.0,9.0,8.0,8
18,0.2,112,0.552523706023844,0.8181931027110663,28.01602469895863,20.79418656980414,30.645556428921445,20.966759430880316,6.0,6.0,6.0,6
18,0.2,113,1.8174364995300571,2.647155424268849,33.40910577564193,22.552453169902467,33.989124973135716,20.812916231450174,8.0,8.0,8.0,8
18,0.2,114,5.556797677476222,7.233872888985901,37.34680987421625,31.16474740453101,36.05004564247263,32.706794490395986,12.0,11.0,11.0,13
18,0.2,115,3.042331215272923,5.66936491577415,37.265166225750924,30.082026875673332,41.01756143598279,29.16945076796833,9.0,9.0,9.0,11
18,0.2,116,3.2095279697964925,4.394500107240884,31.769680030265363,23.927396867119814,34.751522835874184,22.802954103446563,8.0,8.0,8.0,9
18,0.2,117,1.690728263201923,3.4597067597386912,37.659844370487185,27.33127814744289,41.45198147723764,27.783450028558672,9.0,9.0,9.0,11
18,0.2,118,2.8286602814191695,4.287886761840689,35.198539683919364,26.977710780142033,35.809625442320744,24.814725130471558,7.0,8.0,7.0,9
18,0.2,119,1.477049861474916,1.7150011113935935,34.27405277152212,22.89579547213033,37.72525947421012,22.32226488118659,7.0,7.0,7.0,8
18,0.2,120,1.597670300627199,2.2721072368098745,31.935120064271587,21.35450534435405,31.948932832465477,19.165661441651803,7.0,7.0,6.0,7
18,0.2,121,4.5724940438063015,6.068938394309726,38.908393586396336,31.836956206510546,41.34016818554611,32.253428017351524,11.0,12.0,11.0,14
18,0.2,122,4.63779313682492,6.0665984294903375,37.01250951074016,30.11016819751277,35.72735293050613,29.185309932899,11.0,11.0,10.0,13
18,0.2,123,2.5481616667693463,3.7649613302713476,41.25737359267653,26.834623396342305,45.411761905827994,24.6974040416423,9.0,8.0,7.0,9
18,0.2,124,2.3221879274202895,4.139055459906192,32.86048175743388,24.029390139188653,35.944705174978495,22.900154309334486,9.0,9.0,9.0,9
18,0.2,125,5.04912185834112,8.203722235392556,37.301786340997495,32.74872276561378,37.317920331629416,33.2317755980498,11.0,11.0,11.0,17
18,0.2,126,3.412157782743884,3.9163444552831623,32.10730510722936,26.523228341477477,30.99246812433945,25.778099767490264,9.0,10.0,9.0,8
18,0.2,127,1.3882668588395226,3.233481037628853,31.94941350537051,25.898233310984843,36.94150936558465,27.34264432681017,9.0,9.0,9.0,8
18,0.2,128,0.0,0.0,28.42780371757118,21.333333333333325,33.36318630742729,24.203703703703695,7.0,7.0,7.0,7
18,0.2,129,1.0800152463710335,2.0070430047907983,30.208974717605926,23.30617234894868,34.19488110395671,23.7743767041731,6.0,6.0,6.0,8
18,0.2,130,1.9271549155519914,2.941789451186618,30.66169876684009,24.448464752726412,28.88459338848517,21.857177185837166,8.0,8.0,8.0,10
18,0.2,131,1.5822776460343924,2.451738514795746,28.398747429963056,22.387860371398833,32.05913961600501,22.49869992356507,8.0,9.0,8.0,7
18,0.2,132,2.3963117868227033,4.279383326772187,28.059283403904434,22.670452637678665,31.56669382939249,22.357451372139597,10.0,9.0,9.0,8
18,0.2,133,4.7011693344026275,5.344088052094474,36.197652155019746,31.539343671946785,34.94078923297046,28.939883877347373,8.0,8.0,8.0,10
18,0.2,134,2.120080597289922,4.549582183767946,33.92910526426538,26.650995517011285,38.40586220885595,24.488246079222076,11.0,11.0,10.0,11
18,0.2,135,0.959722619724737,1.2038698522185483,30.549510459751083,20.651357841055905,32.45885486348553,21.135374040455652,6.0,6.0,6.0,6
18,0.2,136,1.0604559136035525,1.6094331552345056,24.707818778103608,18.740432826499333,27.195758863398762,19.219591620358695,6.0,5.0,5.0,4
18,0.2,137,1.3118658974399569,1.631673363930846,27.392288053961966,21.83667859445658,29.96327702788487,20.85598000994487,7.0,7.0,7.0,7
18,0.2,138,0.7692914923560024,1.0218783104126916,23.67824398413592,21.317196221454378,26.638024482152915,22.944169731144708,7.0,6.0,6.0,6
18,0.2,139,2.273151871639986,5.062170022143054,35.88647377206457,28.713745343119086,41.49373529894965,26.35865774647062,11.0,11.0,10.0,12
18,0.2,140,4.92105420936435,6.49580999926365,31.189091814332457,28.455801061479757,31.202581905947653,27.017609535606436,11.0,10.0,11.0,13
18,0.2,141,0.9815917395637004,2.0799178035552,27.364418246719314,21.4334006828427,31.62674706542218,23.069243162843318,7.0,7.0,7.0,8
18,0.2,142,3.058704890857182,4.201875872196873,33.3449229444854,25.291771289104876,36.47461510666244,25.353476045777718,9.0,9.0,8.0,8
18,0.2,143,2.4367241661596064,3.380011167117952,35.03478691167072,25.541992139266213,35.64302973999834,24.824429860101223,8.0,8.0,8.0,11
18,0.2,144,2.3536996247176574,3.331513287982266,30.680992710637028,23.594691593498776,31.213648834085593,20.350421499392695,10.0,9.0,8.0,8
18,0.2,145,5.880339425468527,7.049972352816709,39.49892312363276,31.131906930495074,38.12743273739551,28.790985781776754,13.0,13.0,13.0,13
18,0.2,146,2.5071725095553767,3.980522295961061,33.91626768327678,25.296495506242806,32.73861949982967,23.311423289433478,7.0,7.0,7.0,7
18,0.2,147,3.898025467885141,4.542277427989541,34.69855094045535,26.45114762405282,32.06505176582074,24.304616001386627,10.0,10.0,10.0,10
18,0.2,148,1.5265995023202592,3.833266871988291,37.87490690422262,27.88197239924414,43.792861108007415,23.97351733970724,11.0,9.0,9.0,9
18,0.2,149,1.400082433608229,2.7580979144662954,31.683819617253977,22.17886328415725,36.63441643244991,20.484644561061902,9.0,9.0,9.0,8
19,0.2,100,3.2827741039781735,3.844741132588864,35.173086682786845,29.32641820636431,36.28137992660042,28.9722773355378,9.0,9.0,9.0,7
19,0.2,101,3.0039611768758903,4.400365041379441,33.803542949889206,24.45913263799017,35.52881028037663,23.309701512939295,8.0,7.0,8.0,10
19,0.2,102,3.7212278861885535,5.336506501486829,44.226489259476985,30.799800398728305,47.411776574563966,27.46411163037993,11.0,11.0,11.0,11
19,0.2,103,1.9421696142311868,2.314235486140313,33.05753216330521,25.324367159145595,32.553885551398906,23.8985844691975,8.0,7.0,7.0,8
19,0.2,104,1.3112668357972632,2.788522219680275,41.59535884527152,24.24105067513672,48.094633664845205,23.601356282320616,9.0,9.0,9.0,9
19,0.2,105,2.6095385332431698,4.149444664357472,32.43819317712534,27.034627531740277,31.94398247775086,24.050589460723934,9.0,8.0,8.0,10
19,0.2,106,2.271749237366608,2.445474089948181,30.30287653242724,24.640977138037634,31.257710938400535,24.420419915385878,9.0,10.0,7.0,8
19,0.2,107,1.498531996113255,2.1173282636492123,27.921839912127556,23.06328538755108,29.66695490663553,22.502719423270324,5.0,5.0,5.0,6
19,0.2,108,1.1554633550699944,2.3614461925781978,35.52947949338016,26.33672043878623,41.07788505138378,27.13708703496364,8.0,8.0,8.0,11
19,0.2,109,2.7508248326953635,6.285841065395855,35.2574962240554,27.240085787190118,39.90952697584049,25.029531206443938,10.0,10.0,10.0,13
19,0.2,110,1.362618822142178,1.6588655336568334,28.32625105919451,21.649074045442955,27.342700675194706,20.012672348097777,6.0,6.0,6.0,6
19,0.2,111,2.8445736889521602,3.5568052464429214,33.118053639014946,25.285438508687818,35.50328741911021,26.068194661252697,9.0,9.0,8.0,7
19,0.2,112,0.9249127739784889,1.5237822625349406,34.39987496198309,25.162087832004005,38.05664837380054,22.427627559817562,8.0,7.0,8.0,9
19,0.2,113,1.9966456261877872,3.092366596814852,36.20275233891983,24.9020288028387,37.343490033809616,23.50002410955047,8.0,8.0,8.0,9
19,0.2,114,6.134679970802633,8.661255720408388,43.58168398769852,35.59311897240333,41.37665514496379,36.100582790316466,14.0,12.0,12.0,14
19,0.2,115,3.1893752997630327,6.086794727446895,41.74028222120836,32.83187816698773,46.177355158158136,30.827389364672506,11.0,11.0,11.0,12
19,0.2,116,2.3868750457351937,4.60826862456216,35.900094562949405,26.818445951033727,40.723237461295795,23.85826965012402,9.0,8.0,8.0,10
19,0.2,117,1.7576498069956399,3.6030282886642815,40.00816214845597,28.922441979731683,44.261107362990586,28.573179457556076,10.0,10.0,10.0,12
19,0.2,118,3.738237907803549,5.267956180623467,38.46237025492647,30.62635205473149,37.876378464338956,30.231327257626663,9.0,9.0,9.0,11
19,0.2,119,1.8832454127227292,2.141749440068015,37.95514692888473,24.63834007063142,40.68875861905371,23.266083491559034,7.0,7.0,7.0,9
19,0.2,120,1.6792475714282702,2.3238497212160008,34.13068071382226,23.293868765556027,32.94558763348121,20.12215895596023,7.0,6.0,6.0,7
19,0.2,121,5.303726065385484,7.025583740019294,41.24041299077075,34.70752853602679,40.61209644936012,34.170513865833776,13.0,12.0,12.0,15
19,0.2,122,4.922656276219521,6.602620521681797,41.12967871324555,31.34728884173971,38.32408774838775,29.44367860918339,12.0,12.0,12.0,13
19,0.2,123,2.7152569876478743,4.376598622079347,43.94461188453044,30.348942117900915,49.84852788563771,31.211963887787554,9.0,8.0,8.0,10
19,0.2,124,2.52103208535837,4.376301744875372,35.00651297601253,25.834844718453343,35.614264937401636,23.777251833975832,10.0,9.0,9.0,11
19,0.2,125,6.512076406931705,10.001784659680874,40.95795258829283,35.74604127780962,43.51782462506114,35.65482522827487,12.0,11.0,11.0,18
19,0.2,126,3.65387760735133,4.096123171350352,36.354195472545356,29.3822487572137,33.874355961433366,26.084939893208606,10.0,10.0,10.0,8
19,0.2,127,2.7778328358353646,4.025154266982593,34.794440988187375,28.217262407562544,37.30041180728121,26.55749528447228,10.0,9.0,9.0,11
19,0.2,128,0.0,0.0,35.75042544674213,27.55555555555557,41.89038771183358,31.156509695290882,10.0,10.0,9.0,10
19,0.2,129,1.266682329832008,2.3921954382490953,32.259974521887045,24.894007355103707,36.594070821918955,24.671185301734795,7.0,7.0,7.0,9
19,0.2,130,2.651491159827557,4.235043148652263,36.74588240173365,27.961731346039358,39.3924002478419,24.848125616267435,10.0,9.0,9.0,11
19,0.2,131,1.9388520807275005,3.3658443099826583,30.625738232675598,25.542996789114007,33.70957992971585,25.991994779547653,10.0,9.0,9.0,8
19,0.2,132,2.162067143549224,3.6454348651723674,32.66584815128566,25.818017798898047,35.95511758318595,26.2580976477429,10.0,9.0,9.0,9
19,0.2,133,4.85526899228253,5.614521813401441,38.440373488394215,33.577776811712134,37.85471682859874,31.538716915720173,9.0,8.0,9.0,12
19,0.2,134,2.2362956261885882,4.987083320526131,38.56430419208911,29.310258082353034,43.745381071081695,27.562096048182227,13.0,11.0,10.0,11
19,0.2,135,1.2780135160255601,1.7799281915468388,35.76886789543085,23.756928328114746,38.345019045794295,24.538553127987985,7.0,7.0,7.0,8
19,0.2,136,1.1480215328334515,1.8066394332327076,28.865684893918687,22.691297922092023,31.934163170384423,20.27262137187827,7.0,7.0,7.0,6
19,0.2,137,1.4500532712621212,1.9500412032728482,31.32457835433496,25.450728265710712,35.45768244275416,24.749286753179188,10.0,8.0,8.0,9
19,0.2,138,0.8248270933469013,1.1574422825109314,29.81510633966789,24.694920469603137,33.7490439817074,26.857938817187105,8.0,8.0,8.0,7
19,0.2,139,2.4081620451925065,5.708239697103655,41.17664358477388,31.943098843119703,47.60692968475069,31.496492193781954,11.0,11.0,11.0,14
19,0.2,140,5.074381534923685,6.818619048474789,33.76654902382267,30.264912548798378,32.59409940493994,29.335301185787745,11.0,10.0,10.0,11
19,0.2,141,1.3949152369706412,3.063767387836212,31.95412480887908,23.24238179513714,36.94350156320665,20.808011998031326,8.0,8.0,8.0,9
19,0.2,142,3.2354995248152414,4.16685447296812,35.60660413566761,27.32042369463663,36.224774346356284,25.116263694762964,9.0,8.0,9.0,9
19,0.2,143,2.5080504526801053,3.45800742245866,37.90681242898186,26.565485321354675,39.101244538066815,26.269101815880255,8.0,9.0,8.0,11
19,0.2,144,2.641832606554249,3.2696948326393436,33.33158793648116,26.02982096784023,31.05793044912424,25.75246342573453,8.0,8.0,8.0,8
19,0.2,145,6.399671683291346,7.495193928470777,42.08643319540699,34.04853367943538,41.44522714949359,31.939363778032682,14.0,13.0,13.0,14
19,0.2,146,2.6722850649479923,4.089120446338004,36.02099539105554,26.34762816968623,37.15600597990113,24.849294982296755,8.0,8.0,8.0,7
19,0.2,147,4.960581629578215,5.706250148745346,38.14667912181159,29.128344045197636,37.56549702992804,27.401808520939174,13.0,12.0,12.0,11
19,0.2,148,1.5970927079334762,3.936075783144032,40.50499799900293,28.70749318664414,46.83039761726828,25.498029245287583,10.0,10.0,10.0,9
19,0.2,149,1.477858790352649,3.194504087238245,33.68944524412326,25.385199229853406,38.95050473342368,25.142626649865694,10.0,9.0,8.0,9
20,0.2,100,3.4235551762396903,3.887686815041806,37.59924952578491,32.01511992194865,35.84853446974056,29.173778028875713,10.0,10.0,9.0,7
20,0.2,101,3.0792234432061263,4.509917754243205,38.26361518622098,25.3699058678242,40.6550911353598,24.685077539626885,9.0,8.0,8.0,9
20,0.2,102,3.8824033762360055,5.938291114730924,46.67370088118994,32.99970734902035,50.407596951685136,31.6065947035475,12.0,12.0,11.0,12
20,0.2,103,2.4233659921618886,3.378325781418054,35.65759281836766,28.96952499504195,38.51020024383708,26.44374453453673,9.0,10.0,8.0,9
20,0.2,104,1.4506162718943034,3.311401378057531,47.53659572139174,27.328825015698396,54.96007379284177,24.29861295811309,10.0,10.0,10.0,10
20,0.2,105,2.797999579413819,4.475478609639981,35.60053620052339,28.763876299723908,33.94288623368653,24.73179721128047,9.0,8.0,8.0,11
20,0.2,106,1.9450171957828157,2.3205151240855475,31.951568501221914,26.818625720641123,31.99150796184845,26.946433233841056,9.0,8.0,7.0,7
20,0.2,107,2.8437278985720353,3.230321705108528,33.10677338805762,27.459387071858046,31.565239252176184,25.118903376905145,7.0,7.0,6.0,7
20,0.2,108,2.015822273465138,3.7397246260157226,38.15866979591698,28.402349202432585,42.39189722640152,25.938699001525148,8.0,8.0,8.0,12
20,0.2,109,2.9309399631791697,8.349644123678283,45.98736055907708,33.89978419032954,52.16571786410544,31.809459342815327,13.0,12.0,11.0,18
20,0.2,110,2.3914901555800245,3.399482489636901,35.74490901228167,27.206137725578227,35.200318985778765,24.20316863924166,8.0,8.0,8.0,9
20,0.2,111,3.4061933123535786,4.204702789056579,35.415575163283876,28.365426983502186,33.76653744474347,24.376538813947192,11.0,11.0,10.0,10
20,0.2,112,1.0751252598911085,1.9446755174880626,39.18872653717335,27.54656173890138,43.536225887391026,26.50104450926581,9.0,8.0,8.0,10
20,0.2,113,2.8332273675057484,4.168247906362889,42.256481021350574,28.24309240355418,42.30930162262727,25.793256308013742,8.0,8.0,8.0,9
20,0.2,114,5.253356147275503,8.460421497945124,46.58391338195996,37.93569797333332,48.60740211948885,34.893495726985854,14.0,12.0,13.0,15
20,0.2,115,3.5736281171864337,6.967549261822676,44.62191217756027,35.00668960389582,49.572155559758365,34.98623732600225,12.0,12.0,12.0,13
20,0.2,116,3.032389065091225,5.686827330637251,41.91873162844383,29.690183500681975,47.6301588128193,27.089032542467667,9.0,10.0,9.0,10
20,0.2,117,1.8461436462127823,4.040959861367516,42.64114599861137,32.13045620505061,47.37164813283233,34.33942506914784,12.0,11.0,10.0,12
20,0.2,118,4.088066781999838,5.965872828009908,44.183237408308386,34.01868519150686,47.71789640097307,34.027832657728425,10.0,10.0,10.0,14
20,0.2,119,2.5455683654811474,3.0831636002787413,42.81802822406175,27.714559553758168,46.243470481986705,26.635671342558297,9.0,10.0,9.0,11
20,0.2,120,2.0260610107708983,3.030274408427972,38.27199063048652,26.527678452426244,39.93443022349828,24.266608359332725,7.0,7.0,7.0,7
20,0.2,121,5.661052546320397,7.4718876184737395,43.76209567140909,37.35935125401265,43.81679829099835,35.7248796366496,13.0,13.0,13.0,18
20,0.2,122,5.208897380170379,6.947236172377464,43.401523488874076,33.51437191071579,43.45577539323517,30.497126325912994,12.0,13.0,12.0,14
20,0.2,123,3.148883410637006,5.280005906042873,46.48490384126752,33.18269136490192,52.81847198964022,31.824274937151245,9.0,9.0,9.0,11
20,0.2,124,2.6609773047331045,4.650238034730211,38.3749207551921,27.100381530951022,39.58410281499905,24.09549921957913,10.0,9.0,9.0,8
20,0.2,125,6.984104254467272,11.168363517723272,45.90372644012639,38.06745067610483,52.07084758235944,41.09247303363175,13.0,12.0,12.0,18
20,0.2,126,5.604710712693114,6.436817817793933,46.72319363791423,35.07608407911912,44.547644934148856,31.89874369113696,13.0,13.0,12.0,14
20,0.2,127,3.0129129254392994,4.564509237479761,37.4702366167585,29.76031156847071,40.46785554609919,27.14111046316007,9.0,9.0,9.0,11
20,0.2,128,0.0,0.0,37.95742603418061,31.111111111111086,44.41018845999132,35.14999999999997,11.0,11.0,10.0,10
20,0.2,129,1.3231052465399993,2.6240054539472366,37.415360931145685,27.326430493350212,42.513203858014286,28.441224646431206,9.0,8.0,8.0,10
20,0.2,130,2.923162097061638,5.618150420714781,44.05895510666909,32.25096605389811,47.58367151520262,30.919630443014633,12.0,12.0,11.0,14
20,0.2,131,2.2240844164996987,4.735423226531265,39.83042235427391,30.49242936346118,45.181600980817635,31.31188700680316,13.0,11.0,12.0,11
20,0.2,132,2.275726574929857,3.9662783372764543,37.28529377657228,28.135231832464914,41.248792803375494,28.935303132409924,10.0,11.0,10.0,11
20,0.2,133,5.55671614739338,6.921825618759554,42.14349842831528,37.84678843114223,43.974106641295236,36.21816865237658,11.0,11.0,11.0,14
20,0.2,134,2.3334420484720035,5.164666924416995,41.41771157735366,31.42718432900363,47.06087477976809,30.140633970535045,13.0,11.0,11.0,12
20,0.2,135,1.630722492057349,2.3614613572610197,37.77319513844379,26.116125192383254,37.82041163236684,26.2553936422499,8.0,8.0,8.0,8
20,0.2,136,1.1951399065125832,2.0784632702717514,30.830825629393328,24.360548939974638,34.25112034765415,23.493229395818645,8.0,7.0,7.0,6
20,0.2,137,1.9562164212190785,2.67561444231408,33.79368130499137,28.16271141171688,36.22757524939517,26.506153031846587,9.0,9.0,9.0,11
20,0.2,138,1.9706120648026795,2.3503481586190604,31.819239709229514,27.61487616017422,34.11093010380006,28.41247836584922,10.0,9.0,9.0,8
20,0.2,139,3.0059597294945983,6.325535859072087,44.68393641727262,35.52207721718163,50.772122754126016,33.268951412117914,13.0,12.0,11.0,13
20,0.2,140,5.891720083992564,8.151861219400894,35.968435065935246,32.85741134102078,37.1017894949519,30.84112983032497,13.0,13.0,12.0,14
20,0.2,141,0.9141236718937917,1.6471778941602941,37.60061818331867,26.973813744765465,40.60866763798417,27.10236082589287,9.0,9.0,8.0,11
20,0.2,142,3.747703251578862,4.898142558660847,37.60209681708786,29.882557341551387,37.02921168552558,28.11221660962533,10.0,10.0,9.0,10
20,0.2,143,2.856773611144947,4.399263714682024,40.53519785116962,30.287738139786683,40.58586684848358,29.05875491911457,9.0,10.0,9.0,11
20,0.2,144,2.915179410716735,3.68543505499517,37.86819437705339,28.3124181153587,36.10495657637185,24.330984317886386,10.0,9.0,8.0,9
20,0.2,145,7.034981433092701,8.70170174493825,45.32957400221049,38.23945600907243,43.21891571273257,40.655475230251916,15.0,14.0,14.0,20
20,0.2,146,3.1924379438237183,4.518820950583118,41.87302465207432,28.56467669057253,41.92536593288942,26.086946029421533,9.0,10.0,9.0,8
20,0.2,147,4.590552523880788,5.448126472822478,40.30358373721329,30.807534825434065,36.59700956868266,28.062799500933313,13.0,12.0,12.0,11
20,0.2,148,1.696152768613165,4.439868799839775,46.66793355769356,30.896778775088276,53.94521444684641,28.1658303242229,11.0,11.0,11.0,10
20,0.2,149,2.9128863716487303,5.141009892611003,37.48357906220226,28.47768641409939,40.48226538717845,28.57049316000249,9.0,9.0,9.0,12
21,0.2,100,2.7149555012423083,3.7302032467669584,39.50263493685695,32.83360706447351,36.479474099852595,29.012348850555043,10.0,10.0,9.0,7
21,0.2,101,3.5506703854556774,7.164636490773242,45.54402743982251,30.862474453016937,42.437319196870625,29.921329018797948,11.0,12.0,11.0,11
21,0.2,102,3.99259793925473,5.880006618786518,49.1814170111603,35.99157949657822,53.44715216008746,33.4752676966341,14.0,12.0,12.0,12
21,0.2,103,2.572662664052906,3.467686254274696,39.917169631060275,32.288137441064166,44.499497777483015,30.095348614725097,10.0,9.0,9.0,10
21,0.2,104,1.494465841102603,3.158419088743363,50.08197730604619,28.940068596202327,57.89163564220778,27.80055339522686,10.0,9.0,9.0,11
21,0.2,105,3.0059633401363435,5.494819235796458,40.25828846562554,31.526711418718723,43.75007879172572,27.879734106839862,10.0,10.0,10.0,11
21,0.2,106,2.1342890949565376,2.3976231606271874,35.16601290673229,28.432454521029396,34.17921152414542,26.568387987380277,9.0,9.0,8.0,8
21,0.2,107,2.909999535989101,3.324422401805067,35.157628423454675,29.266817734987423,32.46699359512907,25.94333869522876,7.0,7.0,6.0,9
21,0.2,108,1.925119186130713,3.491674442375715,40.0677635238812,29.650214338231308,37.00135305011479,26.255945541220772,8.0,8.0,8.0,12
21,0.2,109,3.637449474374094,9.40292149353352,49.260005539196875,37.66418845469529,55.971681293912454,36.02502760000881,12.0,12.0,12.0,15
21,0.2,110,0.8994620681527126,1.792375313808582,39.51497114634276,29.471688095556075,44.958360028747116,31.74972929273809,8.0,8.0,8.0,8
21,0.2,111,3.6879099940337885,5.469524632375366,41.11766794549116,32.56671146765387,46.78183648900271,28.776515238171132,12.0,11.0,11.0,12
21,0.2,112,2.113786583505102,4.016475845193127,45.39437616980469,32.117467343411384,50.60546527093024,28.39057118069857,11.0,11.0,10.0,11
21,0.2,113,3.83543355874946,4.506592804540208,44.43222355570577,31.57611545524866,41.03179828358543,27.923423135611873,10.0,9.0,9.0,12
21,0.2,114,5.462973441828831,8.42616037245095,49.5507333839257,40.89257039148501,52.20523695806458,37.9884027166373,15.0,14.0,13.0,16
21,0.2,115,6.025981446564916,8.487114325616684,48.67097996644441,39.180872159115154,49.41594394552264,38.11374606414526,14.0,13.0,13.0,14
21,0.2,116,3.5176364745989623,7.105921680311,44.41880737810131,33.446219984979805,49.517905163852745,31.163856758963963,10.0,11.0,10.0,13
21,0.2,117,2.6826257744656945,5.22624092457794,48.62616482411124,33.74023146006095,52.843740344569866,34.18160076695128,12.0,12.0,12.0,14
21,0.2,118,4.733404896787591,6.9858089147116225,46.475353800522676,37.99161579921282,47.186711256653126,35.33547365508738,10.0,11.0,10.0,16
21,0.2,119,4.037214033017925,4.89047207648766,45.46724394431087,31.71151571635133,49.41083142927661,30.93313138645458,12.0,12.0,11.0,13
21,0.2,120,2.1379532854980576,3.301945974670608,40.336527468453376,28.859905366354862,42.497412868549105,28.219392160519945,9.0,9.0,8.0,8
21,0.2,121,6.1401040627134895,8.323478396537485,47.861189318725174,41.40843215561158,44.19834319739418,41.83976999056587,14.0,14.0,13.0,17
21,0.2,122,2.5136413742672805,5.729051413049351,45.571736254611956,35.20766573892968,51.8494754325432,34.30052945330929,14.0,13.0,13.0,13
21,0.2,123,4.920015749538083,7.804060785266695,49.204946715611506,37.849817243099466,53.472722706251275,34.8919364741752,11.0,11.0,11.0,12
21,0.2,124,3.053294308009329,6.012304621060079,40.80138921151136,30.539912699693026,36.72125029036023,29.070703775289743,11.0,10.0,10.0,9
21,0.2,125,7.331668275240894,12.604147411209226,48.549932985443384,40.78581204537709,55.16486135471005,42.77184194730824,15.0,13.0,13.0,21
21,0.2,126,5.885146716852642,6.790683183425718,53.140459096192295,36.8366498963088,51.649272744003234,33.44659114106267,14.0,14.0,13.0,16
21,0.2,127,3.2198048797515226,5.349534160936242,43.507439250367035,34.34511814544616,47.28104367514376,30.31581929530062,13.0,12.0,12.0,14
21,0.2,128,0.0,0.0,39.9480618219527,33.7777777777777,46.67401100626106,38.15532879818585,11.0,10.0,11.0,10
21,0.2,129,3.4442154840195665,4.282872137405401,40.096425429419874,31.359832824521572,38.97127063420656,27.7321598555154,11.0,10.0,10.0,12
21,0.2,130,3.1886742453066717,6.737568118566779,47.197899914606694,36.133898320607855,52.616026180314094,32.50487914914975,14.0,13.0,13.0,14
21,0.2,131,2.4080071095022095,5.369992869599876,42.62108328218124,33.02118881191834,48.42820587937843,33.03006805600295,13.0,13.0,12.0,12
21,0.2,132,2.421034030159928,4.4977381777285315,39.84328682918106,31.66725624233948,44.26340146179334,32.853812886297874,13.0,11.0,11.0,14
21,0.2,133,6.368022128072234,8.202704746531943,45.62137990033251,41.6061285619287,46.319666327378414,40.464123610476626,11.0,11.0,11.0,16
21,0.2,134,2.44425994577087,5.802630509339614,47.00148497721422,34.79054436640832,53.476179336320264,33.89415534064116,14.0,13.0,12.0,15
21,0.2,135,2.639671939341147,3.8036159796820677,44.39206249539639,30.42238791701313,45.07153283971368,26.926875681512414,9.0,9.0,9.0,10
21,0.2,136,1.2356102370153785,2.143092252669817,33.71077369501012,26.02224126482971,37.5806329202026,24.37015443666841,9.0,8.0,8.0,6
21,0.2,137,2.1775795061789713,2.9733728724019106,35.65056440043123,30.19539933078394,35.695127605931766,27.526445404358633,9.0,9.0,9.0,11
21,0.2,138,1.9706120648026775,2.35034815861906,31.819239709229475,27.614876160174262,34.11093010380002,28.41247836584926,10.0,10.0,9.0,8
21,0.2,139,3.1915198487839764,7.022634233817706,48.01644817005093,38.36078824323752,54.63095888735388,34.73806629099179,14.0,14.0,13.0,14
21,0.2,140,5.840952146286438,7.823040787208568,39.95696567776621,34.680031736775376,38.09646946339522,32.12812085686406,13.0,12.0,12.0,15
21,0.2,141,2.117842495894603,2.9444196854823783,39.59700291508189,29.705665075220253,40.20307949031274,29.02057510227064,10.0,11.0,10.0,9
21,0.2,142,2.574959648413813,4.314737360626605,39.58211494542494,30.70326688456008,43.97325582218302,28.001076405953487,10.0,9.0,9.0,10
21,0.2,143,2.993957801411675,4.531075245228951,44.42229850481302,35.19116673502778,45.102231645192816,32.7583080143154,10.0,11.0,10.0,13
21,0.2,144,3.755504390695666,4.841038100027442,41.45172151766811,32.00567566082511,38.279395891315964,28.280774197188148,11.0,11.0,9.0,9
21,0.2,145,8.110077913591125,9.990628673395829,50.82352940238951,41.918593750281204,53.161568464725576,43.197533491221435,16.0,16.0,15.0,18
21,0.2,146,3.2446650112340736,4.433467395887028,44.00411961089754,29.45508326717544,44.67765205392148,27.510822349986242,10.0,11.0,10.0,9
21,0.2,147,4.894324541896671,6.0232994745084945,42.99097367103577,33.58681613504444,41.78459430781793,30.25132975649086,14.0,12.0,12.0,12
21,0.2,148,3.070798138145912,5.76365824384244,50.848949632449035,34.08444875555283,56.686201503521,33.20625249935108,12.0,12.0,12.0,13
21,0.2,149,3.8948384224773767,4.935333543172756,39.50778489840147,31.389396201687266,38.39914807727286,27.75830337184138,11.0,11.0,10.0,12
22,0.2,100,2.7507480476462094,3.697360755341307,41.808598382414466,35.05953069811924,39.45470518836324,31.741008487153156,10.0,9.0,9.0,8
22,0.2,101,3.791313646374827,8.330705313786899,51.63336554355961,33.46278573093029,51.69790725048907,31.95507866906846,12.0,12.0,12.0,14
22,0.2,102,4.304369209382927,6.93887273180946,52.23324169140463,39.93122193432152,57.06265814944256,36.06488899812275,14.0,13.0,13.0,14
22,0.2,103,2.7095541253079714,4.769904685242255,44.619874435824755,36.833240872168204,50.81964004700083,39.73785798002651,13.0,11.0,11.0,11
22,0.2,104,2.6785101083638563,3.9880076576799413,52.98799408674461,31.490116360957792,53.79903481256213,30.717166454014176,11.0,11.0,11.0,11
22,0.2,105,3.1243878875660656,5.787109037397968,42.58776912069899,33.07294160403497,46.52537793919337,31.43400268295717,11.0,12.0,10.0,13
22,0.2,106,2.3226775215392483,2.6632916896401704,39.23955594740751,31.37165895560693,35.114943532481156,32.172528745776084,11.0,10.0,9.0,10
22,0.2,107,3.2700298792514957,3.8097830327561306,39.18414158954477,31.240900124648025,40.25684794504367,28.35938589743743,8.0,8.0,8.0,8
22,0.2,108,2.1093498525993195,4.053479962536256,42.87284985711521,32.73801771758356,44.0465384120879,31.12690478471022,10.0,10.0,10.0,12
22,0.2,109,3.9942972455800656,10.98021799601807,52.78439384819968,41.86717756518095,61.67156220019248,39.346897025185385,14.0,13.0,13.0,16
22,0.2,110,0.9389428084671766,2.02537048798517,45.74297269965009,33.676074167670784,52.09878863777297,35.54121727336732,11.0,10.0,10.0,11
22,0.2,111,3.8393176595668312,6.608398335021129,43.578114948943266,36.10701919554708,49.63313195372929,34.30148935616024,13.0,13.0,13.0,13
22,0.2,112,2.275857233719705,4.388184401625818,47.747175899730316,35.27917982925687,54.38146841885607,30.21782022307087,12.0,11.0,11.0,13
22,0.2,113,4.838907764135172,6.061072694337798,51.39512291838873,36.350492252090234,52.802117502414866,32.690411423838185,12.0,11.0,11.0,15
22,0.2,114,5.754441771667013,8.973600282430285,54.61559224934924,42.889355830383735,58.01496149834024,39.14042231252575,16.0,15.0,14.0,17
22,0.2,115,6.445523805528666,9.400559775015669,51.986119776088934,42.16511167406405,48.39531994708466,41.594488778474954,14.0,14.0,14.0,15
22,0.2,116,3.7015726847258295,7.469577481986686,50.79852182682484,35.797623288168275,56.79411182549709,35.07319973384705,12.0,12.0,12.0,15
22,0.2,117,3.0865311449476707,5.567000571896584,50.99611167549847,36.49001393556308,54.17019817182985,33.015808624751465,13.0,12.0,11.0,15
22,0.2,118,6.724970033139335,9.33557582144633,49.49699187970793,42.48404223248581,46.71022942367065,39.30536391404983,14.0,15.0,14.0,19
22,0.2,119,4.802226188038618,6.14874798317954,48.529768884156184,35.31543143816429,47.940693693671854,31.94386962060524,13.0,13.0,12.0,15
22,0.2,120,2.5199063096177468,4.358541473974475,42.84831763906771,32.45892520186277,44.02133459922813,32.13301102899081,12.0,10.0,10.0,11
22,0.2,121,6.898421066732705,10.8496629041038,52.43086605868788,46.163966582603415,55.69425415789857,45.49278779058396,16.0,15.0,15.0,19
22,0.2,122,2.685115887626505,6.52474539394349,48.30978831885032,38.14713245070835,55.02225374125257,36.1712940368047,15.0,14.0,13.0,13
22,0.2,123,4.823978593668525,7.1610680584967366,51.62141703490771,39.307337153939365,56.39426499423027,37.271405703590645,11.0,11.0,11.0,12
22,0.2,124,3.4694023933832114,7.145974320512376,43.128446063698654,33.547296919031076,43.78857534018383,31.24758752238061,12.0,12.0,12.0,11
22,0.2,125,8.387456698257298,13.080616559927083,52.05323901866998,44.55242946754976,56.568060770289314,43.26529614173343,17.0,14.0,14.0,20
22,0.2,126,2.706830298697939,6.192194271853151,55.67161163362573,37.63739891265544,63.40697502693427,34.025773403485445,14.0,13.0,13.0,15
22,0.2,127,4.723041304123261,6.709007643609999,46.93011805476651,37.17545331741224,46.36046011350256,33.61704619298923,13.0,12.0,12.0,14
22,0.2,128,1.2074341646580375,2.613063296568848,42.31637171342962,34.41596589565326,48.19607418807455,36.31028351052563,10.0,10.0,10.0,12
22,0.2,129,3.116790928499356,4.239435073340497,42.18550158891538,32.175947282342456,39.81038812135765,29.17150158504625,11.0,10.0,10.0,9
22,0.2,130,3.3453228527966448,7.243867330157581,49.641078368203914,39.10333676301776,55.50005895040154,35.35104216703035,13.0,12.0,12.0,15
22,0.2,131,5.000523567375473,7.399100687385814,44.831505651257054,36.37162801819365,48.719952569988536,35.41515527748508,14.0,14.0,13.0,13
22,0.2,132,2.4518838665055425,4.568900977536454,42.01254365010532,32.92641925523721,46.83541218136742,33.36739808454841,13.0,11.0,11.0,14
22,0.2,133,7.747715054900826,9.542025103693309,49.02826084304473,44.80850960694124,48.43313474293545,42.42334589548114,13.0,12.0,12.0,20
22,0.2,134,2.570654047992957,6.555551835106734,49.58236748052027,38.67309548074785,56.471653044704134,38.180751441903865,16.0,14.0,14.0,17
22,0.2,135,2.9526381299536393,4.675711388660224,46.61843160938507,34.290961265566345,46.05255705214305,31.066062347844657,11.0,11.0,11.0,10
22,0.2,136,1.2903271725212202,2.4637905918501093,36.95310529399915,29.275164226991276,41.31456426077539,30.955375467823174,10.0,10.0,9.0,7
22,0.2,137,2.917913515152217,4.640948689276686,44.20686246975465,34.670899216134636,49.28162984510914,30.58410927137565,11.0,11.0,11.0,13
22,0.2,138,2.039399182908406,2.456080987167675,33.55462678343131,29.048585161310566,36.23899692610583,30.18010606303324,10.0,10.0,10.0,8
22,0.2,139,3.350851020822291,6.928396782477166,50.802579842426645,39.93769016816088,57.861409376317546,37.12453729811312,14.0,14.0,13.0,17
22,0.2,140,3.226924557877875,7.646622706262831,44.03794238332681,37.43811117171685,49.23560242185479,38.28364955493286,13.0,14.0,13.0,16
22,0.2,141,3.5281141046919338,4.251441395011885,42.25740088816225,33.70076502668604,43.41424089181546,32.00920911346281,11.0,12.0,11.0,10
22,0.2,142,2.7068728526601684,3.870823536434161,43.629731322217204,34.496959329610846,43.10013489346095,29.55807779768255,10.0,10.0,10.0,12
22,0.2,143,4.659418849433259,5.979559408575538,51.265755819836784,37.958048612290746,52.66920884589637,34.30693920496597,13.0,12.0,12.0,14
22,0.2,144,4.129955835001906,5.573711796641454,44.17572518094177,35.12610895067742,41.688558835527175,31.791305838521158,11.0,11.0,11.0,11
22,0.2,145,8.34366968077663,10.038689459200755,53.81465787725426,44.61811824681784,58.005772752309426,47.38613057510208,17.0,17.0,16.0,19
22,0.2,146,3.333793766665696,4.591352022227203,50.404764337024304,31.53866634281126,51.78464683178789,27.065634337460626,11.0,11.0,10.0,11
22,0.2,147,5.054815827933101,6.1409797504066805,45.501894840161825,36.008475118872894,40.71902521207663,32.57074846864377,14.0,13.0,13.0,12
22,0.2,148,5.354280490393471,7.623259771903865,53.34166390992619,37.97853174306421,54.80194706448512,37.49503013877569,14.0,15.0,14.0,16
22,0.2,149,4.646545387180596,6.087521570755646,41.83549389106856,34.5636808389712,39.480086435424724,31.292092763691517,12.0,13.0,12.0,12
23,0.2,100,4.199935051952588,9.08212607882132,57.31695951004593,42.88935840393173,66.21352269845958,44.19111361611469,15.0,16.0,15.0,17
23,0.2,101,3.9608233928303713,6.5947075152935035,52.217792213786055,39.435699204328166,54.19199985891974,36.42220422188779,13.0,13.0,12.0,17
23,0.2,102,4.609529655655274,6.020967060035192,49.15915148094755,36.791444811267425,47.25411820049495,34.00643099153103,12.0,12.0,12.0,12
23,0.2,103,5.260430555453289,6.789044249108471,47.33235119479731,39.2635857952422,51.9403211126273,36.27225752768822,13.0,12.0,12.0,14
23,0.2,104,4.3067343973282854,6.158148413516485,55.831022883764135,40.205187472223635,59.72283567930062,38.74004323721247,15.0,15.0,14.0,17
23,0.2,105,4.255280808786511,5.432274496753175,41.63504817377532,33.75413253875122,41.12966406629405,33.41521342424073,9.0,9.0,9.0,11
23,0.2,106,4.400205754457407,5.801565677554171,46.1057974156943,35.70378435489804,44.319088820190075,33.030238013427635,13.0,11.0,11.0,14
23,0.2,107,2.8030886001142834,5.935114306327318,50.03088697769448,37.27810209346329,56.07195107164577,35.96252454024633,13.0,13.0,12.0,13
23,0.2,108,10.603163097137486,13.444654206253281,59.6159844029134,50.14154901556411,60.98110818876428,55.114040734279925,17.0,18.0,17.0,22
23,0.2,109,3.76223838179821,7.044700619967273,57.604345704010406,38.85340065168111,63.21233021016644,35.88440224980324,14.0,13.0,12.0,15
23,0.2,110,1.4694764107404972,2.1637290427753437,35.428665944663216,28.827031579958796,38.87777047424763,28.983800401620904,8.0,8.0,8.0,9
23,0.2,111,3.4313950952212866,3.959870247253639,41.45531849550947,31.175594501562948,37.09779922183375,28.27579846182364,11.0,11.0,10.0,8
23,0.2,112,6.826960207003021,9.710433709339583,52.550501669188876,43.45789782601986,50.51404555535453,40.084662613613744,13.0,16.0,13.0,17
23,0.2,113,3.8403281077246887,6.8867169662213366,42.84746231262864,36.78038336629362,47.0188126133855,34.01577090201715,12.0,10.0,10.0,13
23,0.2,114,6.0492097322275615,8.253443026551091,51.489019846550356,43.3428043641922,49.49369866157062,39.41372267163221,15.0,15.0,13.0,16
23,0.2,115,5.755116596181713,8.499258335198359,54.57275193411762,42.357932676668035,54.66301877332812,39.0778134227988,14.0,15.0,13.0,15
23,0.2,116,5.407089216677633,7.312032847120759,51.84037751374228,39.71481795225305,51.21111673297112,37.074744163553845,13.0,12.0,13.0,15
23,0.2,117,4.549251051161171,8.965998053259941,53.67163576588735,44.079197942784155,61.17957725298692,42.42355226521465,16.0,15.0,15.0,17
23,0.2,118,6.172441361337975,9.18924534247306,59.63609045910406,42.856749909451985,63.79314307853594,39.538003180018585,14.0,14.0,13.0,18
23,0.2,119,7.8408580193796,10.439631902999011,54.43766849176506,44.0169358377669,58.232354740600286,40.585061654225804,15.0,16.0,14.0,17
23,0.2,120,4.041879606892744,8.091956868156876,54.58310039687983,42.16284352364694,62.218543552587036,39.52740665254436,13.0,15.0,13.0,15
23,0.2,121,5.001501486173881,6.338543142776168,43.259808687194614,35.96581501168732,39.94910904276646,31.72638844739377,12.0,12.0,12.0,11
23,0.2,122,6.8726597783907035,8.373788805772405,48.31396675702045,40.29156299720678,49.8242302431089,37.259936428338925,15.0,15.0,15.0,16
23,0.2,123,3.648383032855503,8.26819796291528,56.060651170692246,37.864536286727265,62.677313770125714,38.4324012970295,13.0,13.0,13.0,16
23,0.2,124,3.8930068373147586,8.283601893904127,54.86904015729414,47.43366443280981,61.49429524244946,43.7057187078373,16.0,16.0,14.0,22
23,0.2,125,7.197674758527682,10.89801411539133,57.267348068201954,47.00674863422128,53.17130902532285,43.312355428230845,17.0,17.0,15.0,22
23,0.2,126,7.178047483950009,9.535414089539305,67.75991235670818,44.848696580705244,72.48325218308554,41.317452158125754,18.0,17.0,16.0,20
23,0.2,127,4.71645134983114,6.387875365774331,50.171779315446294,39.03782835838048,48.22750431361898,36.05473683833874,13.0,12.0,12.0,14
23,0.2,128,5.924602418883548,9.188452101132928,54.44451544359401,42.94984458309047,58.23967897286154,39.60116844272766,17.0,17.0,16.0,18
23,0.2,129,3.2146792799871764,4.141350583952384,49.16653638746349,34.89090488671348,49.24786099869039,32.278228029178415,13.0,11.0,12.0,13
23,0.2,130,3.964705012409497,7.1212361363806105,50.42721701815391,41.989176805052416,56.51613665337996,36.870340289612926,16.0,16.0,14.0,15
23,0.2,131,3.0232198793383636,6.272659892429392,53.88589912636229,38.75056824938267,55.92317319541191,35.79832464145921,12.0,12.0,12.0,14
23,0.2,132,5.443439118991655,8.129367087364024,53.50557658630889,41.92735431100591,55.52847173134893,38.68057824218511,16.0,15.0,15.0,15
23,0.2,133,6.285531573742538,7.550367141439782,48.066882765127225,41.195824936903115,46.20417747838789,36.77552663942424,14.0,13.0,13.0,14
23,0.2,134,4.896318386440034,7.019108254560319,54.27895336886759,42.06583113837095,54.36873424636808,38.81629869595151,15.0,14.0,13.0,17
23,0.2,135,5.135976270063466,6.851792923957405,44.61919712182993,36.87060733129637,48.963032002310534,35.56941063257722,14.0,13.0,12.0,15
23,0.2,136,3.018856295912445,6.482360267689655,58.54600076174437,41.163532551040525,62.627066504824384,36.15343938452338,13.0,14.0,12.0,14
23,0.2,137,3.9038686715953514,6.748239765675903,54.68956796867165,37.1647231891686,60.013788668835346,33.50667006184301,12.0,12.0,11.0,14
23,0.2,138,3.1319886826129304,5.375793660055376,42.143637652449414,34.39912812385639,45.08134396328887,31.844217184938117,11.0,12.0,10.0,12
23,0.2,139,3.917284505148928,5.988069636324569,53.79582587905835,36.82788512475087,57.54577120852958,35.53777785401734,12.0,11.0,11.0,12
23,0.2,140,5.807146004403378,8.644502586086805,48.06983994712991,39.62582675174287,48.14935055195739,37.86069028473317,14.0,13.0,11.0,13
23,0.2,141,4.408019324468469,6.205272968785511,49.60126758121773,36.178739005237745,51.47655179978929,31.833785295546804,14.0,13.0,13.0,13
23,0.2,142,4.301290054942779,9.343481237994604,54.756372400514856,44.225722988134216,61.368023226758496,40.76327316085549,17.0,17.0,15.0,15
23,0.2,143,5.687497572473192,7.542330712754184,46.51208651016078,38.51362221983992,45.947502815435165,36.50995898121271,14.0,12.0,13.0,15
23,0.2,144,3.969546034239024,9.430748554151105,53.63848830779756,42.10955548130645,59.96927063131603,42.91174802495671,14.0,13.0,14.0,16
23,0.2,145,3.878471044943459,5.8145094254116465,52.47766564276478,38.16637235193744,54.46169837027951,33.554136095845,14.0,12.0,12.0,14
23,0.2,146,4.277435534787969,7.815746315020992,46.89796176621858,39.471110716154335,52.560735505003485,37.28763336789686,15.0,16.0,15.0,16
23,0.2,147,3.075698387073093,4.148941302395999,42.90476066500049,33.37760584604578,44.079322811304735,31.723569202785594,10.0,11.0,10.0,11
23,0.2,148,4.272932747898295,5.31937815343647,49.61463232370267,36.239950404924194,51.49042182554398,33.496683234471405,13.0,13.0,12.0,12
23,0.2,149,4.315063397407221,7.024403877257547,50.624457481502276,39.458609114287555,52.53842562825094,40.71431474042957,12.0,14.0,12.0,14
24,0.2,100,7.338178981439474,10.401960423474723,63.00408871577643,45.71580468140455,61.52743038650043,44.03409141629528,16.0,16.0,15.0,20
24,0.2,101,5.315112475632297,7.705765621960523,56.666224993839364,43.20204824526157,59.32245429042558,38.83428434773815,15.0,15.0,14.0,19
24,0.2,102,1.8013600231948084,5.215419478894713,55.69055737002762,40.39282916758106,64.30996074369683,42.80389546626317,13.0,13.0,12.0,16
24,0.2,103,4.1797620683636145,7.526648591564529,60.781098132019565,42.37696937678015,65.41090834129449,38.092621656052415,16.0,15.0,14.0,16
24,0.2,104,4.513152925902475,9.239086255068736,57.89198128850748,42.93238349255482,63.77163563812152,40.323013256447474,17.0,17.0,17.0,16
24,0.2,105,2.517448046200985,4.697691257456659,51.5841169228296,34.82246927105988,56.823128797804486,31.40127554680014,12.0,11.0,11.0,14
24,0.2,106,3.884084331720199,5.76275434027082,52.0893493373384,38.493878534060734,50.86850521224453,36.247975714004994,10.0,11.0,10.0,10
24,0.2,107,2.867146887332041,5.586176582256736,56.914650482275135,40.06153918511868,62.69504467188121,34.25261600327648,14.0,11.0,11.0,14
24,0.2,108,9.029913314776685,15.0951927045496,64.498690904978,54.59221300012621,72.43505326242646,56.54581533888026,20.0,17.0,17.0,25
24,0.2,109,5.313159016396659,7.55703190082727,59.331401205196066,44.64479002177376,62.11256063668962,40.611152792240546,14.0,13.0,14.0,18
24,0.2,110,2.3047882720520696,3.4253779075117663,45.68691187054732,33.029440961907554,44.61612487358137,29.816811743347014,9.0,10.0,9.0,10
24,0.2,111,3.4646542131207534,4.5885684908861215,42.812098739206185,35.51624428254831,40.05272518765578,33.473051252089206,12.0,11.0,11.0,10
24,0.2,112,6.3445245835014035,7.8864484772007675,55.09172528574263,45.44573772836547,59.28816529774256,40.81962399972657,16.0,16.0,14.0,18
24,0.2,113,2.7654189909881755,5.236140033396153,46.591119175362714,40.34573275600291,52.324010792643676,36.308007470031065,14.0,13.0,13.0,14
24,0.2,114,6.002251969770112,8.387259389763246,56.47902943437663,42.207197013239806,57.25120366492475,41.46950043231889,15.0,15.0,15.0,14
24,0.2,115,5.021357716803905,7.775495468893512,60.81116748392117,45.30407098495101,63.66169095972997,40.69982508541632,15.0,14.0,14.0,17
24,0.2,116,5.622170591572042,8.564614168158304,55.08184372771118,40.68893806645808,58.92143349606534,39.18986349331806,14.0,14.0,13.0,18
24,0.2,117,4.568789859890772,11.34640428609918,61.46032461702715,49.26398391044985,70.94346064192003,46.42493477083636,14.0,14.0,14.0,23
24,0.2,118,5.95707603937643,9.659755114299514,58.64364861674711,44.71025879374009,63.110645288725905,43.65200154276272,16.0,16.0,14.0,17
24,0.2,119,3.6725100706933005,10.432035767749147,59.09434439712933,49.42077761372098,67.40448657797565,48.221110299995054,15.0,15.0,14.0,20
24,0.2,120,3.4604519085787047,5.381541851533246,58.49977058000744,43.950357376450334,62.95580779215645,41.29381850542311,13.0,14.0,13.0,18
24,0.2,121,3.583981619589747,7.841297462719909,59.02902542965251,41.088002543843196,67.32998213069742,36.95821382662098,14.0,13.0,14.0,16
24,0.2,122,6.217274931620473,8.019723427235292,51.90107842971605,44.72727221725262,50.68464690401959,40.16718704197803,17.0,16.0,15.0,13
24,0.2,123,4.500637484417328,9.089166586609888,59.77142094944334,42.48479509834591,66.98862229754484,40.933550433711815,14.0,13.0,14.0,16
24,0.2,124,10.506648215603288,12.36689401804799,56.80760303618793,50.85779986511898,59.47045942850923,51.28477766249405,17.0,15.0,15.0,19
24,0.2,125,8.377920864036575,11.489066449662412,62.61740137036803,49.2969133234516,67.38708624037653,52.38329486232368,17.0,18.0,16.0,20
24,0.2,126,4.775452227719185,11.480756919985136,64.13702513929697,50.61713811636252,73.1562942995106,52.51877002859259,17.0,18.0,17.0,21
24,0.2,127,3.5027975967695317,7.420956451576275,56.88986478159212,39.69694887058833,61.22327245050246,35.70697609498382,16.0,14.0,14.0,13
24,0.2,128,6.628972546179334,9.505139409008297,57.087553376231426,47.41136456733945,62.885508016004934,44.50106875126392,18.0,17.0,16.0,19
24,0.2,129,4.122076567600179,4.4565151751216945,48.309871517902614,37.20600028712744,45.1961493302253,35.03523796984324,12.0,12.0,11.0,12
24,0.2,130,4.571432893727723,10.339360460974312,55.298442836352386,46.42678032578887,64.37084361419147,47.43873999519694,16.0,15.0,14.0,20
24,0.2,131,3.449972581306124,6.92492476454085,56.32513635973877,42.103279398372244,63.2557683727535,41.15216979226957,14.0,13.0,13.0,18
24,0.2,132,6.1474164810898575,8.910531216240848,58.55307077123546,43.93875919360833,57.18073317503462,42.89876274156152,18.0,16.0,15.0,18
24,0.2,133,6.36844289622195,9.12155591205486,53.61927176533037,45.38929690125379,54.352347746497,40.78411227527338,16.0,14.0,13.0,18
24,0.2,134,7.3017781341515615,8.85649053742263,60.919907896707976,47.02126266003404,63.77552857936617,48.832436423482456,17.0,16.0,15.0,18
24,0.2,135,4.1397829525522285,8.111118810183365,54.292035396175784,40.86375899764364,61.88676246482798,39.383282685131725,12.0,12.0,12.0,15
24,0.2,136,4.793477673256291,10.221117634005616,72.61650610944184,43.38044651204448,83.85559200303457,43.31938487871748,15.0,14.0,15.0,19
24,0.2,137,1.6949747105580826,4.657524240378695,61.533387480371424,42.03615254950306,71.02779687675687,43.72239845255554,14.0,13.0,14.0,16
24,0.2,138,3.3611669355955316,7.032643342101986,54.068153277679684,37.85289345356019,60.59670392155831,36.51703099932465,12.0,12.0,11.0,12
24,0.2,139,3.368360194795985,5.664656869046957,52.828336874868704,41.863687864776914,55.30466516587818,39.35622739370955,14.0,13.0,12.0,15
24,0.2,140,3.923007563988646,7.169642072669341,50.29898974184124,42.20478009083368,55.407480887496995,39.325795981722806,15.0,16.0,15.0,14
24,0.2,141,4.2263850353578265,7.527233219700766,52.32500211624795,39.79816837201074,56.31069563682152,35.806463295176485,14.0,13.0,13.0,15
24,0.2,142,7.648651352023428,10.613672980757265,63.296656021154625,47.744821207667584,65.68972430172758,47.615416617557784,18.0,17.0,17.0,25
24,0.2,143,4.06979607713445,7.809256360449291,65.50032554154839,42.863154092077934,74.71130882082863,43.30964528053708,15.0,14.0,14.0,19
24,0.2,144,2.9171707808010487,7.3826978666854,57.902462151756176,43.75955281360552,66.0449958918469,42.73099112637839,15.0,15.0,15.0,16
24,0.2,145,4.444050946909067,7.781035710744008,55.518728290879324,41.895449611812474,62.35013431104612,39.386086744438295,14.0,14.0,13.0,16
24,0.2,146,4.527145550474919,9.86516723682676,57.05578822506133,45.54986322432632,65.07925844421058,42.77416843409394,18.0,15.0,16.0,18
24,0.2,147,0.0,0.0,45.059645619611366,40.88888888888893,52.452243729078866,46.18055555555561,12.0,11.0,11.0,17
24,0.2,148,2.5602290636281557,3.8165245077772956,49.42373518354623,38.14123397997904,54.44333328812514,40.656171595533905,14.0,14.0,13.0,14
24,0.2,149,4.955732342805097,7.369000985868404,54.10106775074414,43.71361201711848,59.5957074441791,39.28614517498288,15.0,14.0,14.0,15
