Number of Nodes,Degree,Seed,Lower Bound,Lower Bound (normalized),Generic Upper Bound,Generic Upper Bound (normalized),Main Thm Upper Bound,Main Thm Upper Bound (normalized),Greedy Upper Bound,Cotengra Upper Bound,HyperOpt Upper Bound,Largest HSC Rank
20,4,0,5.133143648435427,5.133143648435425,35.2277865792557,35.22778657925569,28.182229263404558,28.117133840574766,12.0,12.0,11.0,10
20,4,1,4.34476931004914,4.34476931004914,34.60951503273478,34.60951503273471,27.68761202618782,26.389755212460216,13.0,12.0,12.0,10
20,4,2,2.6950197545224186,2.695019754522419,36.3068271879861,36.306827187986066,30.770036041818223,29.408530022268714,10.0,9.0,9.0,10
20,4,3,4.4716876911311765,4.471687691131174,36.19362823705229,36.19362823705232,30.67409993090181,29.316838872012383,11.0,11.0,11.0,10
20,4,4,5.1870437411000045,5.187043741100008,36.24019134173579,36.24019134173577,32.25377029414486,30.894763118829744,12.0,11.0,11.0,10
20,4,5,3.9297917678941663,3.9297917678941645,33.972017816140564,33.97201781614053,27.177614252912452,25.903663584807152,13.0,12.0,11.0,10
20,4,6,5.392005797411957,5.392005797411957,37.45599795280749,37.45599795280754,33.33583817799867,31.931238254768427,9.0,9.0,9.0,12
20,4,7,3.8524033394855497,3.852403339485549,34.31603573383112,34.31603573383118,29.082840284421874,27.795988944403256,12.0,12.0,11.0,8
20,4,8,5.266347018761616,5.266347018761613,35.98124185856206,35.98124185856203,32.023305254120224,30.674008684424127,11.0,11.0,11.0,10
20,4,9,4.337665429505313,4.337665429505317,34.414453094738455,34.41445309473854,30.628863254317228,29.338321263264604,11.0,13.0,11.0,10
20,4,10,4.47181567194176,4.471815671941759,36.15482751719257,36.15482751719259,30.641216320820703,29.285410288925995,10.0,11.0,10.0,10
20,4,11,5.737540470394614,5.737540470394613,36.553973833256855,36.55397383325701,33.90381073034574,32.53303671159874,11.0,11.0,10.0,10
20,4,12,5.531499481403284,5.531499481403284,37.48221338961921,37.48221338961923,29.98577071169537,28.996036473658243,10.0,9.0,9.0,8
20,4,13,6.4448192873539725,6.444819287353974,35.18181471181944,35.181814711819335,30.818712051488305,30.818712051488312,12.0,13.0,12.0,10
20,4,14,5.7541819249079555,5.754181924907957,36.35303118073635,36.353031180736316,32.354197750855356,30.99095908157771,12.0,11.0,10.0,12
20,4,15,4.797304902969907,4.797304902969905,33.392056101240975,33.39205610124104,30.971132033901007,29.718929930104526,13.0,13.0,13.0,10
20,4,16,3.6362176091831513,3.6362176091831473,34.77629423248635,34.7762942324863,29.472909362032183,28.168798328313898,12.0,11.0,11.0,10
20,4,17,4.796416305567891,4.796416305567891,36.79446268303106,36.79446268303095,29.435570146424848,28.0557777958111,11.0,10.0,10.0,10
20,4,18,3.9011770607011167,3.9011770607011167,37.04494980817023,37.044949808170294,32.97000532927151,31.58081971146517,9.0,11.0,9.0,10
20,4,19,5.088889756433245,5.088889756433245,34.94894339860093,34.94894339860104,29.619229530314293,28.308644152866837,14.0,13.0,12.0,10
20,4,20,5.386769509520908,5.386769509520908,34.9507490687681,34.95074906876796,31.10616667120361,29.795513581124688,13.0,12.0,12.0,10
20,4,21,5.4077701630419694,5.407770163041966,37.10047288759545,37.10047288759542,31.442650772237144,30.05138303895229,10.0,9.0,9.0,10
20,4,22,4.3239111641974395,4.32391116419744,34.59615484326094,34.596154843260905,33.212308649530506,31.914952842908182,13.0,12.0,12.0,12
20,4,23,5.044886899725172,5.044886899725173,34.101563318119396,34.10156331811943,28.901074912106193,27.622266287676737,13.0,13.0,12.0,10
20,4,24,5.7161126779045945,5.716112677904592,35.74248281819653,35.74248281819659,31.81080970819491,30.470466602512587,12.0,12.0,11.0,10
20,4,25,4.917798630496835,4.917798630496834,35.600121279031505,35.60012127903161,30.171102783979205,28.8360982360156,13.0,13.0,11.0,10
20,4,26,5.258715872216081,5.258715872216079,35.84338110326643,35.843381103266545,28.67470488261315,28.400176286184635,11.0,10.0,10.0,10
20,4,27,5.661053520239986,5.661053520239983,35.377914819454745,35.37791481945475,29.27027550968988,29.27027550968987,12.0,13.0,12.0,10
20,4,28,6.072201165883191,6.07220116588319,36.79381162685263,36.79381162685264,32.746492347898844,31.36672441189187,11.0,10.0,10.0,12
20,4,29,5.011101442018614,5.011101442018619,35.84049202631368,35.84049202631359,30.37481699230085,29.030798541314006,11.0,13.0,11.0,10
20,4,30,4.677886711352193,4.677886711352189,34.827909858241235,34.82790985824122,29.51665360485945,28.210606985175385,14.0,13.0,12.0,10
20,4,31,4.710424444991881,4.710424444991878,36.5356024931024,36.53560249310245,29.228481994481925,27.858396900990616,10.0,10.0,10.0,10
20,4,32,6.630910709847052,6.630910709847053,37.30628527074324,37.306285270743174,33.20259389096148,31.803608193308555,10.0,9.0,9.0,12
20,4,33,5.332474434706937,5.3324744347069375,36.9145201438347,36.91452014383468,29.53161611506776,28.56381933562865,10.0,9.0,9.0,10
20,4,34,4.655114657698637,4.655114657698637,35.24524428122691,35.245244281226874,31.36826741029195,30.046570749745904,12.0,11.0,11.0,10
20,4,35,4.906222344453034,4.906222344453032,34.59867544213877,34.59867544213881,30.792821143503502,29.495370814423335,12.0,12.0,12.0,10
20,4,36,4.742559704647212,4.742559704647212,35.86469102417258,35.86469102417256,28.691752819338063,27.346826905931575,13.0,11.0,11.0,10
20,4,37,4.638422893354543,4.638422893354538,35.976587439596024,35.97658743959593,32.019162821240464,30.67004079225553,12.0,11.0,11.0,10
20,4,38,4.4205301322705655,4.420530132270565,33.98401647462076,33.984016474620795,28.801453962241098,27.527053344442844,13.0,13.0,12.0,10
20,4,39,5.2321646379768,5.232164637976804,35.944813765683286,35.944813765683165,28.75585101254663,28.340799727008744,12.0,12.0,11.0,10
20,4,40,3.2121479332896286,3.2121479332896268,35.48548614892488,35.485486148924934,32.91278840312783,31.582082672543187,11.0,11.0,10.0,10
20,4,41,4.810149051060312,4.8101490510603115,35.80628645998648,35.80628645998642,28.64502916798919,27.362256190881546,12.0,11.0,11.0,10
20,4,42,5.241938044897259,5.241938044897263,36.60079538015362,36.6007953801537,32.574707888336725,31.202178061581026,10.0,9.0,9.0,12
20,4,43,4.830951782475233,4.830951782475231,35.80033250670101,35.80033250670091,30.34078179942911,28.99826933042774,12.0,12.0,12.0,10
20,4,44,3.9778875193117234,3.9778875193117207,37.10826552724404,37.10826552724392,31.44925503433933,30.057695077067574,9.0,9.0,9.0,10
20,4,45,3.822527321263858,3.822527321263858,33.822905018427804,33.822905018427775,28.66491200311756,27.396553064926493,12.0,11.0,11.0,10
20,4,46,5.307979989849423,5.307979989849424,35.34083949588174,35.340839495881816,28.509686504526783,28.509686504526783,12.0,12.0,12.0,10
20,4,47,5.1347695132477655,5.134769513247763,36.50307536894036,36.503075368940245,32.48773707835692,31.118871752021555,11.0,11.0,10.0,10
20,4,48,3.4011966730279353,3.401196673027935,36.76065342550039,36.760653425500315,31.15465377811158,29.776129274655254,10.0,9.0,9.0,10
20,4,49,5.416158427883355,5.416158427883353,35.1008074767094,35.10080747670951,28.7471952228752,28.74719522287519,13.0,13.0,12.0,10
20,4,50,4.741182443228743,4.7411824432287455,36.302834127960566,36.30283412796048,29.04226730236845,27.680911022569866,12.0,11.0,10.0,10
20,4,51,4.370987509688872,4.370987509688874,34.143290311293256,34.143290311293285,28.936438538821037,27.65606515214756,13.0,12.0,12.0,10
20,4,52,4.777800321794189,4.77780032179419,35.26961150479951,35.26961150479957,29.890995750317582,28.568385318887653,12.0,11.0,11.0,10
20,4,53,3.8568952597384927,3.8568952597384927,36.06473241939495,36.06473241939509,30.56486072543722,29.21243325971002,11.0,11.0,11.0,10
20,4,54,4.889017496408614,4.889017496408611,35.88524151220566,35.88524151220549,31.937864945863037,30.592168389155177,11.0,11.0,11.0,12
20,4,55,4.927922510946733,4.9279225109467335,36.201777304361855,36.201777304362,28.961421843489482,27.642108717205637,12.0,11.0,11.0,12
20,4,56,3.8610772895675645,3.861077289567563,35.530303635810654,35.53030363581071,28.424242908648523,27.091856522305665,11.0,10.0,10.0,10
20,4,57,4.667272355257415,4.667272355257417,34.2959190364853,34.29591903648527,29.065791383421296,27.77969441955307,13.0,13.0,12.0,10
20,4,58,5.0188774814154735,5.018877481415477,35.379593413987635,35.37959341398776,31.487838138448993,30.16110338542457,13.0,13.0,12.0,8
20,4,59,4.571486838429807,4.571486838429807,37.16346656203968,37.16346656203957,31.49603791132863,30.102407915252044,10.0,10.0,10.0,12
20,4,60,5.061854298255436,5.061854298255438,35.9096857228536,35.90968572285367,28.72774857828288,27.953900102554485,13.0,11.0,11.0,8
20,4,61,4.145690088232533,4.145690088232529,36.119894241886215,36.1198942418862,28.895915393508975,27.541419359438226,11.0,10.0,10.0,10
20,4,62,4.159784027185721,4.1597840271857205,35.97837080698847,35.97837080698851,30.49166925892273,29.142480353660684,11.0,12.0,10.0,10
20,4,63,4.660926923084031,4.660926923084033,33.760032675669414,33.76003267566953,28.611627692629828,27.345626467292313,15.0,13.0,12.0,10
20,4,64,5.100846833756302,5.1008468337562975,35.02581629978523,35.02581629978528,31.172976506808855,29.85950839556695,13.0,13.0,12.0,8
20,4,65,5.597092690687983,5.5970926906879805,35.29910108527162,35.299101085271765,29.915988169767704,28.592271879070125,13.0,12.0,12.0,10
20,4,66,4.893277758800369,4.893277758800367,35.91477118982719,35.91477118982719,33.310950278564725,31.9641463589462,12.0,12.0,11.0,10
20,4,67,5.921839777353096,5.921839777353098,35.659743472270804,35.65974347227071,33.074412070531174,31.737171690320935,14.0,12.0,12.0,12
20,4,68,5.234807245480519,5.234807245480519,36.41838884136031,36.41838884136036,33.778055650361686,32.41236606881072,13.0,11.0,10.0,10
20,4,69,6.2391773780345,6.239177378034507,35.42309849084434,35.423098490844275,32.854923850258125,31.526557656851402,12.0,12.0,11.0,10
20,4,70,6.415027901171824,6.41502790117182,36.31848857719155,36.318488577191616,30.763128431794165,30.763128431794158,11.0,11.0,10.0,12
20,4,71,5.408829653775193,5.4088296537751965,37.25574834188185,37.25574834188184,29.80459867350548,28.731231816139967,10.0,9.0,9.0,10
20,4,72,5.534603686543603,5.534603686543608,35.476697577735315,35.47669757773536,29.00267201258178,29.00267201258179,12.0,12.0,12.0,10
20,4,73,6.450106901172905,6.450106901172901,35.934949196021535,35.934949196021634,30.45486944362825,29.107308848777524,12.0,12.0,11.0,12
20,4,74,5.1306168053718535,5.130616805371857,35.43613107848263,35.43613107848251,30.032121089014034,28.70326617357083,13.0,12.0,11.0,10
20,4,75,5.083198409475789,5.083198409475784,36.78473616469462,36.78473616469467,32.73841518657821,31.358987580402204,12.0,9.0,9.0,10
20,4,76,4.382598886283447,4.382598886283449,34.39006000565589,34.39006000565595,29.145575854793368,27.855948604581314,12.0,13.0,12.0,10
20,4,77,4.67466101317011,4.67466101317011,35.46070244303548,35.460702443035544,30.05294532047257,28.723168978858787,12.0,12.0,11.0,10
20,4,78,6.381339006603799,6.381339006603799,36.80883498147003,36.80883498147,31.195487646795847,29.815156334990697,10.0,10.0,10.0,12
20,4,79,6.556074739264071,6.556074739264075,36.28916471857761,36.28916471857766,30.755067098994523,29.3942234220479,11.0,11.0,10.0,10
20,4,80,4.478286565362152,4.478286565362152,36.21280860857229,36.2128086085722,30.690355295765013,29.332374972943484,11.0,12.0,11.0,10
20,4,81,4.768086467873932,4.768086467873932,35.687901501006,35.68790150100612,30.24549652210259,28.907200215814953,12.0,12.0,11.0,12
20,4,82,5.117675549583471,5.117675549583472,35.95567353606411,35.955673536064154,33.348887204699466,32.0005494470971,11.0,11.0,11.0,10
20,4,83,5.084395140105469,5.084395140105466,35.48963453887788,35.48963453887774,30.077465271699005,28.746603976490967,14.0,12.0,12.0,10
20,4,84,4.740258713531975,4.740258713531972,36.92989235386297,36.929892353862826,34.2524751582079,32.86760419493792,11.0,10.0,10.0,10
20,4,85,6.939129786071715,6.939129786071709,35.363768101483664,35.363768101483636,31.706092165645764,31.706092165645753,12.0,12.0,12.0,12
20,4,86,5.277079326576578,5.2770793265765805,35.66355950714096,35.663559507140846,33.07795144287324,31.74056796135535,12.0,11.0,11.0,12
20,4,87,5.993306912378835,5.993306912378835,35.537688533001884,35.537688533001834,31.62854279437168,30.295879474384062,12.0,12.0,12.0,10
20,4,88,3.725990279222955,3.725990279222955,33.76080907128203,33.76080907128191,27.008647257025626,25.742616916852455,12.0,10.0,11.0,10
20,4,89,6.54304525650272,6.543045256502721,35.52872554030901,35.52872554030891,30.11059489541189,28.778267687650217,13.0,12.0,12.0,10
20,4,90,4.351435251049379,4.351435251049383,35.51620541949859,35.51620541949857,30.099984093025057,28.76812638979384,13.0,11.0,11.0,8
20,4,91,6.245206799881528,6.245206799881525,36.96322778900914,36.963227789009196,31.326335551185245,29.940214509097448,10.0,9.0,9.0,10
20,4,92,6.157645183256625,6.157645183256629,35.30657217796522,35.30657217796523,29.922319920825522,28.598323464151836,13.0,13.0,12.0,10
20,4,93,5.324718245154768,5.324718245154766,36.874620209209965,36.874620209210114,29.499696167367976,28.54670074022644,12.0,10.0,10.0,10
20,4,94,4.591972021665403,4.591972021665407,35.75275061125061,35.752750611250704,31.819948044013046,30.479219896091227,12.0,11.0,11.0,10
20,4,95,5.255977481268971,5.2559774812689675,36.21780645897323,36.21780645897333,30.694590973979814,29.336423231768393,11.0,11.0,11.0,10
20,4,96,4.448083221089358,4.44808322108936,36.050986325780265,36.050986325780336,28.84078906062421,27.4888770734075,12.0,11.0,10.0,10
20,4,97,5.424770380677762,5.424770380677764,36.33359647064524,36.333596470645176,30.792723008871846,29.43021314122259,11.0,11.0,11.0,10
20,4,98,5.314382310993297,5.314382310993297,35.80892377109414,35.8089237710942,33.21277679768982,31.869942156273837,12.0,12.0,11.0,10
20,4,99,6.003753789200248,6.0037537892002435,35.27744942987968,35.27744942987972,29.969944411472966,29.969944411472955,13.0,13.0,12.0,10
21,4,0,5.185338074813268,5.18533807481327,38.25946728880904,38.25946728880908,31.405730518251417,30.039320972222544,11.0,11.0,11.0,12
21,4,1,4.073779351877786,4.073779351877784,37.92065181492171,37.92065181492152,31.12760987982236,29.773300886432143,12.0,12.0,11.0,10
21,4,2,5.853901211791084,5.85390121179108,36.94876551228205,36.948765512281916,30.329825658607945,29.089037950230665,13.0,12.0,12.0,10
21,4,3,4.610554676975986,4.610554676975985,36.809718408456504,36.80971840845642,31.801593454925012,30.486960654622916,12.0,12.0,12.0,12
21,4,4,4.295395136270938,4.29539513627094,37.48420018298578,37.48420018298576,30.769343460863617,29.43062202575696,12.0,12.0,11.0,10
21,4,5,6.032962092717239,6.032962092717235,38.160762578323144,38.160762578323094,31.32470760397501,29.96182322617771,12.0,11.0,11.0,10
21,4,6,2.902872759266623,2.902872759266623,38.29002978910232,38.29002978910237,33.08050192663942,31.713000862742952,11.0,10.0,9.0,10
21,4,7,5.371716844211006,5.37171684421101,37.99350772672323,37.99350772672319,32.824323001998984,31.46741201175883,11.0,11.0,11.0,10
21,4,8,4.257884278909595,4.257884278909595,38.4947473638762,38.49474736387627,36.050636420138034,34.67582401428537,11.0,11.0,10.0,10
21,4,9,4.384705367406285,4.384705367406285,39.91771776056175,39.917717760561764,32.76692478304616,31.341292005883247,9.0,8.0,8.0,8
21,4,10,3.269326690632128,3.269326690632127,39.46209471835459,39.46209471835471,34.0931022396669,32.68374171401147,9.0,9.0,9.0,10
21,4,11,4.251522022244475,4.2515220222444725,38.54587619476322,38.54587619476331,33.30153929751652,31.92490086198934,11.0,11.0,11.0,10
21,4,12,4.531168884139648,4.531168884139647,37.97708796843667,37.977087968436706,31.17393615549677,29.817611585195486,11.0,10.0,10.0,10
21,4,13,4.945055441600296,4.945055441600296,36.449343510382434,36.44934351038234,31.490249155228366,30.188486887000344,13.0,13.0,13.0,10
21,4,14,5.049424170372855,5.049424170372855,38.40877142357853,38.408771423578536,31.528288560851312,30.156546724294937,11.0,10.0,10.0,8
21,4,15,5.463178443067553,5.4631784430675525,37.44318181698298,37.44318181698302,32.34887136569278,31.011614872229135,11.0,12.0,11.0,10
21,4,16,4.5731787111451645,4.573178711145163,36.722874195594805,36.72287419559479,30.144400133345396,28.832868912074144,13.0,13.0,12.0,10
21,4,17,4.322726846006055,4.322726846006055,35.65838564027845,35.65838564027831,30.806904600784787,29.53339082791758,13.0,13.0,12.0,10
21,4,18,4.9098692848373835,4.909869284837381,38.216199393350195,38.216199393350124,33.016716482690306,31.651852218642023,12.0,11.0,11.0,12
21,4,19,5.157886794520662,5.1578867945206595,38.7801605740518,38.7801605740519,31.83314768210148,30.44814194731399,10.0,10.0,10.0,10
21,4,20,5.745459587104196,5.745459587104197,39.34990659408721,39.34990659408719,32.300830356144154,30.895476549212447,10.0,9.0,9.0,10
21,4,21,4.551418768645345,4.551418768645346,37.24770638638683,37.24770638638687,30.575214766149738,29.24493953806452,13.0,13.0,12.0,10
21,4,22,5.151077647388434,5.151077647388436,38.95045254889697,38.95045254889714,33.651071249727316,32.25998365869542,10.0,10.0,10.0,10
21,4,23,4.073353165912564,4.073353165912566,36.72636467475042,36.72636467475036,30.147265333922114,28.835609452680973,13.0,13.0,12.0,10
21,4,24,5.6601367654073975,5.660136765407394,38.16508945452432,38.165089454524306,31.328259370834026,29.96522046174386,12.0,12.0,11.0,10
21,4,25,6.142409147585654,6.14240914758565,37.99883010071972,37.99883010071972,32.82892124347895,31.471820168453238,13.0,11.0,11.0,12
21,4,26,5.01457585144383,5.014575851443827,38.10194832326707,38.101948323267095,31.276429235879093,29.915645367191,11.0,11.0,10.0,10
21,4,27,3.822142536692695,3.822142536692697,37.71741027613571,37.71741027613576,30.96077668925426,29.61372632224945,12.0,12.0,11.0,12
21,4,28,5.59557631550572,5.595576315505716,38.291625630089825,38.2916256300899,34.55797505844841,33.19041700023098,12.0,11.0,11.0,10
21,4,29,4.765693595764366,4.765693595764367,38.28633217943849,38.28633217943858,34.5531977492438,33.18582874283537,11.0,11.0,10.0,8
21,4,30,5.81835862891027,5.818358628910268,37.938238910912666,37.93823891091271,34.2390455477171,32.88410844375597,12.0,11.0,11.0,10
21,4,31,5.2608849214054025,5.260884921405401,38.30807049959286,38.308070499592766,31.44562703141183,30.07748165642629,12.0,12.0,10.0,12
21,4,32,6.295401370256766,6.295401370256769,36.119866800428646,36.11986680042873,31.2055992085336,29.91560396566121,14.0,14.0,14.0,12
21,4,33,4.975241804892255,4.975241804892253,36.42297761182017,36.42297761182017,31.4674704537494,30.166649824755822,13.0,13.0,13.0,10
21,4,34,4.441992281237099,4.441992281237097,37.88332508599059,37.88332508599058,35.4780346043404,34.12505870841215,12.0,13.0,11.0,8
21,4,35,5.536691747508966,5.536691747508967,37.50793144277049,37.50793144277042,30.788823542591654,29.449254562492648,14.0,12.0,12.0,10
21,4,36,4.391449623022447,4.391449623022446,38.3222523386383,38.3222523386383,34.58561548929262,33.21696362005554,11.0,11.0,10.0,10
21,4,37,4.423606107057511,4.423606107057512,37.76913615024892,37.7691361502488,31.00323647707508,29.654338757423236,12.0,12.0,11.0,10
21,4,38,4.495084909493404,4.495084909493407,37.64786843904885,37.64786843904884,33.97698784295112,32.63242111298508,12.0,13.0,12.0,12
21,4,39,6.691927508375122,6.691927508375125,36.91141263154532,36.91141263154535,30.68479147669611,30.68479147669612,13.0,13.0,12.0,12
21,4,40,5.712276413288466,5.712276413288466,36.90501543074791,36.90501543074798,30.293912893267,28.975876627883196,13.0,13.0,12.0,10
21,4,41,5.542807710190702,5.542807710190698,36.45143782235296,36.45143782235299,29.92158841653463,28.61975135145062,15.0,13.0,12.0,12
21,4,42,3.9606535300996986,3.9606535300996977,36.98218632006865,36.982186320068664,31.950596344549105,30.629803975975236,13.0,12.0,11.0,10
21,4,43,6.6379289346064905,6.637928934606498,37.48871683186983,37.48871683186986,30.77305100484553,30.587656049991065,12.0,12.0,12.0,10
21,4,44,4.601343951524196,4.601343951524195,38.24688554041773,38.246885540417765,33.04322764376226,31.677267445890223,11.0,10.0,10.0,8
21,4,45,3.4229097849516865,3.4229097849516865,37.71203699642611,37.71203699642611,32.581147609157256,31.234289144999174,11.0,11.0,11.0,12
21,4,46,4.3135755277961385,4.3135755277961385,36.68883577614009,36.68883577614,31.697157439250283,30.38684187581664,13.0,12.0,12.0,10
21,4,47,5.074728897166908,5.074728897166907,37.74810376286423,37.748103762864204,32.61230733254257,31.264160769583107,12.0,11.0,12.0,8
21,4,48,4.508658446358192,4.5086584463581945,36.383809124830954,36.38380912483095,29.866074610405455,28.5666528559472,14.0,12.0,12.0,10
21,4,49,4.4501918766591375,4.450191876659139,38.13266526771352,38.13266526771353,34.41451423253964,33.0526333301213,11.0,11.0,11.0,10
21,4,50,3.4554332256358493,3.4554332256358467,38.352373865149794,38.352373865149865,33.13436381546955,31.764636177428546,12.0,12.0,11.0,10
21,4,51,6.057494854358205,6.057494854358201,37.40895292441636,37.40895292441634,30.70757586992908,29.494716544067398,13.0,13.0,12.0,10
21,4,52,3.73858608650857,3.7385860865085685,36.16744622935437,36.16744622935447,32.640915191118005,31.34922068292686,13.0,12.0,11.0,8
21,4,53,5.0703127595931665,5.0703127595931665,37.87225846777885,37.87225846777891,34.17949857182762,32.82691791226415,12.0,11.0,11.0,10
21,4,54,3.7743381385885226,3.7743381385885195,37.199821924726535,37.19982192472679,30.535908246600922,29.20734317786089,12.0,12.0,11.0,8
21,4,55,5.910577023576651,5.910577023576651,38.78994820730997,38.78994820730991,31.841181975161476,30.455826682043217,12.0,11.0,11.0,12
21,4,56,3.946984825276842,3.9469848252768442,36.41254915468739,36.41254915468737,29.889666199539313,28.58921801544331,14.0,11.0,11.0,12
21,4,57,7.487295371606364,7.487295371606365,38.82076453963545,38.8207645396354,32.033105619418386,32.03310561941839,11.0,10.0,10.0,12
21,4,58,4.015683517739651,4.015683517739649,37.17588526733523,37.17588526733534,33.55102570612114,32.22331551800212,11.0,12.0,11.0,10
21,4,59,5.273401752015083,5.273401752015078,36.3653927890034,36.365392789003415,29.85095734607536,28.552193317896673,13.0,14.0,13.0,10
21,4,60,5.396858622275423,5.396858622275423,36.674406207346316,36.67440620734634,30.104614619182236,28.794814397491315,14.0,13.0,12.0,10
21,4,61,4.143441135481208,4.143441135481207,37.12607172958514,37.126071729585064,33.50606927069135,32.18013813749182,13.0,13.0,11.0,10
21,4,62,4.501624849135629,4.501624849135627,37.24506884592689,37.24506884592682,30.573049710261984,29.242868680050258,12.0,11.0,11.0,10
21,4,63,3.767012596326614,3.7670125963266115,37.22954710098225,37.22954710098225,32.164302597447254,30.83467591526931,11.0,11.0,11.0,12
21,4,64,5.383363408293748,5.38336340829375,38.075005609871695,38.07500560987172,32.89473273778031,31.53491110885634,13.0,12.0,12.0,14
21,4,65,4.637170394176721,4.63717039417672,36.96051579908951,36.96051579908958,33.356655981944726,32.03663756054873,13.0,13.0,12.0,10
21,4,66,4.809712654666754,4.809712654666751,37.677803848864095,37.67780384886411,36.3962458948211,35.05061004307597,13.0,12.0,11.0,10
21,4,67,5.123039475938857,5.123039475938856,38.24596757515782,38.245967575157806,31.394649120651096,30.028721707252586,12.0,11.0,11.0,10
21,4,68,7.273244221133486,7.273244221133481,38.351607007368074,38.35160700736803,33.133701292079905,31.76400104181672,12.0,11.0,11.0,12
21,4,69,4.963399328947738,4.963399328947738,37.45529218677803,37.455292186778046,32.35933406612796,31.021645059457324,14.0,12.0,12.0,10
21,4,70,6.489703391133777,6.489703391133777,38.057445629789214,38.057445629789186,31.23989868023514,30.31715087170981,12.0,11.0,11.0,10
21,4,71,5.603453107507952,5.603453107507948,37.19569000337749,37.19569000337746,32.13505190767988,30.80663440755922,14.0,13.0,12.0,12
21,4,72,5.101510219932426,5.101510219932428,37.97758895342965,37.977588953429574,31.174347394878765,29.818004932256216,12.0,11.0,11.0,10
21,4,73,4.490008310339562,4.490008310339562,36.98839087245266,36.98839087245266,30.362352598249124,29.04133863851867,13.0,13.0,12.0,10
21,4,74,5.959281787815308,5.959281787815311,38.71856195531182,38.71856195531194,31.78258373655982,30.39977795244163,10.0,10.0,9.0,10
21,4,75,5.9673530885542165,5.967353088554212,36.58886737439624,36.58886737439612,30.03439906923229,29.316594449279563,14.0,13.0,13.0,10
21,4,76,5.320033748066431,5.320033748066433,37.03757991343938,37.03757991343939,30.40272999697292,29.079959285778656,12.0,12.0,12.0,10
21,4,77,4.330712806919799,4.330712806919796,37.300094853923014,37.30009485392286,33.66312415388063,32.330977909097534,11.0,11.0,11.0,12
21,4,78,4.994345109666806,4.994345109666809,36.61280501469029,36.61280501469037,30.054048560811534,28.74644838171551,13.0,14.0,12.0,8
21,4,79,2.546141082423401,2.5461410824233996,35.69561773430893,35.69561773430894,29.301164670793273,28.02632118028225,10.0,10.0,10.0,8
21,4,80,4.627351784789727,4.627351784789724,37.833898749574175,37.83389874957413,32.68642953194504,31.33521886231735,11.0,11.0,11.0,10
21,4,81,5.152621256420567,5.152621256420569,37.680501319381754,37.68050131938171,34.0064388324579,32.66070664247995,13.0,13.0,12.0,10
21,4,82,4.549330369691235,4.549330369691239,36.452852009202296,36.45285200920236,31.493280307270012,30.19139273551284,12.0,14.0,12.0,8
21,4,83,4.795011866528384,4.795011866528386,37.65836224884689,37.65836224884674,32.53477554832351,31.18983403943599,13.0,11.0,11.0,10
21,4,84,4.850961656540054,4.850961656540058,37.9143003328874,37.914300332887294,32.7558921243313,31.401809969585226,11.0,12.0,11.0,10
21,4,85,6.250568892877228,6.250568892877227,38.235477197483206,38.23547719748318,31.38603797163021,30.020485214577217,12.0,11.0,11.0,12
21,4,86,4.793647484145137,4.793647484145134,38.21174181682059,38.21174181682057,33.01286537915793,31.648160314271454,13.0,11.0,11.0,10
21,4,87,3.759831320966847,3.759831320966848,38.65537898560526,38.65537898560512,31.730719258025186,30.350170008539166,10.0,10.0,10.0,10
21,4,88,3.8706181491434157,3.870618149143415,36.629851328575086,36.62985132857506,33.058233171820596,31.750024195800034,13.0,12.0,12.0,10
21,4,89,5.45076679499326,5.4507667949932666,37.27519049131997,37.27519049132005,33.640648107812574,32.30939130455123,13.0,12.0,12.0,10
21,4,90,3.8461487912642225,3.8461487912642256,35.70296058148654,35.7029605814866,29.307192132648822,28.03208639759577,12.0,12.0,11.0,8
21,4,91,6.173881986042728,6.173881986042728,38.67122596032792,38.67122596032785,31.743727432287315,30.36261221941841,10.0,10.0,10.0,12
21,4,92,4.756069499138629,4.756069499138628,36.930005365788496,36.930005365788425,31.905514839830882,30.58658607676694,14.0,13.0,12.0,10
21,4,93,5.331049026455328,5.33104902645533,39.36890142812307,39.368901428123,32.316422487484246,30.91039029362265,10.0,10.0,9.0,12
21,4,94,5.400426963167399,5.400426963167398,37.520985894593764,37.52098589459371,30.799539441820734,29.45950423129948,13.0,12.0,12.0,12
21,4,95,4.483504176932265,4.4835041769322626,36.89742695057543,36.897426950575365,31.877368862061772,30.559603613826873,12.0,11.0,12.0,10
21,4,96,4.854221125983682,4.854221125983679,37.75540437564507,37.75540437564504,32.618614664672954,31.27020736554275,12.0,11.0,11.0,12
21,4,97,3.9414398792442955,3.941439879244299,36.705234921937354,36.70523492193725,30.129920729572163,28.81901948236003,12.0,11.0,11.0,8
21,4,98,5.179498858407946,5.179498858407946,37.52728562527393,37.5272856252738,30.804710649317837,29.464450448415086,12.0,12.0,12.0,10
21,4,99,5.93623420528752,5.9362342052875166,35.76204313371021,35.762043133710115,30.89645903388569,29.619243207681677,15.0,13.0,13.0,10
22,4,0,6.031413322792259,6.031413322792256,39.157374943970204,39.15737494397018,32.84688889928079,31.51197838982724,14.0,13.0,13.0,12
22,4,1,5.656090410944614,5.656090410944614,39.38525324424635,39.385253244246364,34.584158323976645,33.241479236104624,13.0,12.0,12.0,14
22,4,2,4.803414310956868,4.8034143109568666,38.74040217042876,38.74040217042884,34.017915128992186,32.697219600454915,14.0,13.0,13.0,12
22,4,3,3.260867066270376,3.2608670662703756,40.011640833018625,40.01164083301866,31.82744157171936,30.46340836150284,12.0,11.0,11.0,12
22,4,4,6.151150349930337,6.151150349930333,40.11569463822362,40.11569463822357,35.22555830835751,33.857977809327124,12.0,12.0,11.0,12
22,4,5,4.521670706537017,4.521670706537017,39.07420560020277,39.07420560020281,32.77712287950894,31.445047688592965,13.0,13.0,12.0,10
22,4,6,6.6933833780529435,6.6933833780529435,39.994039286012494,39.99403928601248,36.52348215788744,35.160049000409735,13.0,11.0,11.0,12
22,4,7,5.723842033364715,5.723842033364715,40.342581816724234,40.34258181672432,33.8410913586571,32.46577606945067,12.0,11.0,11.0,10
22,4,8,4.756292749603291,4.756292749603294,38.3276948430467,38.32769484304674,33.655517165898445,32.348891205340074,15.0,13.0,13.0,8
22,4,9,4.4305019103283625,4.430501910328359,40.32936821288124,40.32936821288144,36.82971229358163,35.454847468142674,12.0,11.0,11.0,10
22,4,10,5.610026159815439,5.610026159815438,39.008085350997156,39.008085350997234,32.72165837294389,31.39183728143269,13.0,13.0,13.0,12
22,4,11,3.9877612698779235,3.9877612698779212,40.50066069190105,40.500660691901,33.97369471262774,32.592990370858345,11.0,11.0,11.0,10
22,4,12,4.728431714610858,4.728431714610857,40.587240499767226,40.58724049976727,34.04632157625102,32.66266565012263,12.0,11.0,10.0,10
22,4,13,4.05635013879369,4.056350138793692,39.159239256187256,39.15923925618718,32.848452764487654,31.513478698935753,12.0,11.0,11.0,10
22,4,14,5.656601102478451,5.656601102478448,40.438341552209145,40.43834155220909,32.16686259834818,30.951922672523846,12.0,11.0,11.0,12
22,4,15,6.5868674366950275,6.58686743669503,40.096815380133044,40.09681538013307,33.63493190978103,32.26799502182197,12.0,12.0,11.0,10
22,4,16,4.815650741787483,4.815650741787486,38.84767058732344,38.847670587323435,30.90155614900728,29.57720374262125,13.0,13.0,12.0,10
22,4,17,5.1576008293869755,5.157600829386977,38.57763873134564,38.57763873134556,32.36058124984778,31.045434474915485,15.0,14.0,13.0,10
22,4,18,5.684873230476749,5.684873230476747,41.44689250604618,41.44689250604617,34.76743462284039,33.35447237831608,10.0,10.0,9.0,12
22,4,19,4.666882202122691,4.666882202122693,39.22438469565027,39.22438469565023,32.903099558747954,31.565904625941663,12.0,12.0,12.0,12
22,4,20,5.361798441007567,5.361798441007567,38.84696673762485,38.84696673762498,34.11148938737718,32.78716097586736,14.0,13.0,13.0,10
22,4,21,6.005006173648095,6.005006173648093,38.18657193991591,38.186571939915986,32.032537619020374,30.7307226665233,14.0,14.0,14.0,10
22,4,22,5.882456769645079,5.88245676964508,39.118300833534995,39.11830083353505,31.457069889821078,31.45706988982108,14.0,13.0,13.0,10
22,4,23,6.188570123226274,6.188570123226272,40.24003522103867,40.24003522103899,36.74813133822126,35.376311955686134,12.0,11.0,11.0,14
22,4,24,5.971003746663669,5.971003746663667,40.74694094220878,40.74694094220885,34.18028517053051,32.79118491113708,12.0,10.0,10.0,12
22,4,25,4.08398256768575,4.08398256768575,39.57448874003886,39.57448874003879,36.14033889069664,34.79120859274071,13.0,13.0,12.0,10
22,4,26,3.7775033967416225,3.777503396741623,39.05132749437441,39.05132749437441,32.75793174114878,31.42663648565875,14.0,12.0,11.0,10
22,4,27,4.5579408368909995,4.5579408368909995,39.328119910366716,39.328119910366844,31.283731746882612,29.943000386302028,13.0,12.0,12.0,10
22,4,28,5.012231236039913,5.012231236039913,39.738700572710584,39.73870057271061,34.89452013099586,33.539791702380754,12.0,12.0,11.0,10
22,4,29,4.130715381534494,4.1307153815344915,39.61953420837851,39.6195342083784,34.789880244960464,33.43921430603837,12.0,11.0,11.0,8
22,4,30,5.5687069635814,5.568706963581395,40.91843785747715,40.91843785747717,35.93044646575989,34.535499720618645,11.0,11.0,10.0,12
22,4,31,6.821490022424866,6.821490022424873,40.301072354208785,40.301072354208856,35.38833832755936,34.01443813366595,11.0,11.0,10.0,12
22,4,32,4.50263740534279,4.502637405342793,38.81689163586142,38.8168916358614,34.085080465374176,32.76177734142434,14.0,13.0,12.0,10
22,4,33,5.588113727676745,5.588113727676738,40.49189954741885,40.491899547418846,33.966345488124084,32.5859398217348,12.0,11.0,11.0,10
22,4,34,4.401919827930584,4.401919827930585,39.00458238188303,39.00458238188287,31.02637234922514,29.696670677115367,12.0,13.0,12.0,12
22,4,35,5.692968580866223,5.692968580866224,39.330438429237155,39.330438429237084,31.28557602325683,31.03437939598506,12.0,13.0,12.0,10
22,4,36,4.4813614659108225,4.481361465910823,40.84619113687521,40.8461911368753,32.49128840433255,31.09880461557551,12.0,10.0,10.0,8
22,4,37,4.112177034201703,4.112177034201699,38.27067569603787,38.270675696037884,30.44258294003012,29.137900814028843,12.0,11.0,11.0,8
22,4,38,5.821309387571771,5.821309387571775,38.744064149684284,38.744064149684306,31.321926283730377,31.321926283730388,15.0,15.0,13.0,12
22,4,39,7.23167578203252,7.231675782032518,40.558218637545885,40.55821863754584,35.61413826644008,34.23147172197825,11.0,13.0,11.0,12
22,4,40,4.2238240499177095,4.223824049917708,39.089421849474476,39.089421849474505,32.7898869233195,31.457292996632894,13.0,12.0,11.0,8
22,4,41,5.360465576319383,5.360465576319384,38.22181481799763,38.221814817997625,32.062100859725284,30.759084445475363,14.0,14.0,13.0,10
22,4,42,5.945282557759163,5.945282557759164,38.416137965765,38.41613796576492,32.22510746714998,30.915466400135195,15.0,14.0,13.0,10
22,4,43,4.067409349185056,4.067409349185052,38.20707816348636,38.207078163486464,32.04973912061046,30.747225092309872,11.0,13.0,11.0,8
22,4,44,5.367203505565343,5.367203505565345,39.165008586436976,39.16500858643705,31.15398410284759,30.279886016286273,15.0,14.0,13.0,10
22,4,45,5.467217841046469,5.46721784104647,38.4267449598742,38.42674495987416,32.234005069646535,30.92400240055989,13.0,14.0,13.0,12
22,4,46,4.360269357399118,4.360269357399118,40.9603638790335,40.960363879033494,32.582107631049375,31.185731589718678,10.0,10.0,10.0,10
22,4,47,6.121746544696467,6.121746544696469,39.48124169199353,39.481241691993546,36.05518352863872,34.70923210732077,13.0,13.0,12.0,12
22,4,48,5.655839445326092,5.655839445326092,39.98863408439631,39.98863408439628,31.809140748951606,30.95019109034024,14.0,11.0,11.0,10
22,4,49,4.868290651824809,4.8682906518248075,39.36517803459438,39.365178034594365,31.313209800245524,29.97121509452071,13.0,12.0,12.0,10
22,4,50,4.941262176435029,4.941262176435029,38.63044734662957,38.63044734662978,30.728764934818976,29.411817866184034,14.0,13.0,13.0,10
22,4,51,4.457887641702088,4.4578876417020865,39.51128598561087,39.51128598561087,34.694827570009544,33.34785191140917,13.0,12.0,12.0,10
22,4,52,4.172256198595181,4.17225619859518,38.654978916530844,38.654978916530915,32.42545752089158,31.10767414873717,13.0,12.0,12.0,8
22,4,53,5.484916224179912,5.4849162241799085,38.90043977111696,38.90043977111704,32.63136063444935,31.305209278615887,13.0,13.0,12.0,10
22,4,54,5.2264177004031716,5.2264177004031716,40.41258221740815,40.41258221740803,32.14637221839285,30.768670551890203,12.0,12.0,11.0,10
22,4,55,5.083805277421276,5.083805277421274,40.12971418992667,40.129714189926624,33.66252884526907,32.294470406976075,13.0,11.0,11.0,10
22,4,56,4.318741171559916,4.318741171559914,37.64957491143891,37.64957491143888,29.948525497735496,28.66501726211824,14.0,14.0,12.0,10
22,4,57,4.640251921446591,4.640251921446595,38.9121403228679,38.91214032286782,32.64117556009166,31.314625321812017,14.0,13.0,13.0,8
22,4,58,4.735668938430349,4.735668938430347,39.875706793957676,39.875706793957725,36.41541818787044,35.05601909262192,14.0,11.0,11.0,12
22,4,59,4.993900722882502,4.993900722882504,37.698754972754195,37.69875497275431,31.62333578293017,30.338150954313644,15.0,13.0,13.0,10
22,4,60,6.43459129987874,6.434591299878738,39.93712432608643,39.93712432608639,33.50097619089068,32.13948331613771,14.0,11.0,11.0,10
22,4,61,4.081051662855195,4.0810516628551925,38.415826860033526,38.41582686003345,32.224846498292585,30.91521603715502,14.0,14.0,12.0,10
22,4,62,6.118433065858852,6.118433065858852,40.373378153148835,40.37337815314894,35.45182998985177,34.07546482553996,11.0,10.0,10.0,14
22,4,63,3.6317210849118076,3.631721084911809,39.95349726205238,39.95349726205248,35.08313292638896,33.72108188336454,13.0,12.0,11.0,10
22,4,64,4.522174585481117,4.522174585481115,39.97069746092946,39.97069746092947,36.5021658630802,35.13952844963944,12.0,11.0,11.0,10
22,4,65,6.2244325186789595,6.224432518678952,39.034779756699685,39.03477975669966,34.27640784420943,32.945676716140106,14.0,13.0,13.0,10
22,4,66,5.1445771136766805,5.144577113676675,38.2430731165191,38.24307311651916,33.58121089776987,32.27746976879768,14.0,13.0,13.0,10
22,4,67,5.85078339772052,5.850783397720522,39.756893022023526,39.756893022023505,34.91049490570247,33.55514627995166,13.0,13.0,12.0,10
22,4,68,4.699628249900204,4.699628249900202,40.77441496658005,40.77441496658018,35.80398008429033,34.41394321042976,12.0,11.0,10.0,10
22,4,69,7.3264215303237314,7.326421530323735,40.99058273075362,40.99058273075379,35.9937968193601,34.59639058990273,11.0,11.0,10.0,12
22,4,70,5.0101003912243876,5.010100391224383,40.054924947179146,40.05492494717924,31.861872117074316,30.49636331205692,13.0,11.0,11.0,12
22,4,71,4.437798445033971,4.4377984450339705,39.05269931552008,39.05269931552017,31.064647182800062,29.73330516068013,13.0,12.0,12.0,10
22,4,72,4.07198235166374,4.071982351663743,39.37247101175076,39.372471011750726,34.572934256186095,33.23069092624002,12.0,12.0,11.0,10
22,4,73,3.262303838928986,3.2623038389289865,40.41365497431956,40.41365497431955,33.9007105776317,32.52297233987079,12.0,11.0,10.0,10
22,4,74,5.664281794564472,5.664281794564473,40.15404894168825,40.15404894168819,33.68294188083767,32.31405384873461,14.0,13.0,11.0,12
22,4,75,6.268760998843305,6.268760998843305,39.95251317706536,39.95251317706553,35.08226880217516,33.72025130750262,12.0,12.0,11.0,12
22,4,76,5.290047067344144,5.290047067344147,39.93803595790915,39.93803595790923,36.47233862271868,35.11081466960822,12.0,12.0,12.0,10
22,4,77,4.172030715312377,4.172030715312377,38.71226175822809,38.712261758228095,33.993205056295324,32.6734688599921,13.0,12.0,12.0,10
22,4,78,6.2503282486772065,6.250328248677203,39.4260192691204,39.426019269120374,33.072239304262155,31.72817046554212,13.0,12.0,12.0,10
22,4,79,5.225220394850626,5.225220394850629,39.07560138336957,39.07560138336958,32.778293722413316,31.44617094798027,12.0,13.0,12.0,12
22,4,80,5.610555415061993,5.610555415061993,38.76204320308683,38.76204320308687,34.0369181018841,32.7154848108698,14.0,13.0,12.0,10
22,4,81,5.23055182552689,5.2305518255268915,38.951775840987324,38.95177584098747,35.571663061397516,34.243761612273076,13.0,13.0,12.0,10
22,4,82,5.429439001204658,5.429439001204661,39.42518853105709,39.42518853105723,34.619225466320785,33.27518494821669,13.0,15.0,12.0,10
22,4,83,5.564566421019874,5.5645664210198715,38.70739714682427,38.70739714682427,32.46942818514598,31.14985782786788,13.0,13.0,12.0,10
22,4,84,5.098339512412152,5.098339512412154,39.25393099764535,39.25393099764541,34.46884436776709,33.1306421746656,14.0,13.0,12.0,10
22,4,85,6.1381080933727405,6.138108093372743,40.50393059278487,40.50393059278471,35.56646797920159,34.185652163538336,13.0,12.0,11.0,10
22,4,86,4.72166642626956,4.721666426269559,38.74310003952289,38.743100039522844,34.020284125614104,32.6994966242667,14.0,13.0,12.0,8
22,4,87,4.819825839120356,4.81982583912035,39.74047001658011,39.74047001658029,31.611737513188725,30.25694876262363,13.0,13.0,12.0,12
22,4,88,4.941160546093257,4.941160546093254,39.94364047747582,39.94364047747591,33.506442218709054,32.14472720243155,12.0,12.0,12.0,10
22,4,89,4.443199811486888,4.443199811486886,40.18268108058436,40.18268108058436,33.7069597494158,32.33709562166861,11.0,10.0,10.0,8
22,4,90,3.4606470398423386,3.4606470398423377,39.30124362933161,39.301243629331665,31.262352886968323,29.922537763241156,14.0,12.0,11.0,10
22,4,91,5.593188859817556,5.593188859817554,39.42501534970889,39.42501534970884,31.36080766454116,30.807099036335607,13.0,12.0,12.0,10
22,4,92,4.135624752171335,4.135624752171337,39.02117032071659,39.021170320716585,32.732634607873834,31.402367437849396,13.0,12.0,11.0,10
22,4,93,4.618847475888887,4.618847475888885,39.64635101463753,39.64635101463754,33.25706304120421,31.905482892977936,13.0,11.0,11.0,10
22,4,94,4.894151282135035,4.8941512821350335,37.88218424515809,37.88218424515813,31.77720413953344,30.485766040266718,14.0,13.0,13.0,10
22,4,95,6.287284630044994,6.287284630044991,40.03975110894615,40.03975110894621,35.15887235806222,33.79388084298456,12.0,11.0,11.0,12
22,4,96,4.718214695625681,4.718214695625679,40.854670851138586,40.854670851138685,32.49803363158751,31.105260761662407,11.0,10.0,10.0,10
22,4,97,7.0093276064795855,7.009327606479585,39.38415098136216,39.3841509813621,33.75089378838342,33.75089378838342,14.0,13.0,12.0,12
22,4,98,4.950857495126908,4.950857495126906,41.595512172870336,41.59551217287023,34.89210318633338,33.474074362258165,9.0,9.0,9.0,12
22,4,99,4.360552056934881,4.360552056934884,37.61170890931998,37.611708909320015,31.550317804098988,30.268100454917654,14.0,13.0,13.0,10
23,4,0,6.191736853622602,6.191736853622608,40.41150994893208,40.4115099489319,32.92506765215449,31.607301023384835,14.0,14.0,13.0,12
23,4,1,3.507538433846404,3.5075384338464017,39.97403207658956,39.97403207658954,35.59124595098994,34.287744905014186,12.0,12.0,12.0,8
23,4,2,5.534439427796103,5.534439427796106,41.07831073263749,41.078310732637426,33.46834012432279,32.128829991736744,15.0,15.0,13.0,10
23,4,3,5.494979159249347,5.494979159249351,38.946380514254805,38.94638051425486,33.27743665868274,32.0074459897397,16.0,15.0,14.0,12
23,4,4,4.913090350928876,4.913090350928878,41.02591263728469,41.02591263728476,37.8462105236199,36.50840902457807,14.0,12.0,13.0,10
23,4,5,5.256971876226915,5.256971876226913,40.63517222418874,40.63517222418887,36.17989814289773,34.8548381790656,14.0,16.0,13.0,10
23,4,6,5.577239292715,5.577239292714999,42.527186412040706,42.527186412040706,36.33702884355841,34.95027276490491,12.0,11.0,11.0,12
23,4,7,5.5436714573986565,5.5436714573986565,40.48806315103165,40.48806315103165,32.98743897560424,31.667176046766254,14.0,14.0,13.0,12
23,4,8,3.3001560769873,3.300156076987302,41.84019066526916,41.84019066526914,35.75003058733773,34.38567654390503,10.0,10.0,10.0,12
23,4,9,3.9392411946795955,3.939241194679598,42.133368643549794,42.1333686435496,40.06254145123921,38.68862725634068,12.0,11.0,11.0,12
23,4,10,5.028419184588848,5.028419184588845,41.512688975358905,41.51268897535878,35.47019927573199,34.11652463523105,12.0,13.0,11.0,10
23,4,11,4.635594849189374,4.635594849189375,41.21325244111365,41.213252441113724,35.21434802151866,33.870437615830234,13.0,13.0,13.0,10
23,4,12,4.654372851583601,4.654372851583604,41.18508254984398,41.185082549844125,33.555331907339806,32.212340085062394,13.0,13.0,12.0,10
23,4,13,5.518704440136524,5.5187044401365215,40.42173872313629,40.421738723136194,32.933401492763224,31.615301317008697,15.0,14.0,13.0,12
23,4,14,6.839584508911749,6.839584508911742,40.946284553503666,40.94628455350353,33.36077248120998,32.84326653752219,15.0,13.0,13.0,14
23,4,15,4.444092142003161,4.444092142003163,40.76457360708385,40.764573607083726,33.212724432236556,31.883444858092428,13.0,13.0,13.0,10
23,4,16,5.693097448987786,5.693097448987788,41.14590791453883,41.14590791453895,33.5234145768738,32.18170018835632,14.0,13.0,12.0,12
23,4,17,5.979483558379923,5.979483558379917,41.599104286990745,41.59910428699076,35.54403617716412,34.18754364606661,12.0,12.0,12.0,12
23,4,18,3.3588409322383868,3.3588409322383863,41.75150522554395,41.75150522554391,34.016821837825034,32.65535971090509,13.0,11.0,10.0,10
23,4,19,4.927854239376526,4.927854239376524,41.081318420550886,41.08131842055102,35.10161800772968,33.762009798364,13.0,13.0,13.0,12
23,4,20,5.159441692643192,5.159441692643192,41.33595042233348,41.33595042233345,33.67825072216585,32.3303392953506,13.0,14.0,12.0,10
23,4,21,6.710858214418955,6.710858214418955,41.363062685714695,41.363062685714695,33.700340297812915,32.59416893370472,14.0,13.0,12.0,12
23,4,22,5.17572252510481,5.175722525104812,42.33808565436095,42.3380856543611,36.17545314890577,34.79486339930716,12.0,11.0,11.0,12
23,4,23,5.445351190032713,5.445351190032712,40.817019346341255,40.8170193463412,33.25545432565799,31.924464564364225,14.0,13.0,13.0,10
23,4,24,4.045419071697077,4.045419071697076,40.70354055024011,40.70354055024006,34.778828598692876,33.451539232924134,13.0,11.0,12.0,10
23,4,25,4.275198180823769,4.275198180823768,42.36634360360499,42.366343603604996,36.199597937295756,34.81808673283039,12.0,11.0,11.0,12
23,4,26,6.240969362487579,6.24096936248758,41.09170141647381,41.09170141647378,33.47925011436713,32.139303329047316,15.0,15.0,13.0,12
23,4,27,4.861617028954823,4.861617028954826,40.76413994806488,40.76413994806497,34.830607290218005,33.501341857129006,13.0,13.0,13.0,10
23,4,28,5.740217958077269,5.740217958077264,42.00534050647662,42.0053405064766,34.223632813405345,32.8538934490637,12.0,12.0,12.0,12
23,4,29,5.568133165453835,5.568133165453835,43.260767330446576,43.2607673304468,39.90785341636659,38.49717622080875,10.0,10.0,10.0,10
23,4,30,4.248738211054555,4.248738211054554,39.64815932280301,39.64815932280297,32.30313169778468,31.010256937258468,14.0,14.0,12.0,10
23,4,31,5.579464519169425,5.579464519169422,41.40284458204693,41.40284458204717,33.73275239104391,32.38265963293387,14.0,13.0,12.0,12
23,4,32,6.051268792697941,6.0512687926979405,40.84590623887538,40.845906238875436,33.27898977118202,31.947058046001345,14.0,13.0,13.0,12
23,4,33,4.292483343672752,4.292483343672753,41.069345706897934,41.06934570689806,35.09138801421147,33.75217021942143,13.0,13.0,13.0,10
23,4,34,5.255475690291561,5.255475690291565,41.906254959480755,41.906254959480606,37.31161830985904,35.94510999596281,13.0,12.0,12.0,12
23,4,35,5.711135581836442,5.711135581836439,40.79740246548888,40.79740246548882,36.32434132560541,34.99399124520899,13.0,13.0,13.0,12
23,4,36,5.325402238296781,5.325402238296781,41.70488063687743,41.70488063687729,33.97883469658633,32.618892936688056,14.0,13.0,12.0,10
23,4,37,5.432771835264518,5.43277183526452,41.477783598552364,41.47778359855237,36.93012490532734,35.577588483635424,14.0,13.0,13.0,12
23,4,38,4.568872385965182,4.56887238596518,40.521620605975,40.52162060597508,33.01477973757132,31.69342254389828,13.0,13.0,12.0,10
23,4,39,5.134562282263663,5.134562282263656,40.57085516939693,40.57085516939701,36.12263286348951,34.79967019492229,14.0,13.0,13.0,10
23,4,40,4.945828861932046,4.9458288619320445,42.61097346701882,42.61097346701892,37.939070894075364,36.54958262884658,11.0,12.0,11.0,10
23,4,41,5.989513082251255,5.989513082251254,41.6257529674818,41.62575296748174,33.91436583929047,32.55700432948123,13.0,13.0,12.0,12
23,4,42,4.0774036838515775,4.07740368385158,40.781474965538465,40.78147496553847,34.845419063182206,33.51558835778422,12.0,12.0,12.0,12
23,4,43,4.42873096642962,4.42873096642962,43.30374799327323,43.30374799327332,37.0005559413223,35.5884772024113,8.0,8.0,8.0,10
23,4,44,5.820091112486104,5.820091112486099,41.85022510558801,41.85022510558801,37.26173161575038,35.8970503623073,14.0,13.0,12.0,12
23,4,45,5.214011161529729,5.214011161529734,41.33291936674689,41.332919366746815,38.129422780666324,36.78161019262016,14.0,14.0,12.0,10
23,4,46,5.711143537355682,5.7111435373556825,41.74244926652702,41.74244926652705,37.16577240932746,35.804605585419004,13.0,13.0,12.0,12
23,4,47,5.465488406253618,5.46548840625362,40.3347578556544,40.33475785565443,32.86253428315132,31.54727044003218,15.0,14.0,14.0,10
23,4,48,4.597275802936087,4.597275802936089,42.027908399052315,42.0279083990524,34.242019886562474,32.8715446126804,14.0,12.0,12.0,12
23,4,49,4.680983823239808,4.680983823239805,42.04984465365792,42.049844653657985,34.25989233596704,32.888701749434766,13.0,12.0,12.0,12
23,4,50,4.891464708140207,4.891464708140207,41.464954595615986,41.464954595615964,35.4294130004129,34.07729491577323,13.0,13.0,13.0,10
23,4,51,5.8291347649584,5.829134764958399,42.331219022339305,42.33121902233946,34.489140640128994,33.10877480244415,11.0,11.0,11.0,12
23,4,52,4.101839959443847,4.101839959443851,39.98098845691944,39.98098845691942,34.161449494381074,32.8577216099163,14.0,14.0,13.0,10
23,4,53,5.055189744345895,5.055189744345897,40.58750990138803,40.587509901387925,37.44178607160181,36.118280313947764,15.0,13.0,13.0,12
23,4,54,4.614499754329086,4.614499754329086,41.02258471324054,41.022584713240576,35.051433441180954,33.7137404614014,13.0,12.0,12.0,12
23,4,55,3.55541360547142,3.5554136054714207,39.78442322763365,39.78442322763369,32.41415200587922,31.116833857152066,12.0,11.0,11.0,10
23,4,56,5.515327810662396,5.515327810662389,41.45444467399513,41.454444673995226,33.77479329771626,32.42301792791215,13.0,12.0,12.0,10
23,4,57,4.344756763731522,4.344756763731522,42.357624752435484,42.357624752435434,36.1921481816651,34.81092128756391,13.0,12.0,12.0,12
23,4,58,4.228394924240606,4.228394924240604,40.81227182981632,40.8122718298164,37.64912788837498,36.31829293740278,15.0,14.0,13.0,10
23,4,59,5.3260046142714135,5.32600461427141,41.795195973782235,41.795195973782334,35.71158521767404,34.3486983924421,13.0,13.0,11.0,12
23,4,60,6.04216591261806,6.042165912618057,42.43513735724581,42.43513735724572,34.573807563275885,33.190053084235196,13.0,11.0,11.0,12
23,4,61,3.962891217792441,3.9628912177924427,40.94518616356045,40.94518616356048,37.77174073311436,36.43657161908524,13.0,13.0,12.0,10
23,4,62,5.035230291865514,5.035230291865518,41.63311304306698,41.63311304306707,33.92036242261223,32.56276091033838,13.0,12.0,12.0,10
23,4,63,5.709740104240651,5.709740104240647,41.23269688444337,41.2326968844435,33.594125438932124,32.24958097530908,13.0,12.0,12.0,10
23,4,64,3.5933908121073985,3.593390812107401,40.07745757461816,40.07745757461814,34.24387679343555,32.937003176871904,12.0,12.0,12.0,10
23,4,65,5.308404193873775,5.308404193873779,40.53807102675441,40.53807102675447,34.63744443117768,33.315550810740085,14.0,14.0,13.0,12
23,4,66,5.805770675575632,5.805770675575635,40.76290089778447,40.76290089778438,34.82954859319202,33.50032356391636,15.0,12.0,12.0,12
23,4,67,5.998484965419657,5.998484965419663,40.7035041362324,40.70350413623245,33.162968398329234,31.835680219973877,16.0,16.0,13.0,12
23,4,68,5.313790032010531,5.313790032010533,42.45687699567719,42.45687699567715,36.2769535010323,34.89249012073845,12.0,11.0,11.0,12
23,4,69,5.689378595042595,5.689378595042594,42.16307913856915,42.16307913856916,36.0259201713294,34.65103715594129,11.0,11.0,11.0,10
23,4,70,3.812912323109871,3.8129123231098694,40.455654501025734,40.45565450102574,36.02006289221762,34.70085676718418,13.0,12.0,12.0,10
23,4,71,6.065887933957792,6.065887933957793,41.15590280888951,41.15590280888959,33.53155786508767,32.18951755610222,14.0,13.0,13.0,12
23,4,72,5.477279172459112,5.477279172459112,41.468565755128765,41.46856575512887,33.786298375161614,32.43406253532055,13.0,13.0,13.0,10
23,4,73,5.471776739569276,5.4717767395692745,40.34801505198836,40.34801505198848,35.92422512190268,34.608528978903166,14.0,14.0,14.0,12
23,4,74,3.975976721295727,3.975976721295728,40.54346312777654,40.54346312777657,33.03257581866103,31.71050636884226,13.0,12.0,12.0,12
23,4,75,5.120061076287216,5.120061076287212,43.32891890375765,43.32891890375758,35.30201143198403,33.88911190251361,10.0,10.0,10.0,10
23,4,76,5.613276965438564,5.613276965438564,42.89273766307966,42.892737663079714,34.94663503362445,33.54795880548059,12.0,12.0,10.0,12
23,4,77,4.997412083060658,4.997412083060662,41.512043827660236,41.512043827660214,35.469648034220086,34.115994431144195,14.0,11.0,12.0,10
23,4,78,6.039777186668128,6.039777186668129,41.42772926826695,41.42772926826707,36.88555857344751,35.534654358178045,14.0,13.0,13.0,10
23,4,79,3.7973791372494126,3.7973791372494183,42.3664935340053,42.36649353400523,34.51788036513476,33.13636427163453,13.0,13.0,12.0,12
23,4,80,6.069678291164006,6.069678291164005,42.41032843712993,42.410328437130026,36.237180441555246,34.854234949040226,11.0,11.0,11.0,12
23,4,81,6.2177648307239375,6.2177648307239375,41.259124310108696,41.25912431010871,38.06134718966548,36.71594096216196,14.0,14.0,13.0,14
23,4,82,6.300999545484702,6.300999545484701,41.07532454064133,41.07532454064133,33.46590713991761,32.12649438315757,14.0,13.0,13.0,12
23,4,83,5.1761714887868715,5.176171488786874,41.9257554491564,41.92575544915645,34.15879130167563,32.79164710224666,14.0,12.0,12.0,10
23,4,84,4.589960716785852,4.589960716785854,41.51171168283664,41.51171168283661,36.96033308623073,35.60669031396429,14.0,13.0,12.0,10
23,4,85,4.462035296061136,4.4620352960611385,41.22587145887904,41.225871458879155,36.705832622177745,35.36151072677961,14.0,12.0,12.0,10
23,4,86,4.139894926900127,4.1398949269001255,40.16206032329997,40.162060323300004,32.72182986643154,31.412197464584835,14.0,13.0,13.0,8
23,4,87,4.042613048415898,4.042613048415894,41.780730469796104,41.78073046979606,35.69922527854033,34.33681015452521,12.0,12.0,12.0,12
23,4,88,3.362390854713082,3.3623908547130785,40.208292651846875,40.20829265184674,35.79982200192793,34.4886820241502,13.0,12.0,11.0,10
23,4,89,5.446528637572998,5.446528637572996,39.715541672328456,39.715541672328484,32.35803111677423,31.06295910572006,15.0,14.0,14.0,10
23,4,90,5.766932187791419,5.76693218779142,41.27830936118933,41.27830936118946,35.269935408804486,33.9239035818093,14.0,13.0,13.0,10
23,4,91,5.463068374389488,5.463068374389488,41.75742593870983,41.75742593870969,34.02164570809818,32.65999051444449,14.0,12.0,12.0,12
23,4,92,4.768781927859228,4.768781927859225,40.53824230467587,40.53824230467595,33.028322180180155,31.706422974592954,14.0,14.0,13.0,12
23,4,93,4.993110779276254,4.993110779276251,39.75243607619977,39.75243607619989,36.671434414339295,35.37515932489811,14.0,15.0,13.0,10
23,4,94,5.6959240486378775,5.695924048637877,40.244664153607175,40.244664153607275,32.78913090775934,31.47680490275049,15.0,16.0,13.0,12
23,4,95,4.7340862181723615,4.73408621817236,42.170547060803045,42.1705470608032,40.097892573882675,38.72276603929141,11.0,12.0,11.0,12
23,4,96,4.585017708319812,4.585017708319813,42.044028161418005,42.04402816141809,35.92419797535149,34.55319705704445,13.0,12.0,11.0,10
23,4,97,5.464526695908262,5.464526695908259,41.52891392351368,41.5289139235137,35.48406255846537,34.1298588435682,13.0,13.0,12.0,10
23,4,98,5.5539983573937866,5.553998357393783,42.63659126752989,42.63659126752986,34.73794108942416,33.34761746113512,12.0,10.0,11.0,10
23,4,99,5.979998417008878,5.979998417008882,41.7067469486696,41.70674694866967,33.98035526441701,32.62035264652567,11.0,12.0,11.0,12
24,4,0,4.022811589826437,4.022811589826437,42.48263691923225,42.48263691923224,33.63208756105886,32.304505157332855,13.0,13.0,12.0,10
24,4,1,5.412952129032703,5.412952129032706,42.70949669700215,42.70949669700257,35.51709881573616,34.18242704395518,14.0,14.0,14.0,10
24,4,2,5.430844240849641,5.430844240849643,42.17060680831665,42.17060680831666,37.99747384291031,36.67964238015043,14.0,15.0,14.0,12
24,4,3,4.17274808361869,4.172748083618691,42.59007755604111,42.59007755604125,39.63243328131603,38.301493357689864,13.0,13.0,13.0,8
24,4,4,4.508849011714656,4.508849011714652,42.95540153672799,42.95540153672805,37.287674945076375,35.945318647053675,14.0,14.0,13.0,12
24,4,5,5.2712071853602325,5.271207185360231,41.61116631489061,41.61116631489055,36.12080409278698,34.82045514544661,16.0,15.0,14.0,14
24,4,6,4.990464253991088,4.990464253991089,43.02605603489117,43.02605603489121,34.062294360955505,32.71773010986519,14.0,13.0,13.0,10
24,4,7,6.062434681645679,6.062434681645679,42.70569017655099,42.70569017655107,33.80867138976953,33.51750662336831,15.0,15.0,13.0,10
24,4,8,5.9443591727768945,5.944359172776889,41.459019609764795,41.459019609764596,33.24298555442169,33.24298555442168,16.0,15.0,14.0,12
24,4,9,4.956275820989591,4.956275820989591,42.73977551460264,42.73977551460263,33.835655615727084,32.50003763089575,14.0,14.0,13.0,8
24,4,10,5.469815080726505,5.4698150807265025,43.05847436180724,43.0584743618073,35.80730767240567,34.46173034859925,15.0,13.0,13.0,14
24,4,11,5.484775449081843,5.484775449081843,43.36553668742357,43.36553668742356,36.06265984943731,34.70748682795531,13.0,13.0,12.0,12
24,4,12,4.02035591120277,4.020355911202767,43.3136465010451,43.313646501044914,36.019508114584376,34.66595666142657,13.0,12.0,12.0,10
24,4,13,4.251644328022437,4.251644328022434,43.563558044691874,43.56355804469186,36.2273338600823,34.86597267118567,12.0,12.0,12.0,10
24,4,14,4.882922405385884,4.882922405385882,43.33865400140246,43.338654001402475,36.04030428241628,34.68597134487247,15.0,13.0,13.0,12
24,4,15,6.49622084664005,6.496220846640053,42.63791502798918,42.637915027989195,34.4897335609037,34.48973356090371,15.0,14.0,13.0,12
24,4,16,4.211739573628436,4.211739573628435,43.8607134373228,43.860713437322545,38.07353596989826,36.70288867498171,11.0,11.0,11.0,10
24,4,17,6.204060628343531,6.204060628343534,45.11108371990518,45.111083719905125,37.51425191290726,36.10453054666018,10.0,10.0,10.0,14
24,4,18,5.194985512569613,5.194985512569614,43.63873721681017,43.63873721681025,36.289852650784844,34.92614211275959,15.0,12.0,13.0,12
24,4,19,5.412564094402224,5.412564094402226,43.734636554148906,43.73463655414891,37.96409423103203,36.59738683871489,13.0,12.0,13.0,10
24,4,20,3.6829719977944384,3.6829719977944393,44.03110661478446,44.0311066147845,34.857959403371034,33.48198732165905,13.0,12.0,12.0,10
24,4,21,6.4988144839092765,6.49881448390928,43.82751214055379,43.827512140553694,34.69678044460508,34.495381113810616,13.0,12.0,12.0,12
24,4,22,4.946907416841417,4.9469074168414195,42.5239499664928,42.52394996649277,33.664793723473466,32.33592028702054,15.0,14.0,13.0,12
24,4,23,5.088505316591623,5.088505316591624,42.8505926019311,42.85059260193121,35.63443377834201,34.29535275953175,15.0,13.0,13.0,12
24,4,24,4.974832553512596,4.974832553512595,44.13543074003139,44.13543074003138,36.70290160499138,35.323669394365396,15.0,12.0,12.0,12
24,4,25,6.179896510941866,6.179896510941866,42.84233744835578,42.84233744835596,35.627568815559755,34.28874577029878,16.0,14.0,13.0,14
24,4,26,4.675557291789979,4.675557291789982,42.339609658191335,42.33960965819138,35.20950178172508,33.88638897990664,14.0,14.0,14.0,12
24,4,27,4.855123305489667,4.8551233054896645,44.836934887301624,44.83693488730172,37.286270505238676,35.88511629001058,11.0,10.0,11.0,10
24,4,28,6.7269958098463984,6.7269958098464,42.36618326527426,42.36618326527419,34.98486032928046,34.98486032928046,16.0,14.0,14.0,12
24,4,29,4.548679673837298,4.548679673837296,42.956143043318804,42.956143043318846,34.006946575960725,32.66456710585704,13.0,13.0,13.0,12
24,4,30,5.26707398365871,5.267073983658714,42.628612564031044,42.62861256403113,33.74765161319124,32.41550747056533,15.0,14.0,13.0,12
24,4,31,4.960788416589339,4.960788416589342,43.44867096712578,43.4486709671259,36.131794085509114,34.77402311778653,13.0,13.0,13.0,10
24,4,32,5.381332761217282,5.381332761217277,42.582644096655976,42.58264409665592,33.71125990985265,32.3805522818321,15.0,14.0,14.0,10
24,4,33,6.6412740890714606,6.641274089071466,42.37563632321174,42.375636323211666,34.80267142064226,34.80267142064228,15.0,15.0,14.0,12
24,4,34,4.082226584049425,4.082226584049426,42.62639886739051,42.626398867390435,35.44799489145843,34.11591992685241,15.0,13.0,12.0,12
24,4,35,6.001605330805928,6.0016053308059245,42.027898847020275,42.02789884702034,36.48255108248288,35.16917924351354,15.0,14.0,14.0,10
24,4,36,5.934455844488021,5.934455844488023,44.79363759994174,44.793637599941796,40.36093387911417,38.96113270411604,13.0,13.0,12.0,10
24,4,37,4.6106022520050685,4.610602252005068,43.567398347858614,43.567398347858514,36.23052744552825,34.8690462471576,12.0,12.0,11.0,10
24,4,38,6.556501580694994,6.556501580694997,42.74069983405341,42.74069983405353,37.10130193928247,35.765655069468394,15.0,15.0,13.0,12
24,4,39,7.189289845885776,7.189289845885776,43.77067826140174,43.77067826140182,36.399574456964295,35.03174076129555,14.0,14.0,13.0,14
24,4,40,5.755255994084653,5.755255994084656,42.907341225929756,42.90734122592973,37.24595592528624,35.905101511975914,14.0,14.0,13.0,12
24,4,41,6.866750718382099,6.866750718382095,43.66170006930395,43.66170006930382,36.30894849513297,34.94452036796712,14.0,13.0,12.0,12
24,4,42,6.8454029195972215,6.8454029195972215,43.721711388420744,43.72171138842063,39.395083698941605,38.028780218053356,13.0,12.0,12.0,12
24,4,43,4.019337772085545,4.019337772085546,41.50008467578434,41.50008467578451,36.02437905884057,34.727501412722454,13.0,14.0,12.0,12
24,4,44,5.114503800829829,5.114503800829831,42.00806671497972,42.00806671497976,36.46533569008656,35.15258360524347,14.0,15.0,14.0,12
24,4,45,5.590194815482525,5.590194815482519,43.120726480003384,43.12072648000323,35.85907636097504,34.51155365847481,14.0,14.0,13.0,10
24,4,46,4.513425565115433,4.513425565115434,43.21930141821474,43.219301418214755,35.94105100577233,34.59044783645313,13.0,14.0,12.0,12
24,4,47,6.061085593424154,6.061085593424158,43.04685217598182,43.04685217598167,35.797642694957105,34.45242856445755,14.0,14.0,13.0,12
24,4,48,5.556537477766628,5.556537477766629,42.098599475415625,42.09859947541553,35.00907838320153,33.69349714959472,14.0,14.0,14.0,10
24,4,49,4.458482810567152,4.458482810567151,43.94359220009983,43.94359220010002,38.14547934036443,36.77224208411147,13.0,12.0,12.0,10
24,4,50,4.902470525002007,4.902470525002009,42.43447617745876,42.434476177458734,38.2352311390644,36.9091537585188,14.0,14.0,14.0,12
24,4,51,6.583787199261296,6.583787199261295,43.6558838565071,43.65588385650734,34.67935444535889,34.67935444535888,12.0,13.0,12.0,12
24,4,52,6.464078751878542,6.4640787518785485,42.33973081100547,42.33973081100557,34.41958628777257,34.419586287772574,16.0,15.0,14.0,12
24,4,53,3.4743821043859184,3.4743821043859207,44.71589282510108,44.71589282510101,40.29088259761711,38.89351094683264,10.0,11.0,10.0,12
24,4,54,5.210284564370085,5.2102845643700855,42.915881082557576,42.9158810825575,38.66899701709615,37.327875733266154,14.0,14.0,13.0,10
24,4,55,5.395031408645454,5.395031408645456,43.991342163221304,43.99134216322124,36.58307794476216,35.20834850216144,13.0,13.0,13.0,12
24,4,56,3.88720910711572,3.887209107115723,42.26588521272432,42.26588521272444,38.08332365521514,36.762514742317606,12.0,11.0,11.0,10
24,4,57,3.3333110299182933,3.333311029918291,44.66556771423288,44.66556771423302,35.360241107101025,33.96444211603135,12.0,12.0,11.0,12
24,4,58,4.396674810238342,4.396674810238345,43.44753950169488,43.447539501694735,39.14804340517299,37.790307795744894,14.0,12.0,12.0,12
24,4,59,6.560666293961882,6.56066629396188,43.290385215678555,43.29038521567864,37.57845938860985,36.22563485061997,14.0,15.0,12.0,12
24,4,60,6.619185826324575,6.619185826324565,43.03620477204372,43.036204772043746,34.755397885167625,34.755397885167596,14.0,14.0,12.0,10
24,4,61,6.1369115510470635,6.1369115510470635,43.66432663235592,43.66432663235585,36.31113273767099,34.946622530409805,15.0,14.0,13.0,12
24,4,62,6.199145143729744,6.19914514372974,42.88720119774912,42.88720119774923,35.66487738493373,34.324652347504156,14.0,15.0,13.0,12
24,4,63,4.222868482466471,4.22286848246647,41.9786191194171,41.97861911941715,37.824484935724776,36.51265308824304,15.0,13.0,13.0,10
24,4,64,4.938719011350101,4.938719011350097,41.21639617036253,41.21639617036248,34.275440565284114,32.987428184960244,16.0,14.0,14.0,10
24,4,65,3.9028187369353393,3.902818736935335,42.305774477555616,42.305774477555545,35.181364539495036,33.85930908707136,13.0,13.0,12.0,10
24,4,66,5.093613354499699,5.093613354499699,43.20297053603876,43.20297053603852,34.202351674364024,32.85225884511262,12.0,13.0,12.0,12
24,4,67,6.598246832208972,6.598246832208972,44.28644292465043,44.28644292465049,36.82848291824229,35.444531576847005,11.0,12.0,11.0,12
24,4,68,6.423879035528534,6.4238790355285325,43.35800330265489,43.35800330265494,37.637155644665704,36.28221804145778,14.0,13.0,12.0,12
24,4,69,6.402306308227926,6.402306308227923,43.04845808010101,43.04845808010093,37.36845319453212,36.0231888795289,16.0,14.0,13.0,10
24,4,70,4.963324403283959,4.963324403283964,42.362900289260416,42.36290028926054,33.537296062331166,32.21345542829186,15.0,16.0,13.0,10
24,4,71,6.811599872804904,6.8115998728049,45.08964791317568,45.08964791317573,40.627651505101,39.21860000781431,10.0,10.0,10.0,10
24,4,72,5.068966089623252,5.0689660896232525,41.579901373143684,41.57990137314381,32.91742192040542,31.618050002494776,15.0,15.0,13.0,12
24,4,73,6.938893763678078,6.938893763678076,43.822053841783834,43.82205384178377,35.42669267967216,35.42669267967214,13.0,13.0,12.0,14
24,4,74,4.17711774820974,4.177117748209739,42.96630692300454,42.96630692300441,35.730661486318006,34.38796439497401,14.0,14.0,13.0,12
24,4,75,4.028828950373263,4.028828950373263,44.00297426686735,44.00297426686744,39.6485132717086,38.27342032586907,13.0,13.0,12.0,8
24,4,76,5.783735068670772,5.783735068670778,43.52876872047172,43.528768720471675,39.221234315841706,37.860960293326926,15.0,13.0,12.0,12
24,4,77,5.744083958839049,5.744083958839049,41.164621707040496,41.16462170704036,34.23238506540347,32.945990637058344,16.0,16.0,14.0,10
24,4,78,4.798218276840462,4.798218276840458,43.511547289949284,43.511547289949185,37.770440355858746,36.410704503047754,13.0,13.0,12.0,10
24,4,79,5.557451273944956,5.557451273944953,42.053900535208705,42.05390053520881,33.29267125704022,32.31180624507637,15.0,15.0,14.0,12
24,4,80,3.9787813699095684,3.978781369909567,43.670936953768944,43.670936953769136,36.31662986259605,34.951913082790924,13.0,13.0,12.0,8
24,4,81,6.957300904434129,6.957300904434132,42.28282968195633,42.28282968195624,35.162283711210215,33.840945283649006,16.0,15.0,14.0,12
24,4,82,5.442233104126451,5.4422331041264504,42.43273827192195,42.43273827192196,39.48602033637181,38.159997265374265,15.0,16.0,14.0,12
24,4,83,6.310888496984342,6.310888496984341,43.30578784062838,43.30578784062853,34.283748707164136,34.0811698763472,13.0,13.0,12.0,14
24,4,84,5.355853107530548,5.3558531075305496,43.53542467741474,43.5354246774146,36.20393823000288,34.84345620883356,14.0,14.0,12.0,10
24,4,85,5.832600294562631,5.832600294562636,42.97616116525706,42.976161165257174,35.73885624680231,34.39585121038812,15.0,14.0,14.0,10
24,4,86,5.617963979738373,5.617963979738373,41.68787505618934,41.68787505618933,33.00290108614989,32.460745960012176,16.0,15.0,14.0,10
24,4,87,5.252930073487291,5.252930073487293,43.26862642995421,43.26862642995439,35.98206954852095,34.629924972585016,13.0,14.0,13.0,12
24,4,88,3.6224887046120577,3.622488704612059,41.89555432311924,41.89555432311916,33.16731383913607,31.85807776653852,14.0,12.0,12.0,8
24,4,89,5.482376524909132,5.482376524909133,41.805319740493374,41.80531974049342,36.289340052511605,34.98292381062122,16.0,14.0,14.0,12
24,4,90,5.611630729192658,5.6116307291926635,42.114906253195436,42.11490625319539,36.5580783447877,35.241987524375304,15.0,14.0,14.0,14
24,4,91,5.513084363673981,5.5130843636739835,42.36162039796261,42.36162039796254,35.22780585177794,33.904005214341545,14.0,14.0,13.0,12
24,4,92,4.464712591951224,4.464712591951225,44.71159340261197,44.71159340261188,37.18203687474155,35.78479958090986,13.0,11.0,11.0,10
24,4,93,4.80568742874133,4.805687428741331,43.95180046610935,43.95180046610947,38.152604571275475,36.77911080670965,12.0,13.0,12.0,12
24,4,94,5.33797378662149,5.337973786621487,42.99748628897621,42.997486288976155,38.742526708296275,37.39885526176572,12.0,13.0,12.0,12
24,4,95,5.486675031240982,5.486675031240982,42.78033453681905,42.780334536818984,35.57600736655611,34.239121912280474,14.0,14.0,14.0,12
24,4,96,5.598816398649316,5.5988163986493165,42.932573456106184,42.93257345610627,33.988287319417395,32.64664439891414,16.0,14.0,14.0,12
24,4,97,5.32880391195239,5.328803911952388,43.351662325683506,43.351662325683535,36.05112196875416,34.69638252107658,15.0,13.0,12.0,12
24,4,98,6.897771081018029,6.897771081018027,43.2400967572361,43.240096757236195,37.53480621287856,36.183553189215004,15.0,15.0,13.0,12
24,4,99,6.108215148752391,6.108215148752394,42.57732057520542,42.57732057520535,35.40718152000589,34.07664025203067,14.0,13.0,13.0,12
25,4,0,5.273552316590367,5.273552316590371,46.12527453119184,46.1252745311919,37.34302226045292,35.9592640245172,12.0,12.0,11.0,12
25,4,1,5.456715184595382,5.4567151845953825,45.02859399161688,45.02859399161693,36.455149695613024,35.104291875864554,14.0,13.0,13.0,10
25,4,2,5.221715302769275,5.2217153027692795,45.141521376750724,45.141521376750795,36.54657570661739,35.19233006531492,15.0,13.0,13.0,10
25,4,3,6.971767011774116,6.97176701177412,46.67681518444981,46.67681518444968,37.78954957333057,36.38924511779697,11.0,11.0,11.0,14
25,4,4,5.518540470696983,5.518540470696983,44.14675439650823,44.146754396508136,38.849143868927236,37.52474123703192,16.0,16.0,13.0,12
25,4,5,6.910500381077488,6.91050038107749,45.23424599920241,45.23424599920226,38.286265813724924,36.92923843374872,15.0,14.0,13.0,14
25,4,6,3.8397825201751807,3.8397825201751825,45.6944373546969,45.69443735469668,36.99421648236261,35.62338336172154,13.0,14.0,11.0,14
25,4,7,4.741821024012765,4.741821024012767,43.67284083612474,43.672840836124756,36.964692483695984,35.65450725861225,16.0,14.0,14.0,12
25,4,8,5.524291976164455,5.524291976164456,45.016534461287904,45.01653446128807,40.98305297355651,39.632556939718015,14.0,15.0,14.0,10
25,4,9,4.611275490324147,4.611275490324144,45.2112774186542,45.211277418654255,36.60305019814245,35.24671187558286,15.0,14.0,13.0,10
25,4,10,6.139356597150128,6.139356597150131,46.20786122754071,46.20786122754072,37.40988444981696,36.02364861299075,13.0,14.0,12.0,12
25,4,11,4.024669049066655,4.024669049066658,46.14187685169538,46.14187685169534,40.60485162949193,39.22059532394104,12.0,12.0,11.0,10
25,4,12,6.077406075580091,6.07740607558009,46.072351387409185,46.072351387409135,37.30017568324648,35.918005141624164,14.0,13.0,12.0,14
25,4,13,5.925482318651249,5.925482318651253,45.66813660809041,45.66813660809048,36.972923397909994,35.60287929966734,13.0,13.0,12.0,12
25,4,14,5.397625453054475,5.397625453054473,44.40035320844332,44.40035320844315,37.580458955626426,36.248448359372986,15.0,15.0,14.0,10
25,4,15,6.667986851629301,6.667986851629307,45.309326142446096,45.30932614244617,36.68243044492437,35.32315066065103,14.0,14.0,13.0,12
25,4,16,3.5588546346069165,3.5588546346069188,43.91354192847214,43.91354192847223,35.55240354529105,34.234997287436954,14.0,13.0,12.0,10
25,4,17,6.405476500124871,6.405476500124865,46.54268557181305,46.54268557181308,37.68095823893985,36.28467767178548,13.0,11.0,11.0,12
25,4,18,5.088739497829364,5.088739497829364,45.49055336535455,45.49055336535469,38.503204368436094,37.13848776747557,14.0,13.0,13.0,10
25,4,19,4.859543808684856,4.8595438086848555,43.314999304592256,43.31499930459239,36.66181541140689,35.36236543226923,16.0,14.0,14.0,14
25,4,20,5.8382821117544355,5.838282111754437,45.83088361565308,45.83088361565299,38.791259892288764,37.41633338381911,15.0,13.0,12.0,10
25,4,21,4.182451672733305,4.182451672733303,43.89646262116417,43.896462621164304,37.15396596255335,35.83707208391854,13.0,15.0,13.0,12
25,4,22,6.348120155924969,6.348120155924969,45.18887275079965,45.18887275079961,38.24786189627683,36.8921957137528,16.0,15.0,14.0,12
25,4,23,7.4687750724761806,7.468775072476183,45.07526830799324,45.07526830799319,36.49293722215133,35.89520713709128,15.0,14.0,13.0,14
25,4,24,6.724581385572432,6.7245813855724315,43.339283842835265,43.33928384283529,38.13856978169503,36.83839126641,16.0,16.0,15.0,12
25,4,25,6.024028877432402,6.024028877432402,45.62682579149618,45.62682579149618,36.93947816079531,35.57067338705042,14.0,13.0,13.0,12
25,4,26,3.6156678297140017,3.6156678297140017,44.637699532219834,44.63769953221946,37.78134888407087,36.44221789810396,15.0,12.0,12.0,12
25,4,27,3.763122605978365,3.763122605978368,43.54640041418082,43.54640041418073,38.320832364479124,37.01444035205362,14.0,13.0,13.0,10
25,4,28,5.32332799812601,5.323327998126012,44.938058702128416,44.93805870212838,39.54549165787301,38.19734989680912,16.0,14.0,13.0,12
25,4,29,7.059494334810109,7.059494334810111,45.92838239181916,45.928382391819,37.1836183844168,35.805766912662094,14.0,12.0,12.0,12
25,4,30,5.313770594532685,5.313770594532681,45.08704107848482,45.087041078484994,36.50246845714132,35.1498572247869,16.0,15.0,13.0,10
25,4,31,4.964092869095628,4.964092869095632,45.0084853309501,45.00848533094997,38.09518198411617,36.74492742418756,14.0,13.0,12.0,12
25,4,32,5.004306445953468,5.004306445953463,44.39862793231777,44.3986279323178,39.07079258043964,37.73883374247013,14.0,15.0,13.0,14
25,4,33,4.679330712032317,4.679330712032318,45.33868265792111,45.33868265792106,39.89804073897058,38.5378802592329,15.0,13.0,13.0,10
25,4,34,4.199657689822523,4.199657689822526,45.371013143690206,45.37101314369012,38.402025524819386,37.040895130508616,13.0,12.0,12.0,12
25,4,35,5.29114983222103,5.291149832221027,44.55940272242669,44.55940272242665,36.07529244407665,34.738510362403815,15.0,14.0,14.0,10
25,4,36,3.4912448354559826,3.4912448354559795,44.362781788764934,44.36278178876486,39.039247974113145,37.70836452045013,13.0,13.0,12.0,12
25,4,37,5.89804251404148,5.898042514041476,45.375331107260386,45.37533110726049,39.930291374389135,38.56903144117141,16.0,14.0,13.0,14
25,4,38,6.798096167123288,6.798096167123294,44.98827228162798,44.988272281628156,36.42250523920602,35.072857070757316,15.0,14.0,13.0,10
25,4,39,4.654303999413582,4.654303999413584,45.05994830275898,45.059948302759004,38.1387402434552,36.78694179437245,14.0,14.0,12.0,12
25,4,40,5.472843214163362,5.472843214163362,46.71152995380868,46.711529953808714,39.53663895290367,38.135293054289434,12.0,11.0,11.0,10
25,4,41,5.6233352508635335,5.623335250863539,46.37244788670901,46.372447886708706,42.21747655605989,40.826303119458345,13.0,13.0,11.0,12
25,4,42,4.699709362828849,4.699709362828848,44.555992018672065,44.55599201867215,37.71219164460404,36.375511884043945,14.0,14.0,14.0,10
25,4,43,5.563203057389235,5.5632030573892335,45.04452886990268,45.04452886990275,36.468050573073214,35.11671470697619,16.0,15.0,13.0,12
25,4,44,6.719878878159674,6.719878878159674,44.483918174513896,44.48391817451374,41.708121680424235,40.37360413518867,15.0,13.0,13.0,12
25,4,45,4.3475414868606475,4.347541486860647,45.159598096210686,45.15959809621069,38.223083828632724,36.86829588574641,13.0,13.0,13.0,10
25,4,46,5.999646199570181,5.9996461995701775,45.51829444177208,45.518294441772085,36.85161118005868,35.48606234680552,14.0,14.0,13.0,12
25,4,47,5.0741663114892726,5.074166311489272,45.68659643252446,45.6865964325246,38.669135220488705,37.29853732751309,12.0,12.0,12.0,12
25,4,48,5.752138831542021,5.752138831542013,44.42533086106332,44.425330861063095,37.601600040803994,36.26884011497191,16.0,15.0,14.0,12
25,4,49,5.114490360257431,5.114490360257429,46.71783275962916,46.71783275962923,37.82275740219577,36.42122241940696,14.0,12.0,12.0,12
25,4,50,4.6430042850010205,4.643004285001022,44.16858638560047,44.16858638560053,37.38429151677224,36.05923392520427,15.0,15.0,13.0,12
25,4,51,6.553351310155084,6.553351310155089,45.504449291194454,45.50444929119446,36.840402146151035,35.47526866741521,17.0,16.0,14.0,14
25,4,52,4.815316931259167,4.815316931259166,46.389310009973414,46.38931000997326,39.2639119924415,37.87223269214217,12.0,11.0,11.0,10
25,4,53,4.392417838092257,4.392417838092254,44.212634516622884,44.21263451662291,40.251182463933475,38.924803428434814,14.0,14.0,14.0,10
25,4,54,6.05922271570557,6.059222715705567,43.41832248216144,43.41832248216142,35.15147388155791,33.84892420709305,16.0,15.0,15.0,14
25,4,55,5.891473711258074,5.891473711258079,45.09393077305746,45.09393077305782,36.50804635386732,35.15522843067588,15.0,14.0,13.0,10
25,4,56,5.059678497635621,5.05967849763562,45.998795377267435,45.998795377267385,40.47893993199534,39.098976070677274,13.0,12.0,11.0,12
25,4,57,4.506350756254803,4.506350756254803,43.73406089496378,43.734060894963704,39.815489038775034,38.50346721192605,14.0,14.0,14.0,12
25,4,58,5.803497986755332,5.803497986755326,44.44451892280683,44.44451892280688,40.46229002732334,39.128954459639175,15.0,16.0,14.0,10
25,4,59,5.03910390266257,5.039103902662577,44.59746766242464,44.59746766242457,40.601534559871396,39.2636105299986,14.0,14.0,13.0,12
25,4,60,5.66831160862801,5.668311608628015,44.778914089243194,44.77891408924301,37.90087288513544,36.557505462457996,16.0,14.0,13.0,14
25,4,61,5.37544007466524,5.375440074665241,46.57232621113746,46.57232621113769,40.98364706580096,39.58647727946703,11.0,11.0,11.0,12
25,4,62,6.120425094617935,6.120425094617935,44.741995001131556,44.74199500113176,39.372955600995766,38.030695750961996,14.0,16.0,13.0,12
25,4,63,4.265446469642919,4.265446469642916,46.36744892962421,46.367448929624175,40.80335505806931,39.41233159018054,13.0,11.0,11.0,12
25,4,64,4.972295666560571,4.972295666560574,45.22213622350664,45.222136223506475,38.27601609957602,36.91935201287069,15.0,13.0,13.0,12
25,4,65,5.76509532758487,5.765095327584868,44.543981601737705,44.543981601737705,36.06280750476685,34.72648805671472,14.0,14.0,14.0,10
25,4,66,5.331654307896564,5.331654307896563,43.772894053195714,43.77289405319571,35.43853502546725,34.125348203871376,15.0,16.0,14.0,10
25,4,67,5.4303433331475,5.4303433331474995,45.02349881605993,45.02349881606,38.10788939791313,36.757184433431384,15.0,13.0,13.0,12
25,4,68,5.373080863878623,5.373080863878628,44.10333880254603,44.103338802545984,38.8109381462405,37.48783798216409,14.0,16.0,14.0,14
25,4,69,4.254812793641054,4.254812793641055,45.60567300896932,45.605673008969305,36.92235286806157,35.554182677792475,13.0,14.0,12.0,10
25,4,70,5.200346768530573,5.200346768530569,43.51696891158615,43.51696891158626,38.2949326421958,36.989423574848324,16.0,15.0,14.0,12
25,4,71,6.0145585486728566,6.014558548672852,43.76880775563389,43.76880775563395,38.516550824957825,37.20348659228886,16.0,16.0,15.0,12
25,4,72,4.959482380518476,4.959482380518482,44.54029589100204,44.54029589100208,39.1954603840818,37.859251507351765,16.0,14.0,13.0,10
25,4,73,4.4674817494415615,4.467481749441558,43.265612945479994,43.26561294548002,36.62001479705427,35.322046408689886,14.0,15.0,13.0,10
25,4,74,3.8139588667722526,3.8139588667722517,43.976748094918904,43.9767480949189,35.60357525764635,34.28427281479877,14.0,13.0,13.0,10
25,4,75,3.6780699384974644,3.6780699384974627,43.006459780132424,43.00645978013243,36.40066755790408,35.11047376450012,15.0,13.0,11.0,10
25,4,76,6.4549388234997656,6.4549388234997656,46.34530619952806,46.345306199528075,40.7838694555847,39.39351026959886,13.0,11.0,11.0,12
25,4,77,5.284090871372723,5.284090871372722,45.40757931499866,45.407579314998564,39.95866979719882,38.596442417748776,15.0,14.0,14.0,12
25,4,78,4.374167745605975,4.374167745605975,44.117675777632535,44.11767577763284,37.341200778188174,36.01767050485945,15.0,14.0,13.0,10
25,4,79,5.624572467541595,5.624572467541594,44.55274671072573,44.55274671072568,37.70944481595826,36.372862414636444,16.0,15.0,14.0,12
25,4,80,3.9469690792563377,3.946969079256335,45.44415313528971,45.4441531352895,39.99085475905495,38.627530164996074,13.0,12.0,12.0,10
25,4,81,5.079767924547346,5.0797679245473475,45.32475315252865,45.32475315252874,36.6949201522872,35.33517755771141,15.0,13.0,13.0,10
25,4,82,4.476952010532161,4.476952010532162,45.251879015742034,45.25187901574196,38.301190398924064,36.94363402845174,13.0,14.0,13.0,10
25,4,83,4.514621098094494,4.5146210980944925,45.925593963213686,45.92559396321374,41.81066074410975,40.43289292521339,14.0,15.0,11.0,10
25,4,84,6.547301353364326,6.547301353364324,46.62484426162137,46.624844261621554,41.0298629502268,39.63111762237831,13.0,11.0,11.0,10
25,4,85,6.2588595150909265,6.258859515090933,44.31212643212239,44.31212643212242,38.99467126026771,37.66530746730405,17.0,14.0,14.0,12
25,4,86,5.520060151414044,5.52006015141404,45.01502914364177,45.01502914364175,39.61322564640476,38.26277477209549,15.0,14.0,14.0,10
25,4,87,6.11138373125415,6.111383731254145,46.104393802896865,46.10439380289684,39.02275891477191,37.63962710068498,14.0,14.0,13.0,14
25,4,88,5.630521707971803,5.630521707971803,43.175389004553885,43.17538900455387,34.95479493808683,33.6595332679502,17.0,16.0,15.0,12
25,4,89,4.7475552624995885,4.747555262499587,45.39338928402598,45.39338928402606,39.94618256994286,38.58438089142215,14.0,13.0,13.0,12
25,4,90,3.857219630252593,3.8572196302525903,45.27630779799299,45.276307797993184,39.843150862233834,38.484861628294205,13.0,13.0,12.0,12
25,4,91,5.497709390338574,5.497709390338573,44.01509242756695,44.015092427566884,35.6346188293582,34.31416605653114,14.0,14.0,14.0,10
25,4,92,3.528913633880927,3.5289136338809284,45.28160723751577,45.2816072375157,41.22437522903436,39.86592701190882,12.0,13.0,11.0,10
25,4,93,5.824373906090071,5.824373906090078,45.74668754805713,45.74668754805713,41.64778434375121,40.275383717309495,14.0,13.0,12.0,14
25,4,94,5.289673308840281,5.289673308840282,45.39683474505651,45.39683474505636,38.42388092821583,37.061975885864015,15.0,14.0,13.0,14
25,4,95,5.785175188498889,5.785175188498887,44.08382420388781,44.08382420388789,37.31254880617064,35.99003408005408,16.0,15.0,14.0,12
25,4,96,3.5216879434871036,3.5216879434871062,44.24709155654883,44.24709155654891,35.82244532418194,34.49503257748553,13.0,13.0,12.0,10
25,4,97,3.6392087075463464,3.6392087075463477,45.89952538674936,45.8995253867493,41.78692791209662,40.409942150494096,12.0,12.0,12.0,12
25,4,98,4.682463113070909,4.682463113070912,44.37556640154047,44.3755664015406,35.926458558687166,34.595191566641056,15.0,15.0,13.0,8
25,4,99,6.105663049669011,6.1056630496690145,44.865763384455484,44.86576338445574,36.32332203605517,34.9773491345217,15.0,14.0,13.0,12
26,4,0,6.978477311114297,6.978477311114298,47.245961574644966,47.2459615746449,40.6063663829419,39.243502106750164,15.0,14.0,13.0,12
26,4,1,7.051445521626672,7.051445521626672,46.84908271483544,46.849082714835326,40.26526191911152,38.9138460715681,17.0,14.0,14.0,12
26,4,2,3.2017921658061965,3.201792165806197,45.99855524714643,45.99855524714633,37.96922163891673,36.64234023755665,14.0,13.0,12.0,10
26,4,3,5.592041957621676,5.592041957621672,47.424174734899694,47.42417473489975,40.75953479434426,39.39152975391452,13.0,12.0,12.0,12
26,4,4,4.990986974494047,4.99098697449405,46.5735409411448,46.573540941144884,36.721445742056474,35.37797821490813,16.0,15.0,14.0,12
26,4,5,5.636157419752823,5.636157419752826,46.459227973971146,46.459227973971224,41.37345449753052,40.03328445981988,14.0,16.0,14.0,14
26,4,6,6.845982339333318,6.845982339333319,46.178883039289815,46.178883039289815,41.12379820954507,39.79171504495017,17.0,14.0,14.0,12
26,4,7,4.912437860907004,4.912437860907002,46.51190027566632,46.51190027566625,39.975464586038655,38.63377515500976,16.0,13.0,13.0,10
26,4,8,3.318087250920108,3.3180872509201063,45.455500078724874,45.45550007872491,41.75719755752684,40.44598120910212,13.0,13.0,13.0,10
26,4,9,6.0248620884216555,6.024862088421653,47.26989459992951,47.26989459992946,37.270493819175186,35.90693916725411,15.0,14.0,14.0,10
26,4,10,6.337009987764972,6.337009987764972,47.97890069412873,47.97890069412858,37.82951785498612,36.44551110419383,13.0,12.0,12.0,12
26,4,11,6.480476705323545,6.480476705323549,47.267719159334604,47.267719159334604,39.016845104894536,37.65335320606758,15.0,14.0,13.0,12
26,4,12,6.385809918150954,6.385809918150957,45.78201958323623,45.782019583236135,37.79048362048197,36.469848440196245,17.0,15.0,15.0,12
26,4,13,5.4670677412935955,5.467067741293597,46.556689201547734,46.5566892015477,38.42992984388112,37.08694842460567,15.0,14.0,13.0,12
26,4,14,5.427973181518855,5.4279731815188565,45.7915597652516,45.791559765251755,36.10488366106376,34.78397328322008,15.0,15.0,14.0,10
26,4,15,6.0774904363719315,6.0774904363719315,45.26332664150887,45.26332664150865,40.30846544110701,39.00279255721714,17.0,17.0,16.0,12
26,4,16,4.824120276052103,4.824120276052102,46.91102663323563,46.911026633235544,36.98754023005117,35.63433753870777,14.0,14.0,14.0,10
26,4,17,4.632338585122603,4.6323385851226035,46.68647385744213,46.68647385744211,38.537059781734776,37.19033457430854,14.0,14.0,14.0,10
26,4,18,6.388419949755173,6.388419949755173,47.79425052238932,47.794250522389405,42.56233552437629,41.1836552208459,14.0,12.0,13.0,12
26,4,19,5.953120778955714,5.953120778955717,46.882756419995374,46.88275641999535,41.75062036218523,40.39823315776226,15.0,15.0,14.0,12
26,4,20,6.8344617039388185,6.834461703938815,46.1068372983628,46.1068372983627,43.51503283484536,42.185027912777116,18.0,15.0,15.0,14
26,4,21,5.632598444885738,5.63259844488574,46.17040570716866,46.17040570716866,36.40358911526759,35.07175048909927,16.0,15.0,14.0,10
26,4,22,6.700054572947398,6.7000545729473915,47.91158462811924,47.91158462811931,39.54831985575524,38.16625491455954,14.0,13.0,13.0,12
26,4,23,6.183912967871139,6.1839129678711355,46.814844816136414,46.81484481613664,36.91170456656909,35.56127635071918,18.0,15.0,14.0,14
26,4,24,5.900810784526711,5.900810784526709,46.02663507563224,46.02663507563193,37.992399958879865,36.664708562467155,16.0,16.0,14.0,10
26,4,25,5.896367431036182,5.896367431036184,48.030711372915455,48.03071137291538,41.28083329536077,39.895332005757375,13.0,13.0,12.0,12
26,4,26,4.783761673133255,4.783761673133254,47.265118003516605,47.26511800351649,39.014697996985596,37.65128113149945,15.0,15.0,13.0,12
26,4,27,4.716566103210561,4.716566103210565,46.41443394870325,46.41443394870334,38.31250612925504,36.97362822688868,16.0,15.0,14.0,10
26,4,28,5.782030435471593,5.782030435471592,47.127540422578974,47.12754042257878,38.901135437572584,37.54168715615189,14.0,13.0,13.0,10
26,4,29,4.863559748471652,4.863559748471654,47.79285056522806,47.79285056522801,37.68282448412212,36.30418456397127,13.0,14.0,12.0,10
26,4,30,4.38680288285753,4.3868028828575305,47.366852872188424,47.36685287218852,37.34694168768702,35.98059016252781,15.0,14.0,13.0,10
26,4,31,4.02118869067999,4.02118869067999,43.42276197066458,43.422761970664666,39.88984494642412,38.63726527419348,15.0,14.0,15.0,10
26,4,32,5.023084129807382,5.023084129807376,47.60748883382052,47.60748883382075,39.29730587170392,37.92401292457467,14.0,15.0,13.0,12
26,4,33,4.338122162672917,4.338122162672919,46.45879829633487,46.45879829633482,39.929825162974204,38.589667519810654,14.0,15.0,13.0,12
26,4,34,5.4203667052348505,5.420366705234847,47.2035509980814,47.203550998081376,38.963877894866,37.60223700069056,14.0,15.0,14.0,12
26,4,35,5.36505858090432,5.365058580904321,46.66418996201031,46.66418996201041,36.79291900850813,35.44683660575791,15.0,14.0,14.0,10
26,4,36,5.72926337753358,5.729263377533583,46.484750405435356,46.48475040543528,39.9521301561508,38.61122389445549,15.0,15.0,15.0,12
26,4,37,5.298287743547272,5.298287743547271,47.478190717248346,47.47819071724846,37.43472729629196,36.06516410252527,14.0,16.0,13.0,10
26,4,38,3.9574406581328194,3.9574406581328185,47.07661245079022,47.076612450790236,38.859097259675956,37.5011180543647,13.0,13.0,13.0,12
26,4,39,4.101463926117317,4.101463926117317,45.69538748962194,45.69538748962201,39.273698419334835,37.95556224174965,13.0,13.0,13.0,10
26,4,40,5.921274176382194,5.921274176382194,45.90118987854642,45.90118987854639,37.88885200033861,36.564779215380526,17.0,15.0,15.0,12
26,4,41,4.512961970787398,4.512961970787399,46.631180409626786,46.63118040962678,38.49141814877477,37.14628794465092,15.0,14.0,13.0,10
26,4,42,6.781020936557083,6.781020936557083,48.02896153561354,48.02896153561355,41.279329367147135,39.89387855361983,14.0,14.0,12.0,12
26,4,43,3.7172734282487823,3.7172734282487823,47.89733843690401,47.89733843690406,39.53656042572845,38.15490643235626,13.0,12.0,12.0,12
26,4,44,6.69277827899882,6.692778278998821,47.19082777770551,47.190827777705515,40.558980678767604,39.19770680056456,15.0,14.0,13.0,16
26,4,45,4.220734962336512,4.220734962336513,47.02871211029186,47.028712110291906,37.080330702345506,35.72373323762558,12.0,12.0,12.0,12
26,4,46,4.238864970884183,4.238864970884185,44.83535592248382,44.835355922483664,35.35095370811224,34.05762613342509,15.0,14.0,13.0,12
26,4,47,6.128748465236776,6.12874846523677,46.479884572707505,46.47988457270751,38.366531940193475,37.025766039057686,15.0,14.0,13.0,14
26,4,48,4.0625873074780765,4.062587307478077,45.791733702139716,45.79173370213938,37.79850207957686,36.477586684322574,14.0,13.0,13.0,10
26,4,49,5.717739001540872,5.717739001540879,47.972807179022226,47.972807179022304,37.8247133526906,36.44088237637271,15.0,14.0,12.0,12
26,4,50,7.375743214969173,7.375743214969173,45.91544245130548,45.91544245130529,39.46282849734983,38.13834458048508,18.0,16.0,15.0,12
26,4,51,4.907546133343984,4.907546133343983,46.87671304019974,46.87671304019981,40.28900928455037,38.93679640839082,15.0,14.0,13.0,10
26,4,52,6.133906107097697,6.133906107097697,46.18134557892012,46.18134557892017,38.120104782599746,36.78795058320786,16.0,15.0,14.0,14
26,4,53,4.978947954083379,4.978947954083378,46.57414359025182,46.57414359025202,40.02896068925489,38.685475777997794,15.0,15.0,14.0,12
26,4,54,6.183627709403079,6.183627709403076,47.8338533218216,47.83385332182155,37.715153580667035,36.33533088869137,14.0,13.0,13.0,12
26,4,55,5.219222651031552,5.219222651031559,45.81251802083149,45.812518020831675,39.374368298969074,38.05285335606063,15.0,16.0,15.0,10
26,4,56,5.156102897011035,5.156102897011034,46.65900434551485,46.65900434551492,40.10189574666291,38.755962929003886,14.0,15.0,14.0,12
26,4,57,4.914875331619103,4.914875331619108,47.49700226705382,47.49700226705371,40.82212768810395,39.452021853477305,14.0,13.0,13.0,14
26,4,58,6.177806744307581,6.177806744307574,47.4549168405392,47.4549168405393,37.41637673965591,36.04748490771735,14.0,13.0,13.0,12
26,4,59,3.2510741521056588,3.2510741521056583,46.236585802619345,46.23658580261939,41.1751843981906,39.84143673080739,13.0,13.0,12.0,10
26,4,60,5.430582058527414,5.430582058527415,47.74510001854336,47.74510001854334,41.03535963132204,39.658097130787105,13.0,12.0,12.0,12
26,4,61,5.105434862960443,5.105434862960444,46.48497388521846,46.48497388521837,38.37073288158565,37.029820173358125,17.0,16.0,14.0,12
26,4,62,6.65820443398038,6.658204433980382,47.58672428285503,47.586724282855165,37.52030183840492,36.518360802960984,16.0,13.0,13.0,12
26,4,63,5.257040225396122,5.25704022539613,46.91666162290331,46.91666162290327,38.72706684257403,37.37370160345179,15.0,15.0,13.0,12
26,4,64,5.5192227090780595,5.519222709078055,47.66499736305656,47.66499736305664,40.96651400582228,39.5915621588111,13.0,13.0,12.0,14
26,4,65,6.741772270130353,6.741772270130355,48.23692269572613,48.23692269572602,39.816868142330144,38.425418449184114,12.0,12.0,12.0,12
26,4,66,4.830565482027537,4.830565482027538,46.557973580029085,46.55797358002901,38.430990026118685,37.08797155746394,15.0,14.0,13.0,12
26,4,67,6.497753731137387,6.497753731137388,47.4176752725143,47.417675272514366,37.38701319563627,36.148742095841904,16.0,13.0,13.0,12
26,4,68,5.008542296829565,5.008542296829568,46.83412925385774,46.83412925385784,36.92690960400322,35.575925106295855,14.0,14.0,13.0,12
26,4,69,5.511417683410105,5.511417683410107,47.83132891380296,47.83132891380306,39.48207327500304,38.102323402489574,14.0,15.0,13.0,12
26,4,70,5.241361068994606,5.241361068994608,46.06615758595673,46.066157585956844,38.025023569473156,36.69619210064757,15.0,14.0,14.0,10
26,4,71,4.7996395108972605,4.799639510897259,46.78438667522501,46.784386675224994,36.88768949392741,35.53813987829591,14.0,13.0,13.0,14
26,4,72,5.676662375857134,5.676662375857126,48.17985982225765,48.179859822257804,39.769765947958234,38.37996229923939,14.0,14.0,12.0,10
26,4,73,7.967303041161976,7.96730304116198,47.2905867947256,47.29058679472549,39.03572105245101,37.671569510295384,16.0,15.0,14.0,14
26,4,74,4.7052752470863926,4.70527524708639,45.63035263569414,45.63035263569404,40.63531403356194,39.31905386137837,15.0,15.0,14.0,12
26,4,75,5.918595631723081,5.918595631723081,46.786405232765716,46.786405232765674,38.61954751462022,37.26993967136733,16.0,17.0,13.0,12
26,4,76,4.6747283366888785,4.674728336688872,46.83205500953491,46.83205500953499,40.25062716056181,38.8997024968253,13.0,13.0,13.0,12
26,4,77,5.942730758717963,5.942730758717968,47.67041391123757,47.6704139112378,42.45205499196008,41.07694689836689,15.0,14.0,13.0,10
26,4,78,4.302879958303419,4.3028799583034205,48.67872440834706,48.67872440834706,43.34998830447475,41.945794331157046,13.0,12.0,10.0,14
26,4,79,5.749039570824803,5.749039570824804,46.152365429108094,46.152365429107945,43.558001691968876,42.226683458436774,16.0,15.0,14.0,12
26,4,80,5.268082769965774,5.268082769965773,46.64724308732675,46.647243087326814,38.50467698628451,37.159083435688586,14.0,14.0,14.0,10
26,4,81,5.989706329737667,5.989706329737669,47.426130697082826,47.42613069708289,40.76121588018509,39.39315441776929,13.0,15.0,13.0,12
26,4,82,4.791390759899932,4.791390759899933,46.08003453203949,46.08003453203955,38.03647820839946,36.70724644305221,14.0,14.0,14.0,14
26,4,83,5.055828355612404,5.055828355612406,45.39617892825397,45.39617892825384,39.016538398395795,37.70703323700374,16.0,14.0,14.0,10
26,4,84,4.9421099597664835,4.942109959766485,46.04989496440264,46.04989496440258,36.308571029625156,34.98020867488273,16.0,16.0,14.0,12
26,4,85,6.273792125032942,6.27379212503294,46.402919558406765,46.40291955840677,41.32331002094804,39.98476426445554,17.0,16.0,15.0,12
26,4,86,5.541933883275661,5.541933883275661,46.71240534569971,46.71240534569961,40.14779216841942,38.80031893729338,16.0,15.0,14.0,14
26,4,87,5.699892668602843,5.69989266860284,47.177177659517426,47.17717765951744,40.54724884641956,39.1863687216258,16.0,13.0,14.0,12
26,4,88,6.335335119686117,6.33533511968612,47.39451325919068,47.39451325919068,39.12150650684675,37.75435708590855,15.0,13.0,13.0,14
26,4,89,4.6156378180971345,4.615637818097135,46.80794288763708,46.80794288763703,38.63732563801996,37.28709651626116,15.0,14.0,14.0,10
26,4,90,5.904929227492171,5.904929227492171,46.33271181227263,46.33271181227266,39.821457933328986,38.484937400282696,16.0,15.0,14.0,12
26,4,91,6.462962147911089,6.4629621479110915,47.73463379978925,47.73463379978898,37.63692280367999,36.25996221330125,13.0,12.0,12.0,12
26,4,92,5.6346402175353205,5.63464021753532,46.86433188868696,46.864331888687076,40.278368087762026,38.92651236020383,15.0,15.0,14.0,12
26,4,93,5.428362380769595,5.42836238076959,47.20399804137048,47.20399804137063,38.96424690397149,37.6025931143167,15.0,14.0,14.0,14
26,4,94,6.496841967528158,6.496841967528156,48.47109248024984,48.47109248024972,40.01016213606421,38.61195754528768,14.0,12.0,12.0,12
26,4,95,6.833582822037683,6.833582822037675,48.4036956878836,48.403695687883804,39.95452987254297,38.55826942000803,14.0,13.0,12.0,12
26,4,96,3.712065378103636,3.71206537810364,44.701440083264785,44.701440083264856,42.188637238347525,40.89917262056111,14.0,16.0,14.0,8
26,4,97,5.462330667100409,5.462330667100407,46.70746325722407,46.70746325722413,40.14354460421181,38.7962139333304,15.0,15.0,14.0,12
26,4,98,5.136158807950299,5.136158807950296,48.40837870068099,48.40837870068098,38.1681447447677,36.77174920532497,12.0,12.0,12.0,12
26,4,99,4.466795623328013,4.4667956233280135,46.806737174923455,46.80673717492337,40.22886730566646,38.878672964082064,14.0,14.0,13.0,12
27,4,0,4.655692381852716,4.655692381852715,49.186904396657035,49.1869043966569,41.292709863860225,39.926406963952985,14.0,15.0,13.0,10
27,4,1,4.736935249883486,4.736935249883486,48.71180445408465,48.71180445408478,43.83394200532172,42.480836326041704,15.0,13.0,13.0,16
27,4,2,5.06239719138969,5.062397191389688,49.40985773305268,49.40985773305272,39.78544100041415,38.41294495227384,15.0,15.0,13.0,12
27,4,3,4.281094403832904,4.2810944038329,48.4369587766742,48.436958776674224,39.00205048272669,37.656579405596865,14.0,13.0,14.0,10
27,4,4,5.898310012948714,5.898310012948716,47.934521358498486,47.934521358498515,38.5974815328376,37.2659670506571,16.0,15.0,15.0,12
27,4,5,6.836178902199008,6.836178902199005,48.77201736133722,48.772017361337284,40.94440963667816,39.589631376641066,17.0,15.0,14.0,14
27,4,6,6.24555270273044,6.245552702730447,50.0490752989675,50.04907529896757,43.595559416796114,42.20530732515819,14.0,13.0,12.0,12
27,4,7,5.313696957994735,5.313696957994737,48.178499368728055,48.17849936872804,38.79393570568363,37.45564405655229,16.0,16.0,14.0,12
27,4,8,5.871406977772711,5.8714069777727085,47.64924030056203,47.64924030056218,38.36776962473238,37.044179616383566,16.0,16.0,15.0,10
27,4,9,5.358204744548602,5.358204744548602,49.22275787564789,49.22275787564799,39.63478583402649,38.26748700414746,15.0,13.0,13.0,12
27,4,10,4.977305377545505,4.977305377545507,47.84388994639038,47.84388994639048,44.2998980985096,42.970901155554415,16.0,15.0,14.0,12
27,4,11,4.4043673624657345,4.404367362465741,47.84663145353484,47.84663145353502,40.16754245481937,38.83846935888799,16.0,15.0,14.0,10
27,4,12,5.993325056165962,5.99332505616596,48.14458923898661,48.1445892389866,43.323526119033225,41.98617641795024,17.0,16.0,15.0,12
27,4,13,5.5500216075930044,5.550021607593006,48.11512116300768,48.11512116300775,40.3929412232657,39.05641007984888,17.0,16.0,14.0,12
27,4,14,5.820922258527645,5.820922258527642,48.62751235165939,48.62751235165949,40.82309678904739,39.47233255705693,17.0,15.0,14.0,12
27,4,15,4.346356262624682,4.346356262624686,47.46056280739795,47.4605628073981,38.21584412612153,36.89749515924948,15.0,13.0,13.0,10
27,4,16,5.850396223523264,5.850396223523267,47.359041541235186,47.35904154123518,41.2523887224751,39.93685979077411,15.0,15.0,15.0,12
27,4,17,5.507794492968468,5.507794492968469,47.498587950550174,47.49858795055009,41.37394149327759,40.054536272428905,16.0,16.0,15.0,14
27,4,18,5.846440792339819,5.8464407923398145,48.95842751666788,48.95842751666776,42.64554385882593,41.28558753891839,15.0,15.0,14.0,12
27,4,19,6.321295979158484,6.321295979158487,48.094217305536375,48.09421730553647,40.375392305882386,39.03944182517313,16.0,16.0,15.0,12
27,4,20,6.3428210467283135,6.34282104672831,48.004710017884655,48.004710017884655,40.30025038538464,38.96678621822119,18.0,15.0,15.0,14
27,4,21,4.972762090643741,4.972762090643741,47.99023591204359,47.99023591204366,40.28809928418474,38.95503717551692,17.0,15.0,14.0,12
27,4,22,5.981017567312173,5.98101756731217,49.07646151658291,49.07646151658295,39.516986159443306,38.153751117316034,14.0,14.0,14.0,12
27,4,23,5.326779416392371,5.326779416392371,48.45093496126503,48.45093496126513,39.01330428293905,37.66744497845956,15.0,15.0,14.0,12
27,4,24,5.463322853862254,5.463322853862257,48.87240912895241,48.87240912895238,41.028689145293384,39.671122225044684,13.0,14.0,13.0,12
27,4,25,6.719317698440883,6.71931769844088,49.08662505036205,49.086625050362194,39.52516996510634,38.1616526025964,15.0,14.0,14.0,12
27,4,26,3.690406213667053,3.6904062136670563,47.26314701195309,47.263147011953016,38.05688243623657,36.74401724146004,15.0,12.0,12.0,10
27,4,27,6.5522275660153575,6.552227566015361,47.36584111458598,47.365841114586175,42.622759631232384,41.30704182249405,18.0,16.0,15.0,10
27,4,28,6.791158689228514,6.791158689228515,49.47772969872441,49.477729698724296,41.5368595001637,40.16247811964349,14.0,15.0,14.0,12
27,4,29,6.437947717238506,6.437947717238505,49.506092577246285,49.506092577246214,43.12259092805403,41.747421689797136,14.0,14.0,14.0,12
27,4,30,5.416326246662832,5.416326246662832,48.64833731691558,48.64833731691546,42.37543785492647,41.02409515167871,16.0,17.0,14.0,12
27,4,31,5.5086608046937835,5.5086608046937835,50.17764940372405,50.177649403724125,40.40367654319069,39.00985294864286,13.0,12.0,12.0,10
27,4,32,6.466956905984586,6.4669569059845875,48.376478365794036,48.37647836579422,38.95335089262153,37.60955982690518,16.0,15.0,15.0,14
27,4,33,6.59761543882901,6.59761543882901,48.84207146910865,48.84207146910874,39.32825233520819,37.97152812773303,15.0,13.0,13.0,12
27,4,34,5.674337135146855,5.6743371351468515,48.173371381130735,48.173371381130636,41.961715812096045,40.62356660706456,15.0,15.0,14.0,12
27,4,35,4.868848964313269,4.868848964313269,46.785837122302816,46.78583712230295,37.67254648942627,36.37293990269574,16.0,17.0,15.0,10
27,4,36,6.114581864746546,6.11458186474655,49.741759634949936,49.74175963494987,40.05269260043294,38.67097705501761,14.0,14.0,13.0,12
27,4,37,5.856225057083044,5.856225057083043,47.15695815601821,47.156958156018206,39.588557464311585,38.27864195997775,17.0,16.0,15.0,12
27,4,38,6.150863874612545,6.150863874612548,48.08875603789972,48.088756037899714,43.273283896930344,41.93748511809979,17.0,16.0,15.0,14
27,4,39,4.8387296212989135,4.83872962129891,48.44768634405668,48.44768634405676,39.010688455365255,37.664919390252635,16.0,16.0,15.0,12
27,4,40,4.373371889707349,4.373371889707348,48.385595041427294,48.38559504142726,38.96069175489413,37.61664744818779,15.0,15.0,13.0,14
27,4,41,6.892954296649968,6.892954296649967,50.15663636986698,50.1566363698672,40.386756583143914,38.99351668398112,13.0,13.0,12.0,14
27,4,42,6.28118801153822,6.28118801153822,48.722804436848214,48.7228044368482,40.90309508278615,39.54968384842925,16.0,15.0,14.0,14
27,4,43,4.830532982293683,4.830532982293685,47.436167362420946,47.436167362421024,39.8229553166003,38.50528400097756,17.0,15.0,14.0,14
27,4,44,6.468293985111677,6.468293985111675,48.215608787004534,48.21560878700455,41.998506968104095,40.65918450179842,16.0,16.0,15.0,12
27,4,45,4.7101306856663205,4.710130685666324,50.73340180110221,50.73340180110225,42.59100398117222,41.181742820030536,12.0,12.0,12.0,14
27,4,46,5.123783388474078,5.123783388474077,48.541281657207904,48.541281657207904,42.28218635435805,40.933817419435606,15.0,15.0,14.0,16
27,4,47,6.7016392144979635,6.701639214497967,47.20867716458991,47.208677164589886,41.12141289371001,39.81006075024915,17.0,18.0,16.0,16
27,4,48,4.387267100747092,4.387267100747094,48.58562579700398,48.58562579700398,42.32081259409812,40.971211877514676,16.0,13.0,13.0,12
27,4,49,5.331907746611475,5.331907746611476,49.28732394830609,49.28732394830603,39.68677525055648,38.317682918659045,16.0,15.0,14.0,12
27,4,50,6.426269123655297,6.426269123655298,47.830380244447014,47.830380244447156,38.51362579353964,37.185004120082894,17.0,17.0,15.0,16
27,4,51,5.27858011316278,5.27858011316278,49.35323276795592,49.35323276795599,41.43234355828399,40.06142042584082,14.0,14.0,13.0,12
27,4,52,5.420431736063177,5.420431736063178,49.13385080094296,49.1338508009431,41.24817104276693,39.88334185385197,15.0,14.0,14.0,12
27,4,53,4.103555080519926,4.103555080519926,47.08303507833865,47.08303507833863,39.526498584284305,38.21863649877488,15.0,15.0,14.0,12
27,4,54,6.945527170839301,6.945527170839298,49.37140548522015,49.37140548522023,41.44759966660457,40.076171736459635,17.0,13.0,13.0,12
27,4,55,5.982821909669,5.982821909669003,47.666845135686536,47.66684513568656,42.8936219602337,41.56954292868687,17.0,16.0,15.0,16
27,4,56,6.8948616751523035,6.894861675152302,49.89064939355549,49.89064939355552,40.17258051305497,38.78672914101179,13.0,14.0,13.0,14
27,4,57,6.1489624514813235,6.148962451481323,46.62583099299168,46.62583099299167,37.543707534823206,36.248545562795655,18.0,17.0,16.0,12
27,4,58,3.6813653022649864,3.6813653022649846,47.78737629046469,47.78737629046463,38.47899846708199,37.15157134790237,12.0,12.0,12.0,10
27,4,59,5.024131601193522,5.024131601193525,50.12323470573477,50.12323470573477,40.35986114165474,38.967549066495444,14.0,14.0,12.0,12
27,4,60,5.313675514822025,5.313675514822028,50.646401257536205,50.64640125753605,40.781121451541495,39.374276972165376,12.0,12.0,11.0,12
27,4,61,5.515633267441208,5.515633267441212,49.45904524150768,49.45904524150767,43.08161005261643,41.707747684796765,15.0,13.0,13.0,12
27,4,62,6.056836517315032,6.056836517315035,49.435539699239285,49.435539699239236,39.80612044369473,38.432911007604716,15.0,14.0,13.0,12
27,4,63,5.558009834907503,5.558009834907504,49.625785795189394,49.625785795189316,41.66115350707258,40.282659457206144,14.0,15.0,13.0,12
27,4,64,7.339514428707004,7.339514428707004,49.46303607051928,49.46303607051918,41.52452410858408,40.15055088440292,15.0,14.0,14.0,14
27,4,65,5.959668959347347,5.959668959347347,48.92194835269524,48.92194835269522,41.07027762942316,39.71133461962606,15.0,15.0,15.0,12
27,4,66,5.600618003096297,5.600618003096295,47.63913649606836,47.639136496068474,39.993349157193194,38.67003981008028,16.0,17.0,14.0,12
27,4,67,6.062910450938878,6.06291045093888,50.053350606546296,50.053350606546324,46.345695006061376,44.955324155879566,13.0,13.0,12.0,14
27,4,68,4.77754240062221,4.77754240062221,48.59941222763749,48.59941222763738,40.79950656147344,39.449522888483436,16.0,15.0,14.0,10
27,4,69,5.476934486661127,5.476934486661131,48.099362546586306,48.0993625465867,40.37971176750455,39.04361836343303,17.0,15.0,15.0,10
27,4,70,5.338142515549362,5.338142515549359,48.01590124442403,48.01590124442423,43.20772457660105,41.873949542033884,15.0,15.0,15.0,12
27,4,71,5.373174039045243,5.373174039045238,48.64807180355671,48.648071803556725,43.77659136232264,42.42525603444607,15.0,14.0,14.0,14
27,4,72,4.42951618098848,4.429516180988479,48.31966562950252,48.319665629502545,38.907604560381316,37.56539162622849,16.0,14.0,13.0,10
27,4,73,6.451437025052941,6.451437025052935,48.698093553695514,48.698093553695564,42.41877833552353,41.06605351458759,17.0,16.0,14.0,12
27,4,74,5.673727944766852,5.673727944766851,49.12599904608348,49.12599904608357,41.24157944609477,39.87696836148142,14.0,14.0,13.0,12
27,4,75,5.746732338831144,5.746732338831148,49.16639279039465,49.16639279039473,41.2754902437881,39.90975711072165,16.0,14.0,14.0,12
27,4,76,4.775747279171047,4.775747279171041,49.40572614046927,49.40572614046958,43.03516611686967,41.66278483519023,15.0,14.0,14.0,12
27,4,77,6.451029132313345,6.451029132313341,48.8252356717359,48.8252356717359,39.314695938695436,37.95843939225833,18.0,16.0,15.0,12
27,4,78,5.142677562784349,5.142677562784351,48.36070575951228,48.360705759512435,38.94065059099273,37.59729765322863,16.0,17.0,14.0,14
27,4,79,5.328688240502798,5.328688240502799,49.4523995424545,49.452399542454465,39.819696202223305,38.446018437155104,14.0,13.0,12.0,16
27,4,80,3.547916858765462,3.547916858765462,47.28524789023596,47.285247890235915,41.188110302194566,39.87463119413242,13.0,15.0,13.0,12
27,4,81,4.090928547532276,4.090928547532277,48.692583977783016,48.692583977783,42.41397918503734,41.061407407876686,13.0,13.0,12.0,10
27,4,82,6.998908590893344,6.998908590893349,50.4176973029763,50.41769730297649,40.59696614107968,39.196474549330496,12.0,12.0,12.0,14
27,4,83,5.018418352674695,5.018418352674696,47.54097672687806,47.540976726878064,41.410864501464424,40.09028181460671,17.0,16.0,14.0,10
27,4,84,5.448914592178387,5.448914592178393,48.6865547142799,48.6865547142799,39.20302828159438,37.85062398397549,15.0,15.0,14.0,10
27,4,85,5.972200366079019,5.972200366079026,49.13369828074842,49.13369828074852,41.24804300112213,39.8832180488792,16.0,16.0,14.0,12
27,4,86,6.2052992044946595,6.2052992044946595,49.881813223367594,49.88181322336768,41.8760901134444,40.49048419057315,15.0,13.0,12.0,10
27,4,87,5.82802583150921,5.828025831509207,48.821486096181665,48.82148609618172,39.31167673313942,37.955524341578865,15.0,15.0,14.0,12
27,4,88,4.715467862590643,4.71546786259064,48.11354390628963,48.11354390628963,40.39161710651475,39.055129775784486,15.0,15.0,14.0,12
27,4,89,5.472328574108679,5.472328574108683,48.399400941595864,48.39940094159575,43.55282169778722,42.20839389385391,17.0,15.0,14.0,10
27,4,90,6.640637949586194,6.640637949586192,47.99739819738471,47.997398197384655,38.64811075701621,37.31484969597771,17.0,16.0,16.0,12
27,4,91,4.5924927111628,4.592492711162795,48.74652928125806,48.74652928125792,39.251320559805876,37.89725030199304,15.0,15.0,14.0,14
27,4,92,3.8865689533891805,3.8865689533891783,50.11800791375659,50.11800791375651,45.09933222417603,43.70716533768272,11.0,11.0,11.0,12
27,4,93,5.8327574444506505,5.832757444450648,49.78066315690953,49.78066315690963,40.08401820727831,38.70122200847536,14.0,14.0,12.0,12
27,4,94,5.43088816729335,5.43088816729335,49.57022082622629,49.570220826226354,39.91456738682418,38.537616808317956,13.0,14.0,12.0,12
27,4,95,3.8269363528348883,3.826936352834889,48.338509260476656,48.3385092604768,40.58047691002979,39.23774054168333,14.0,12.0,12.0,10
27,4,96,4.970972495633085,4.970972495633089,48.64681628376556,48.64681628376542,39.17103039584414,37.81972994351722,15.0,14.0,14.0,12
27,4,97,4.10800062729551,4.10800062729551,46.76576821087266,46.76576821087259,40.73561428519086,39.43656516822212,16.0,16.0,14.0,12
27,4,98,5.4582608397781085,5.458260839778111,48.32168032386544,48.32168032386539,40.56634891386235,39.22408001597715,16.0,16.0,15.0,12
27,4,99,4.597035072024613,4.597035072024611,49.00169609492552,49.001696094925606,41.13722635129549,39.77606812643653,16.0,15.0,14.0,12
28,4,0,5.4368226706237035,5.4368226706237035,49.5765216373089,49.576521637308815,43.6956332288016,42.36769068494504,15.0,16.0,15.0,10
28,4,1,4.496544617995754,4.4965446179957524,50.51994868464391,50.51994868464377,44.527148649348135,43.1739357381522,16.0,17.0,14.0,12
28,4,2,4.355373194253825,4.355373194253827,49.97959674100722,49.979596741007285,44.05089457657652,42.71215537815673,17.0,15.0,15.0,10
28,4,3,6.581841308978113,6.581841308978113,50.712255269178485,50.71225526917839,41.59181140061449,40.23344742019,17.0,16.0,15.0,12
28,4,4,5.5514683366148585,5.55146833661486,49.2967773212959,49.296777321296,44.76952226117689,43.44907286864226,18.0,17.0,16.0,12
28,4,5,6.710519120692698,6.710519120692698,49.38513242782616,49.38513242782612,38.80260405043484,38.25024238340621,18.0,17.0,16.0,16
28,4,6,5.341162254738226,5.341162254738222,51.032032963026815,51.03203296302657,41.85407805513551,40.48714860076853,16.0,16.0,14.0,12
28,4,7,3.448562483531167,3.4485624835311697,50.47595557690498,50.47595557690492,45.8404086361688,44.48837411178737,14.0,13.0,13.0,10
28,4,8,5.452986911970039,5.45298691197004,52.33813023008103,52.338130230080836,47.53156724976746,46.12965304717584,13.0,12.0,12.0,14
28,4,9,6.695584370247511,6.695584370247513,50.418494399185896,50.41849439918597,39.61453131364606,38.264035927953636,17.0,15.0,15.0,14
28,4,10,6.886415018019223,6.886415018019219,51.07018733329738,51.07018733329729,41.88537047871201,40.51741903228432,18.0,15.0,15.0,14
28,4,11,5.452093833021378,5.452093833021378,50.66799930085278,50.667999300852806,44.65763713888937,43.30045858618798,16.0,15.0,14.0,12
28,4,12,5.385212912718244,5.385212912718249,49.85443714434041,49.85443714434053,43.94058171777962,42.60519500855632,18.0,17.0,15.0,14
28,4,13,5.301304165181502,5.301304165181504,51.18454313805713,51.18454313805706,41.9791597420545,40.60814519371363,14.0,13.0,13.0,12
28,4,14,5.844039156701552,5.844039156701551,50.0393798623761,50.03937986237602,42.63559406641229,41.295253534384294,16.0,16.0,15.0,12
28,4,15,5.532059150400673,5.532059150400677,49.634559779918504,49.63455977991854,40.70793614603009,39.37843900906802,17.0,17.0,15.0,10
28,4,16,6.106763777068161,6.106763777068162,51.08950039789226,51.089500397892415,45.02913874355045,43.66066998289275,14.0,14.0,14.0,14
28,4,17,4.695756645180724,4.695756645180724,49.8130392142445,49.813039214244355,40.854316600458176,39.520038764362226,14.0,15.0,14.0,10
28,4,18,3.6685991332074543,3.668599133207456,49.74113441519323,49.74113441519325,42.38147677212893,41.04912495743627,15.0,13.0,13.0,10
28,4,19,6.137007623847111,6.137007623847109,49.975879407639276,49.975879407639205,40.98787048356129,39.649230856570895,16.0,17.0,15.0,12
28,4,20,5.752416332160781,5.752416332160784,50.87008487738238,50.8700848773825,41.72125583693478,40.35866427771928,15.0,15.0,14.0,10
28,4,21,5.95485777275907,5.954857772759068,50.79811837343486,50.79811837343493,41.6622322884166,40.30156840341393,16.0,16.0,14.0,14
28,4,22,6.094173841596541,6.094173841596538,51.20749498614695,51.207494986146976,40.23446034625832,38.86283101627226,17.0,15.0,14.0,12
28,4,23,5.690902882238076,5.690902882238076,50.04085639083757,50.040856390837405,41.0411615552405,39.700781473342936,16.0,16.0,15.0,14
28,4,24,4.328697742008531,4.3286977420085275,49.264706806599705,49.264706806599705,41.97554100358241,40.65595064269134,14.0,14.0,14.0,12
28,4,25,5.446501132451207,5.446501132451206,49.63079275830602,49.630792758305994,38.99562288152616,37.66622664692865,18.0,17.0,15.0,12
28,4,26,5.03382459144198,5.033824591441981,49.389498531246815,49.38949853124687,42.08186864652152,40.758935650148885,17.0,15.0,14.0,10
28,4,27,5.337470394575613,5.337470394575615,50.63375327974559,50.63375327974562,43.14202447815058,41.78576322958599,15.0,16.0,14.0,12
28,4,28,5.61278142633536,5.6127814263353635,51.151380224197204,51.151380224197155,40.19037017615495,38.82024392014963,15.0,16.0,15.0,14
28,4,29,4.112760129685973,4.11276012968597,50.795174887871276,50.79517488787127,41.65981817972096,40.29923313808154,15.0,13.0,12.0,12
28,4,30,4.612048803482154,4.612048803482152,48.517267083416286,48.517267083416094,41.338691851686335,40.03912219766609,16.0,15.0,15.0,10
28,4,31,6.258785713395385,6.258785713395389,50.183701027825094,50.183701027825286,41.158316021545325,39.814109744014445,18.0,17.0,15.0,14
28,4,32,7.880499071564493,7.880499071564499,51.01983793367571,51.01983793367575,41.84407626448148,40.47747346268663,16.0,15.0,14.0,16
28,4,33,5.449385418676039,5.449385418676044,51.023621375322115,51.023621375322065,43.47420800856527,42.107503864583386,17.0,15.0,14.0,14
28,4,34,4.776248517110041,4.776248517110041,49.21707462032889,49.21707462032895,44.69713919601298,43.37882469725422,16.0,18.0,14.0,10
28,4,35,3.2784069945995586,3.2784069945995586,50.24661656194471,50.24661656194459,44.28623985242831,42.94034833737612,14.0,14.0,13.0,10
28,4,36,5.783936148757545,5.783936148757541,49.72057028212433,49.72057028212433,42.36395529140185,41.032154301702086,18.0,18.0,16.0,12
28,4,37,6.281715607172245,6.2817156071722415,50.6330990775135,50.633099077513336,43.14146707114671,41.78522334585603,15.0,15.0,15.0,12
28,4,38,3.70793371173136,3.707933711731357,50.17050764306318,50.17050764306347,42.74732028771199,41.4034674044159,15.0,13.0,13.0,12
28,4,39,6.163546753638525,6.163546753638521,51.015905782160125,51.01590578216009,44.96427410136817,43.59777662506028,15.0,15.0,14.0,12
28,4,40,6.191003332645202,6.191003332645204,49.80551288419689,49.8055128841967,40.84814385782985,39.51406761986013,17.0,16.0,16.0,12
28,4,41,6.200145862509842,6.200145862509842,50.71371367811577,50.713713678115774,39.84648931851953,38.488086273570005,17.0,15.0,15.0,14
28,4,42,5.634583516133114,5.634583516133109,51.02832619539116,51.02832619539122,47.57870720514149,46.211877039193574,16.0,15.0,14.0,12
28,4,43,6.438149354315762,6.438149354315758,50.58428451046334,50.58428451046352,43.09987506758866,41.74493887534426,14.0,14.0,14.0,14
28,4,44,5.130957782611001,5.130957782611002,50.71050286306572,50.71050286306569,41.5903741593766,40.2320571184016,15.0,14.0,14.0,12
28,4,45,4.390927219231558,4.390927219231557,50.72697914028803,50.72697914028824,41.60388722857807,40.24512885874909,15.0,15.0,14.0,10
28,4,46,5.630020016738964,5.630020016738968,50.13723944374986,50.1372394437498,46.747859736455545,45.40489796564076,16.0,17.0,15.0,12
28,4,47,5.48343648033074,5.48343648033074,50.10369663239333,50.103696632393316,39.36719021116618,38.02512690851278,17.0,16.0,15.0,14
28,4,48,5.588583914756251,5.588583914756255,51.28985455875959,51.28985455875993,42.065531226125536,40.69169583615902,15.0,15.0,15.0,12
28,4,49,7.161188527933273,7.161188527933273,50.49223200473076,50.492232004730575,39.67246800371703,39.306503781885525,17.0,16.0,15.0,12
28,4,50,6.883496057916515,6.883496057916515,51.30010489079567,51.30010489079564,45.21476081573955,43.840650863307495,15.0,14.0,14.0,14
28,4,51,5.944922726558488,5.944922726558488,51.949203059687385,51.94920305968738,42.60629791757524,41.21480140704789,14.0,12.0,12.0,12
28,4,52,4.181926325776045,4.181926325776045,48.35279057986577,48.35279057986561,39.65668921282358,38.361525179434196,15.0,14.0,14.0,12
28,4,53,5.415534212275979,5.415534212275979,49.766593495931524,49.76659349593162,43.8631582980723,42.53012454371708,18.0,16.0,16.0,18
28,4,54,5.900021205787243,5.9000212057872385,50.577551067891925,50.57755106789206,43.094137899683425,41.73938206750786,17.0,16.0,14.0,14
28,4,55,5.961424975993779,5.961424975993779,50.0405580300728,50.04055803007286,42.63659791337836,41.296225823287166,18.0,15.0,15.0,12
28,4,56,5.802550397888648,5.802550397888651,51.39006293899526,51.39006293899507,42.14771743593616,40.771197892927205,15.0,16.0,13.0,16
28,4,57,5.548909845264479,5.548909845264477,50.7372724218651,50.73727242186518,39.864999760036866,38.50596567730839,16.0,15.0,14.0,14
28,4,58,7.000598648682892,7.000598648682892,51.7613490338402,51.761349033840254,44.10278208495568,42.71631737869215,13.0,14.0,13.0,12
28,4,59,4.9605035712759085,4.960503571275914,50.63439370030646,50.634393700306205,41.52795299655236,40.17167459386538,15.0,15.0,14.0,10
28,4,60,6.872144228201643,6.8721442282016465,51.598266453346724,51.5982664533466,42.31847618558921,40.936379762731605,13.0,13.0,13.0,16
28,4,61,2.9319655859062532,2.9319655859062506,50.21607361659413,50.21607361659413,44.259319986054265,42.914246585609774,14.0,12.0,12.0,14
28,4,62,5.539153734391641,5.53915373439164,49.61749522467845,49.61749522467857,43.73174642889389,42.40270637823296,16.0,15.0,15.0,12
28,4,63,5.461406120864971,5.4614061208649725,50.95327270690144,50.95327270690155,43.41426807169663,42.04944826704758,16.0,15.0,14.0,12
28,4,64,5.974878556843481,5.974878556843484,49.61630948698232,49.6163094869823,40.692968112410234,39.36395982258034,16.0,16.0,16.0,14
28,4,65,6.07529482277231,6.07529482277231,49.81557140857986,49.81557140857985,40.856393387393936,39.52204772466411,17.0,16.0,15.0,12
28,4,66,5.376555593126197,5.376555593126195,49.77196698287176,49.77196698287186,39.106545486542096,37.77336779950096,17.0,16.0,15.0,12
28,4,67,5.897509421801255,5.897509421801251,49.716380241002135,49.71638024100201,43.81890146241387,42.48721270595834,17.0,16.0,15.0,14
28,4,68,7.342113001990441,7.342113001990445,49.71304288485337,49.71304288485335,40.77230430479683,39.44070494180968,16.0,17.0,15.0,12
28,4,69,5.613095707864263,5.613095707864263,50.64210492629981,50.642104926299744,45.99129937184371,44.634814418460614,17.0,15.0,15.0,16
28,4,70,6.221246039736444,6.221246039736439,50.68742197737072,50.68742197737072,41.57144430031807,40.21374549735278,18.0,16.0,14.0,14
28,4,71,6.827989882344465,6.8279898823444665,49.640492558486905,49.64049255848698,42.29572580238425,40.966069751710556,18.0,17.0,16.0,14
28,4,72,6.6878838458085,6.6878838458085,50.47963696754096,50.47963696754106,41.40102878842964,40.048895655370586,15.0,16.0,15.0,12
28,4,73,6.127137197990807,6.127137197990803,49.22522457875058,49.22522457875064,38.67696216901831,37.358429367801826,19.0,17.0,16.0,12
28,4,74,5.134555745875428,5.134555745875428,51.87033117202339,51.870331172023285,44.1956393149383,42.80625544425901,16.0,15.0,14.0,12
28,4,75,6.981911709764789,6.981911709764793,51.095033089240054,51.095033089239934,43.535053703587195,42.16643674583959,14.0,14.0,14.0,14
28,4,76,6.045652287738989,6.045652287738993,49.00457810216672,49.00457810216659,44.504157664212634,43.191535036475905,17.0,15.0,15.0,12
28,4,77,5.570442154893312,5.570442154893313,51.76533077425707,51.76533077425719,42.45549449980522,41.068923139780566,15.0,14.0,14.0,14
28,4,78,5.488109822671252,5.488109822671252,49.74210281332991,49.742102813329915,39.083080781902076,37.75070302797359,17.0,15.0,15.0,14
28,4,79,5.496087350719473,5.496087350719476,49.912655735923195,49.91265573592331,46.53845834561206,45.2015122098285,18.0,16.0,15.0,14
28,4,80,7.709601379645161,7.7096013796451635,51.84034106542968,51.84034106542947,42.51701441973378,41.12843385548103,15.0,14.0,13.0,14
28,4,81,6.877535554193756,6.877535554193759,52.211941386618456,52.211941386618406,44.486705161047354,43.088171016762885,13.0,13.0,12.0,12
28,4,82,5.462755354795324,5.462755354795324,51.021959398539884,51.02195939853975,44.96960962294778,43.60294999620106,16.0,16.0,15.0,12
28,4,83,6.298209328386152,6.298209328386147,50.307020619010984,50.30702061901072,39.52694477208006,38.179435291213494,16.0,16.0,15.0,14
28,4,84,6.764438844381974,6.764438844381974,51.52441577589248,51.52441577589238,40.483469538201234,39.10335125848975,15.0,15.0,13.0,14
28,4,85,5.345229274986382,5.345229274986383,48.74232904561649,48.74232904561642,45.447248127991905,44.14165002855568,18.0,18.0,16.0,14
28,4,86,6.172603823556694,6.172603823556687,50.04563431825359,50.04563431825347,41.045080187037065,39.70457212494088,17.0,16.0,15.0,12
28,4,87,6.193053168650341,6.193053168650336,51.11979789766918,51.11979789766915,43.55615433117731,42.186874030346864,16.0,15.0,14.0,14
28,4,88,6.658121597165442,6.658121597165444,50.46428210530663,50.464282105306594,39.65050736845521,38.29878552634875,18.0,16.0,16.0,14
28,4,89,5.995008291060264,5.995008291060262,49.951348888289814,49.95134888828978,39.24748841222771,37.90950585271992,17.0,16.0,15.0,12
28,4,90,4.293650515266163,4.293650515266165,49.85584442889743,49.85584442889769,40.88942342829215,39.553999023946886,15.0,16.0,13.0,10
28,4,91,5.501659322119351,5.501659322119352,49.67871365881783,49.67871365881806,39.03327501764258,37.702595187495845,16.0,16.0,15.0,16
28,4,92,5.903613314000667,5.903613314000664,49.638112009272234,49.63811200927242,42.29369747728808,40.96410519132558,17.0,16.0,16.0,14
28,4,93,5.290101384543826,5.290101384543828,50.8476899449007,50.84768994490068,43.324307248971515,41.9623155540188,17.0,16.0,15.0,12
28,4,94,3.9160778533466103,3.9160778533466094,51.48677793251013,51.486777932510165,43.86883629963874,42.489726176446524,13.0,12.0,12.0,10
28,4,95,5.468282626118393,5.468282626118391,51.13621044680344,51.13621044680334,40.178451065345556,38.80873114266325,15.0,14.0,14.0,14
28,4,96,4.8489640982427,4.848964098242702,51.18370635924803,51.18370635924812,45.11216976306172,43.74117762843908,14.0,16.0,13.0,14
28,4,97,6.758866576416715,6.758866576416711,51.32511093915102,51.32511093915096,43.731089422643976,42.35630966534524,15.0,16.0,14.0,12
28,4,98,7.108495812273681,7.108495812273685,51.31875883784691,51.318758837846794,45.231201985908434,43.856592374180295,15.0,16.0,14.0,14
28,4,99,4.61141881084969,4.611418810849694,51.54757397832853,51.54757397832858,42.27690059702199,40.8961620083168,15.0,14.0,13.0,12
29,4,0,4.563789956641169,4.563789956641168,53.510329923526825,53.51032992352673,44.60254610748193,43.218658264632026,14.0,14.0,14.0,16
29,4,1,5.859110140692914,5.859110140692919,51.71739936401983,51.71739936401954,41.44771364013005,40.110194691060336,17.0,17.0,16.0,14
29,4,2,4.843574597589736,4.843574597589738,52.13630770356575,52.1363077035657,43.45725529155718,42.108902506120096,16.0,16.0,15.0,12
29,4,3,4.409293215992019,4.409293215992019,51.150868075998304,51.150868075998254,42.635860310671596,41.31299303284401,16.0,16.0,14.0,12
29,4,4,4.400814407653755,4.400814407653755,54.05146255338552,54.0514625533856,50.709398281356926,49.31151562911427,13.0,12.0,12.0,10
29,4,5,7.278301342277805,7.278301342277801,53.63596053405672,53.63596053405688,42.98530011885164,41.598163208488224,15.0,16.0,14.0,14
29,4,6,7.043841116595563,7.0438411165955666,51.83973510781376,51.839735107813524,43.21005268796367,41.86936988345106,19.0,17.0,17.0,14
29,4,7,7.24063367030938,7.240633670309381,51.849542919813345,51.84954291981341,41.55361703680641,40.212680581983705,17.0,17.0,16.0,12
29,4,8,5.2551507999363665,5.255150799936368,52.3169383446518,52.31693834465167,46.59380121301331,45.2407769454791,16.0,17.0,14.0,12
29,4,9,5.944322481638486,5.944322481638488,51.97618549817237,51.97618549817231,43.32378838789397,41.97957669397568,19.0,17.0,16.0,14
29,4,10,6.823015530528096,6.823015530528091,52.98260523336763,52.98260523336751,42.46168362341234,41.09144383289412,16.0,16.0,15.0,12
29,4,11,6.386065816903717,6.386065816903722,51.837832852373765,51.83783285237382,43.20846709811416,41.86783348986316,18.0,17.0,15.0,12
29,4,12,5.535068389301734,5.535068389301734,50.79768820373273,50.797688203732676,43.85151205221161,42.53777873659779,17.0,18.0,16.0,10
29,4,13,5.122550446452016,5.122550446452015,53.40745871572211,53.40745871572206,46.104417393120386,44.72319001254133,16.0,15.0,13.0,14
29,4,14,5.265324456664997,5.265324456664997,52.12491092397971,52.12491092397988,44.997247717965834,43.64918967682857,17.0,16.0,15.0,16
29,4,15,6.518356290140699,6.518356290140701,52.40772957782193,52.407729577821925,42.00096282455646,40.64559050788864,16.0,16.0,14.0,12
29,4,16,4.756453262918775,4.756453262918773,50.478658095724214,50.47865809572427,40.454953099308106,39.14947056234977,18.0,16.0,15.0,12
29,4,17,5.37558827450651,5.3755882745065104,52.27790945595011,52.27790945594989,41.89692149026204,40.54490659053902,18.0,16.0,15.0,14
29,4,18,4.368745531484162,4.368745531484161,50.82456504964601,50.824565049646104,42.363876456363684,41.04944804990739,14.0,16.0,14.0,10
29,4,19,5.680462784412886,5.680462784412885,52.03472704605799,52.03472704605784,47.641783383430024,46.296057683962864,17.0,17.0,15.0,12
29,4,20,6.6254735048464415,6.6254735048464415,52.15173161448236,52.15173161448231,41.7957991773616,40.44704749767668,17.0,16.0,16.0,12
29,4,21,5.373905514382869,5.3739055143828685,54.5733286432596,54.57332864325956,45.48858903558262,44.07720984653276,13.0,12.0,13.0,14
29,4,22,5.256154815760223,5.256154815760225,52.42496183159255,52.424961831592505,42.014773215806635,40.65895523740334,17.0,16.0,14.0,12
29,4,23,7.169957179267236,7.169957179267234,51.50604463750873,51.50604463750884,42.93191116634199,41.59985828778583,17.0,18.0,17.0,16
29,4,24,5.539325757168042,5.53932575716804,51.43147104098019,51.43147104098002,47.08945624441705,45.75933199335707,19.0,17.0,16.0,12
29,4,25,5.217398140436638,5.217398140436638,53.99032445319812,53.99032445319839,45.00263667264195,43.60633517816291,15.0,14.0,13.0,12
29,4,26,5.83110920323712,5.831109203237123,54.71512544990577,54.71512544990579,47.233271196946006,45.81822484910363,14.0,12.0,12.0,14
29,4,27,4.721714114884471,4.7217141148844695,54.323948018145984,54.323948018145884,43.53667177673055,42.13174208660601,13.0,12.0,12.0,12
29,4,28,6.285173723642993,6.285173723642991,52.85110822110766,52.85110822110778,45.62414336328675,44.25730435756855,17.0,15.0,15.0,14
29,4,29,4.548929613024614,4.548929613024614,51.465300698187626,51.46530069818778,42.89794980907197,41.56695065308449,16.0,15.0,15.0,12
29,4,30,6.745369881521414,6.745369881521414,52.93934589388214,52.93934589388214,42.42701442625037,41.05789341175342,18.0,16.0,15.0,12
29,4,31,5.8566660112592706,5.856666011259275,52.57581776245837,52.57581776245795,42.13567321271931,40.775953787827824,16.0,17.0,14.0,14
29,4,32,5.374469237139522,5.374469237139521,52.57595464345045,52.575954643450544,46.824482791848254,45.46475982693151,15.0,16.0,14.0,12
29,4,33,4.925780943999409,4.92578094399941,52.60719266034832,52.60719266034823,45.4135812977561,44.05305045309185,17.0,16.0,15.0,12
29,4,34,5.448602267121056,5.4486022671210526,51.49355621410014,51.493556214100266,41.2683197244988,39.9365898224101,18.0,16.0,16.0,10
29,4,35,4.661859397999606,4.661859397999606,52.76436441880378,52.764364418803815,42.286779569885546,40.922183938364796,15.0,14.0,14.0,16
29,4,36,5.347609358821852,5.347609358821846,51.628790631932034,51.6287906319321,43.03422382043324,41.698996476504014,18.0,16.0,15.0,12
29,4,37,6.128017628244652,6.128017628244647,54.78552567346704,54.78552567346706,43.90659251357525,42.489725470295944,12.0,12.0,12.0,14
29,4,38,6.824866236217671,6.824866236217671,51.34141617060989,51.34141617060982,45.72499490105446,44.39719965526276,17.0,16.0,16.0,14
29,4,39,5.940567031233891,5.94056703123389,53.085031854870806,53.08503185487095,44.24804676606948,42.87515801120225,15.0,17.0,14.0,14
29,4,40,4.575486943450307,4.575486943450308,52.37847738883756,52.37847738883741,46.64860828090289,45.293992486363855,14.0,14.0,13.0,10
29,4,41,5.780401802273267,5.780401802273264,51.740660278930285,51.740660278930214,44.66554026457002,43.32741974011487,18.0,16.0,15.0,12
29,4,42,4.2950147381261035,4.295014738126104,52.63541170661737,52.635411706617376,45.43794161593841,44.07668096835349,15.0,14.0,14.0,10
29,4,43,5.442866396196097,5.442866396196093,52.112306061632964,52.1123060616329,44.98636646937638,43.63863441605823,17.0,15.0,15.0,14
29,4,44,6.203149890590129,6.203149890590132,52.57457279668216,52.574572796682055,42.13467546369058,40.7749882361901,17.0,17.0,15.0,14
29,4,45,6.213205467314212,6.213205467314209,52.12074695790406,52.12074695790396,41.77096724093619,40.42301688857653,16.0,16.0,15.0,14
29,4,46,6.591866288023489,6.591866288023489,53.024564334922424,53.02456433492255,47.224017463563484,45.852692523867326,15.0,15.0,15.0,12
29,4,47,5.821931002197307,5.821931002197304,52.630205412635654,52.63020541263575,42.17926093711823,40.818134935067384,16.0,16.0,14.0,14
29,4,48,4.606515962397999,4.606515962397999,52.247167595773796,52.24716759577363,45.102786771143606,43.751566919528635,17.0,15.0,15.0,10
29,4,49,6.687500217842895,6.687500217842895,54.364189128319,54.36418912831895,46.93032260066539,45.52435219217434,14.0,13.0,13.0,14
29,4,50,5.456030780407062,5.456030780407062,52.406844869113215,52.40684486911335,46.67387254098192,45.31852310471187,18.0,17.0,15.0,12
29,4,51,6.589215011178444,6.589215011178443,52.81475698268683,52.81475698268679,42.32716552476923,40.961266637285924,17.0,15.0,14.0,16
29,4,52,5.717300836872849,5.717300836872846,51.44840325016725,51.448403250167004,45.82027828106453,44.489716128042744,17.0,17.0,16.0,12
29,4,53,6.906094066036963,6.906094066036968,52.20706140990037,52.207061409900234,41.840141962274494,40.48995933960455,19.0,17.0,16.0,14
29,4,54,7.896357432732075,7.896357432732073,51.827282681962515,51.8272826819625,41.5357770839985,40.336092876674975,18.0,16.0,16.0,18
29,4,55,5.481746413846419,5.481746413846417,52.73662373545155,52.736623735451545,42.26454744077805,40.900669240723275,16.0,16.0,15.0,12
29,4,56,7.347183115229191,7.347183115229189,53.80366145239823,53.80366145239816,46.44644258554236,45.05496858246303,15.0,13.0,13.0,16
29,4,57,5.9693769406416255,5.969376940641629,51.94006873355082,51.940068733551094,46.25815871751434,44.914881077853785,17.0,17.0,15.0,12
29,4,58,6.833918875911798,6.8339188759118015,52.984295289230445,52.98429528923037,45.739118168824376,44.368834669964905,16.0,15.0,15.0,12
29,4,59,6.4252257933430315,6.425225793343029,53.84585435298409,53.84585435298403,43.15351466576846,41.760949466984336,14.0,13.0,13.0,12
29,4,60,6.012062804904125,6.012062804904121,52.10682547448453,52.1068254744845,47.70779502420105,46.360204710205736,16.0,17.0,15.0,14
29,4,61,6.667248770482407,6.667248770482408,52.1759018634764,52.17590186347644,41.815169864426984,40.46579309209573,17.0,15.0,15.0,12
29,4,62,5.582345231828208,5.5823452318282065,52.41914415355718,52.41914415355723,46.68482636268053,45.32915884146788,16.0,15.0,14.0,14
29,4,63,4.4484052211823695,4.448405221182372,50.508862329416054,50.508862329416125,44.98351710431941,43.6772534233863,16.0,13.0,13.0,10
29,4,64,6.366638541474097,6.366638541474092,53.59719089940836,53.59719089940827,42.954229091796954,41.56809484439839,17.0,16.0,14.0,14
29,4,65,5.76282879793786,5.762828797937864,50.989070350925765,50.98907035092576,42.50099680856,41.18231395465674,19.0,17.0,16.0,12
29,4,66,5.893684753933028,5.893684753933024,53.079647838981856,53.07964783898192,42.53945617535526,41.166706662278195,17.0,15.0,15.0,14
29,4,67,4.554019015958807,4.554019015958811,50.08884535965228,50.088845359652176,45.860179461274974,44.56477828818043,17.0,17.0,16.0,14
29,4,68,6.73775878344946,6.73775878344946,52.81819871167166,52.81819871167165,44.0256329332721,42.65964503555644,18.0,16.0,15.0,14
29,4,69,6.418554730427705,6.418554730427706,54.84227103553064,54.84227103553075,43.952069771638115,42.53373517589171,14.0,14.0,13.0,14
29,4,70,6.8783775981071305,6.87837759810713,54.13195663291798,54.13195663291773,46.729846035075454,45.329881639396326,15.0,15.0,14.0,14
29,4,71,5.868591403595162,5.868591403595168,53.27820183980062,53.27820183980053,44.40906003531538,43.031175504975636,14.0,15.0,13.0,16
29,4,72,6.760606974142524,6.760606974142533,52.999566903438335,52.999566903438335,45.75230151236175,44.38162305796248,16.0,15.0,15.0,14
29,4,73,6.1030664242434645,6.103066424243468,53.85409032026665,53.85409032026685,44.88908123009146,43.49630303215369,16.0,14.0,14.0,12
29,4,74,4.845198886922349,4.845198886922344,51.821649361368515,51.821649361368365,43.19497764841775,41.85476257872706,17.0,15.0,14.0,12
29,4,75,6.527842791567739,6.52784279156774,52.61704988793649,52.61704988793629,42.16871774609892,40.80793197313489,17.0,16.0,15.0,12
29,4,76,5.142272356810527,5.142272356810525,52.72480975887772,52.7248097588778,42.255079402477506,40.8915067362997,17.0,16.0,15.0,12
29,4,77,6.671472357696937,6.67147235769693,51.7934857698086,51.79348576980883,41.50869133038168,40.16920462943854,18.0,17.0,16.0,14
29,4,78,6.125025395523203,6.125025395523198,50.61425790068441,50.61425790068443,40.563626426945646,39.25463699847968,17.0,17.0,17.0,14
29,4,79,4.826425344530298,4.8264253445302945,52.80190104486043,52.80190104486018,44.01204831444371,42.646481908110914,16.0,16.0,14.0,12
29,4,80,5.533125456997618,5.533125456997618,51.30964173607623,51.309641736075946,42.768203159321565,41.44122966614695,17.0,17.0,16.0,14
29,4,81,2.862608100704437,2.8626081007044375,50.946010399994535,50.946010399994634,42.46510498263516,41.14753574815262,13.0,14.0,12.0,10
29,4,82,3.7260105457532156,3.7260105457532156,52.100500084249994,52.1005000842499,41.75474085230024,40.40731412598335,15.0,13.0,13.0,12
29,4,83,5.6391116307749565,5.639111630774956,54.2282679737211,54.22826797372106,43.459991217940576,42.05753601172361,15.0,15.0,13.0,12
29,4,84,6.278922966563961,6.278922966563959,53.24443366281203,53.244433662811886,44.38091319575651,43.003901980338846,17.0,14.0,14.0,14
29,4,85,5.41753258352426,5.417532583524254,52.84508102631675,52.84508102631669,44.04804018959338,42.68135705960239,15.0,16.0,15.0,14
29,4,86,6.128752010539621,6.12875201053962,52.643837045372386,52.64383704537254,43.88029699025689,42.51881844598014,17.0,16.0,16.0,12
29,4,87,6.948591135871508,6.948591135871512,52.503943565530875,52.50394356553097,43.76369136675047,42.40583075729716,18.0,17.0,15.0,16
29,4,88,6.359137297199287,6.359137297199287,52.35421204901566,52.35421204901564,41.95807243880684,40.60408419615987,19.0,15.0,15.0,12
29,4,89,6.5355753411951625,6.535575341195165,53.570461286107594,53.57046128610767,44.652667492938676,43.26722452864285,16.0,14.0,14.0,14
29,4,90,4.291483959924048,4.291483959924046,52.80371988390118,52.80371988390097,47.02733197745776,45.661718532184274,16.0,14.0,13.0,12
29,4,91,4.8822073879605,4.882207387960502,52.54952064598559,52.549520645985616,45.3637954684727,44.00475614142137,15.0,16.0,14.0,14
29,4,92,6.786398785062109,6.786398785062107,51.64793299096967,51.647932990969615,45.99798074938916,44.66225834445024,18.0,17.0,15.0,14
29,4,93,6.556089563549352,6.556089563549348,52.39506702852126,52.39506702852138,45.23046214352727,43.875417306582854,16.0,16.0,15.0,14
29,4,94,7.032147707298191,7.03214770729818,51.730041635675235,51.73004163567505,43.11861972248316,41.7807738181121,18.0,18.0,16.0,14
29,4,95,6.388417893905555,6.388417893905556,52.51458332452536,52.51458332452519,48.08112860866174,46.72299283302731,18.0,17.0,15.0,12
29,4,96,3.93939838685425,3.93939838685425,51.373824231074614,51.37382423107473,42.8217012913,41.493067906013685,16.0,15.0,13.0,12
29,4,97,6.245825305657212,6.245825305657215,51.694981931501324,51.694981931501225,43.08939635431918,41.75245716643544,19.0,18.0,16.0,14
29,4,98,6.3503510334418,6.350351033441801,52.41776861652505,52.41776861652513,43.69186183137224,42.33622988439321,17.0,17.0,15.0,12
29,4,99,6.168116523384858,6.168116523384855,51.50748748540785,51.50748748540785,47.15905512932704,45.82696493573891,17.0,16.0,15.0,14
30,4,0,5.904738428219032,5.904738428219031,53.577409229829854,53.57740922982984,45.30267602655613,43.963240795810364,18.0,17.0,16.0,14
30,4,1,5.400066363664779,5.40006636366478,56.60147612255155,56.601476122551425,46.161648304392045,44.746611401328146,15.0,13.0,13.0,14
30,4,2,6.173038219184612,6.173038219184615,54.89710993556082,54.89710993556061,44.77164299189071,43.399215243501516,18.0,17.0,15.0,12
30,4,3,7.322975046533339,7.322975046533337,54.51156755569229,54.51156755569226,44.45721176208682,43.094422573194485,16.0,16.0,16.0,14
30,4,4,7.521339307942181,7.521339307942171,54.33597737023318,54.335977370233394,42.56318227334933,41.765694405299094,19.0,18.0,16.0,14
30,4,5,5.817752266989564,5.817752266989567,53.3917050061486,53.39170500614861,41.823502254816404,40.488709629662694,19.0,17.0,16.0,10
30,4,6,5.9906808045213396,5.990680804521337,55.448843221470035,55.44884322147001,45.22161213839889,43.83539105786212,16.0,14.0,14.0,12
30,4,7,5.193134358533986,5.193134358533987,54.102371855448546,54.10237185544864,42.380191286768024,41.02763199038188,17.0,15.0,15.0,14
30,4,8,7.357153267920454,7.357153267920459,54.13349002536289,54.1334900253629,44.14886853179595,42.795531281161885,20.0,17.0,16.0,14
30,4,9,7.379516418788037,7.379516418788039,56.30910637494931,56.30910637494949,45.923204532458655,44.51547687308506,13.0,12.0,12.0,14
30,4,10,6.981333128912293,6.981333128912291,54.16572246493495,54.16572246493479,45.80012755090611,44.445984489282594,19.0,16.0,15.0,12
30,4,11,6.26866589989428,6.268665899894285,54.2514111673523,54.25141116735232,45.87258210928344,44.516296830099655,18.0,17.0,15.0,16
30,4,12,4.506034355185812,4.506034355185811,55.80700404194589,55.80700404194598,45.51371218532031,44.118537084271736,15.0,13.0,13.0,14
30,4,13,5.415423999372443,5.415423999372441,55.55614789112965,55.5561478911294,48.51903582491989,47.13013212764144,15.0,13.0,14.0,12
30,4,14,5.946681453498285,5.9466814534982895,56.029841779840226,56.02984177984018,48.932728487727125,47.53198244323109,14.0,12.0,12.0,14
30,4,15,7.374717026477626,7.3747170264776285,54.844779451007845,54.844779451007966,42.96174390328948,41.59062441701437,17.0,18.0,15.0,14
30,4,16,6.042557240485058,6.042557240485056,53.42345599506784,53.423455995067876,41.848373862803136,40.512787462926475,19.0,18.0,17.0,14
30,4,17,5.473975809291484,5.473975809291485,52.97831389809356,52.978313898093475,44.7961076404991,43.4716497930467,19.0,18.0,16.0,14
30,4,18,5.707892772115612,5.707892772115615,55.52426082024166,55.52426082024157,43.4940043091893,42.10589778868319,17.0,14.0,14.0,12
30,4,19,5.323581710872923,5.323581710872926,54.281998981919756,54.28199898191977,42.52089920250381,41.16384922795583,17.0,17.0,15.0,14
30,4,20,5.002731974788493,5.002731974788494,54.008226745151845,54.0082267451517,49.80758688719558,48.45738121856666,17.0,15.0,15.0,14
30,4,21,5.881931869730231,5.881931869730229,52.01989024199183,52.01989024199187,43.98570719350642,42.685209937456655,17.0,16.0,16.0,12
30,4,22,6.526215937641771,6.526215937641772,52.521308184364116,52.52130818436398,44.409683920334544,43.09665121572533,19.0,18.0,16.0,14
30,4,23,5.950441324735775,5.950441324735774,54.77061885613832,54.77061885613826,42.90365143730835,41.53438596590485,17.0,17.0,15.0,14
30,4,24,5.269846977763293,5.269846977763294,54.746518126274516,54.746518126274594,44.6488270052061,43.2801640520493,16.0,15.0,15.0,14
30,4,25,7.86952934540367,7.869529345403668,55.63139997431972,55.63139997431961,45.37049731238964,43.979712313031555,16.0,14.0,14.0,14
30,4,26,6.102778452635699,6.102778452635693,54.615892865675875,54.61589286567586,47.69787976935693,46.332482447715016,17.0,16.0,16.0,12
30,4,27,6.475831145450379,6.475831145450378,54.11194668347492,54.11194668347466,47.25776677023477,45.90496810314767,19.0,17.0,16.0,12
30,4,28,5.522412209376378,5.522412209376379,53.507272402735865,53.50727240273581,43.63815327067569,42.300471460607255,18.0,16.0,16.0,14
30,4,29,5.8468099334925006,5.846809933492501,55.544132417207784,55.54413241720765,45.29932577136723,43.91072246093693,14.0,14.0,14.0,12
30,4,30,5.0664020519269455,5.06640205192694,55.32378558157572,55.32378558157587,45.11962068541842,43.73652604587914,14.0,14.0,14.0,12
30,4,31,6.401221152571117,6.401221152571114,54.75350877073295,54.75350877073304,47.8180643264401,46.44922660717186,16.0,17.0,15.0,14
30,4,32,4.507622826846454,4.507622826846453,55.70327711766654,55.703277117666566,47.100215429493595,45.70763350155195,15.0,14.0,14.0,12
30,4,33,6.294168774704525,6.294168774704528,53.78092700313208,53.78092700313201,48.34307771725984,46.99855454218147,17.0,17.0,15.0,14
30,4,34,5.7857160510929955,5.785716051092992,54.73943695359593,54.739436953595764,49.204671661621234,47.83618573778119,17.0,16.0,15.0,14
30,4,35,6.224231840256806,6.224231840256808,53.36730632961985,53.36730632961989,43.524003162156625,42.18982050391617,16.0,17.0,16.0,14
30,4,36,6.636995036499694,6.636995036499692,55.17681343901201,55.176813439012065,48.18775040340382,46.80833006742857,15.0,16.0,14.0,16
30,4,37,7.700201029624438,7.700201029624438,54.867902335611454,54.86790233561147,47.91796803976734,46.54627048137706,18.0,16.0,15.0,16
30,4,38,4.760051862765208,4.760051862765207,54.32139064264914,54.32139064264925,44.30211192411607,42.94407715804993,17.0,17.0,15.0,14
30,4,39,6.729768320597207,6.729768320597213,54.64022111148172,54.6402211114818,46.20134251759732,44.835336989810344,16.0,17.0,15.0,12
30,4,40,5.879097566497661,5.879097566497661,53.27515299036781,53.27515299036777,45.047101584077666,43.71522275931844,18.0,17.0,17.0,12
30,4,41,7.176631112956844,7.176631112956849,52.71228523075103,52.71228523075114,41.29129009742164,40.950594961585495,20.0,18.0,17.0,14
30,4,42,5.64897654230596,5.648976542305961,53.27435932713638,53.274359327136345,45.046430497723094,43.71457151454465,16.0,17.0,15.0,12
30,4,43,4.421926597378656,4.421926597378658,56.57083322617699,56.57083322617701,46.136657320015445,44.72238648936104,14.0,14.0,13.0,12
30,4,44,7.61561235213131,7.615612352131306,53.682757084377464,53.68275708437751,46.882941187022986,45.540872259913584,18.0,17.0,16.0,16
30,4,45,6.499748833820377,6.499748833820378,52.879987342306485,52.87998734230643,43.12656745472551,41.8045677711678,18.0,19.0,16.0,14
30,4,46,6.1947903207036,6.194790320703593,53.44887453280352,53.44887453280358,46.67868375864841,45.34246189532836,17.0,17.0,16.0,14
30,4,47,7.032744066762678,7.032744066762678,55.30732757197923,55.307327571979215,43.32407326471706,41.94139007541757,15.0,15.0,14.0,14
30,4,48,6.417437174903864,6.41743717490387,54.25750676002304,54.25750676002317,47.38488923708679,46.02845156808632,19.0,16.0,16.0,14
30,4,49,6.280532155723848,6.280532155723845,54.03114294612996,54.031142946130025,44.065398802732645,42.71462022907946,18.0,18.0,17.0,16
30,4,50,5.637373169126743,5.637373169126743,55.3088360850053,55.30883608500516,46.76669362298781,45.38397272086256,16.0,16.0,14.0,12
30,4,51,6.334866805071011,6.334866805071011,54.6522020358885,54.65220203588847,49.12625716337089,47.75995211247364,17.0,17.0,14.0,14
30,4,52,7.757451979485272,7.757451979485274,55.77439076545227,55.774390765452196,48.70963460182831,47.31527483269194,15.0,15.0,14.0,14
30,4,53,6.586148445542874,6.586148445542874,54.74468211666242,54.74468211666242,42.883334324718895,41.51471727180233,17.0,16.0,15.0,12
30,4,54,5.133848244329318,5.133848244329316,54.65625306593219,54.65625306593217,46.214898425749325,44.84849209910101,17.0,16.0,16.0,12
30,4,55,4.686802696914154,4.686802696914153,52.87009580944475,52.87009580944478,46.17321700691508,44.85146461167898,16.0,15.0,15.0,12
30,4,56,4.691812763135631,4.691812763135632,52.87663233923998,52.876632339239904,41.42002866573799,40.09811285725693,18.0,15.0,14.0,12
30,4,57,6.739152742937412,6.739152742937409,54.63237912773676,54.6323791277367,42.795363650060466,41.429554171867,17.0,17.0,15.0,14
30,4,58,5.9628932456082175,5.962893245608217,53.96612987037529,53.96612987037518,44.01237702761718,42.663223780857706,17.0,18.0,16.0,14
30,4,59,4.6442110424514125,4.6442110424514125,52.50021368784691,52.50021368784703,42.816840940977364,41.50433559878128,18.0,14.0,15.0,12
30,4,60,5.459030896619704,5.459030896619703,55.13670725283221,55.136707252832096,43.190420681385234,41.81200300006434,15.0,15.0,14.0,12
30,4,61,6.219169168230272,6.219169168230276,54.039350940668854,54.03935094066886,42.33082490352393,40.97984113000722,17.0,17.0,16.0,16
30,4,62,4.463956595153679,4.463956595153682,55.108988501763626,55.10898850176377,51.98614581999703,50.60842110745306,15.0,14.0,14.0,12
30,4,63,6.1038603976225785,6.103860397622572,55.73302457765406,55.73302457765404,45.45337782222008,44.06005220777872,15.0,14.0,13.0,16
30,4,64,5.971400099499104,5.971400099499104,54.96048134895414,54.96048134895401,44.82332590014703,43.44931386642308,17.0,16.0,14.0,12
30,4,65,7.200647967569715,7.2006479675697115,53.311256225560065,53.31125622556034,45.07762887516801,43.74484746952923,18.0,18.0,17.0,16
30,4,66,4.568230004039088,4.568230004039089,53.39166009038711,53.39166009038716,43.54386500704904,42.2090735047894,16.0,16.0,15.0,12
30,4,67,5.726691266052586,5.726691266052583,54.85475114403455,54.85475114403465,44.73709704413484,43.36572826553406,16.0,17.0,15.0,12
30,4,68,5.837952373085024,5.83795237308503,54.42548582913518,54.42548582913531,47.53159095744472,46.17095381171645,18.0,15.0,15.0,14
30,4,69,4.915172161245186,4.915172161245186,54.41694535601668,54.416945356016655,47.5241322775879,46.163708643687464,16.0,15.0,15.0,12
30,4,70,6.207083841800317,6.2070838418003165,54.73647678903643,54.73647678903633,51.63474310432437,50.266331184598364,17.0,15.0,15.0,16
30,4,71,4.630332095858451,4.630332095858451,55.03605677456525,55.03605677456507,44.88496185836766,43.50906043900338,17.0,16.0,15.0,10
30,4,72,4.829801242473673,4.829801242473676,53.1291951744438,53.12919517444377,43.32981028671305,42.00158040735193,16.0,17.0,15.0,14
30,4,73,5.150783731846025,5.150783731846026,55.60763958011211,55.60763958011203,45.35111939089143,43.960928401388564,16.0,14.0,14.0,12
30,4,74,6.398222359490397,6.398222359490392,55.277839932039406,55.27783993203928,49.68863611668876,48.306690118387664,18.0,16.0,14.0,14
30,4,75,5.136373740086829,5.136373740086833,55.06029039041788,55.060290390417954,48.08598694096494,46.70947968120456,16.0,15.0,14.0,10
30,4,76,7.214400591743013,7.2144005917430105,56.18086756863343,56.180867568633275,45.818618661529925,44.41409697231396,13.0,13.0,13.0,16
30,4,77,5.998539587268997,5.998539587268998,51.823839663913134,51.823839663913226,42.26522034812471,40.96962435652695,19.0,18.0,16.0,14
30,4,78,4.72075204717412,4.720752047174117,53.02383721628796,53.02383721628802,43.243885018617064,41.91828908820992,16.0,16.0,15.0,12
30,4,79,5.71398437117327,5.7139843711732725,54.569817510737856,54.56981751073782,46.141812361857234,44.77756692408875,16.0,15.0,16.0,10
30,4,80,5.423480627327108,5.42348062732711,54.12867590130071,54.128675901300845,45.76880262321093,44.415585725678525,17.0,16.0,15.0,12
30,4,81,6.7502422866420115,6.75024228664201,54.585034096534734,54.585034096534656,46.154678830514364,44.79005297810094,16.0,18.0,15.0,12
30,4,82,7.29699715377968,7.296997153779681,53.00620930142132,53.00620930142132,43.22950847471471,41.90435324217919,20.0,18.0,17.0,18
30,4,83,6.62227908040034,6.622279080400334,54.27455965333204,54.27455965333213,48.78679862171736,47.42993463038414,17.0,17.0,16.0,14
30,4,84,4.918509345764195,4.9185093457641935,53.3915803176492,53.3915803176493,45.14554735747893,43.81075784953778,18.0,16.0,15.0,12
30,4,85,4.4057370412995995,4.4057370412996,55.41452146397491,55.414521463974836,45.19362083839731,43.80825780179787,14.0,13.0,13.0,12
30,4,86,4.919251089594324,4.919251089594326,54.565768959804096,54.56576895980406,46.138389087123244,44.774244863128104,17.0,15.0,14.0,14
30,4,87,4.9722821689088015,4.972282168908802,55.53571579091101,55.5357157909107,46.9585330187592,45.570140123986164,15.0,15.0,13.0,14
30,4,88,6.039837900104326,6.039837900104321,53.37298397480024,53.37298397480028,43.528633597225976,42.19430899785599,19.0,16.0,16.0,14
30,4,89,5.563288194332588,5.563288194332587,55.4869377086399,55.48693770864005,45.25268030904632,43.865506866330435,15.0,15.0,14.0,12
30,4,90,7.251507263670381,7.251507263670383,53.63874870278819,53.6387487027882,43.74537949760725,42.40441078003756,20.0,17.0,17.0,14
30,4,91,6.478913146343364,6.4789131463433645,55.43489328759378,55.43489328759378,43.423999741948464,42.038127409758616,17.0,16.0,14.0,12
30,4,92,4.6380525168247315,4.638052516824726,54.90150957709493,54.90150957709471,50.6313921655431,49.258854426115526,17.0,13.0,13.0,14
30,4,93,6.351342208226015,6.351342208226015,54.97641290276977,54.976412902769724,44.83631896737001,43.46190864480072,17.0,17.0,14.0,14
30,4,94,5.550666563282621,5.550666563282619,53.7849569398338,53.78495693983366,45.4781691457928,44.13354522229684,18.0,16.0,16.0,12
30,4,95,5.386390763042236,5.386390763042236,56.013852899010715,56.01385289901082,48.91876486513602,47.51841854266085,15.0,14.0,13.0,12
30,4,96,6.775612403611011,6.775612403611012,55.53425233616011,55.53425233616001,43.501830996658754,42.11347468825467,16.0,15.0,14.0,12
30,4,97,5.8464265995599725,5.846426599559974,55.59766265523122,55.597662655231005,43.55150241326446,42.16156084688352,14.0,14.0,13.0,12
30,4,98,6.167292023500697,6.1672920235007,54.36010256908434,54.3601025690844,44.333683650786554,42.974681086559485,18.0,16.0,15.0,18
30,4,99,4.899680820685434,4.899680820685434,55.703472770868764,55.703472770868586,47.100380865145695,45.707794045873825,15.0,14.0,13.0,12
