Number of Nodes,Degree,Seed,Lower Bound,Lower Bound (normalized),Generic Upper Bound,Generic Upper Bound (normalized),Main Thm Upper Bound,Main Thm Upper Bound (normalized),Greedy Upper Bound,Cotengra Upper Bound,HyperOpt Upper Bound,Largest HSC Rank
10,3,0,1.2486158029050214,1.2486158029050216,13.700285173544536,13.700285173544545,12.878268063131861,11.964915718228902,4.0,4.0,4.0,4
10,3,1,1.3017476391709002,1.3017476391709006,12.500000000000014,12.500000000000004,11.75000000000001,10.91666666666667,5.0,5.0,5.0,4
10,3,2,2.4902550187292976,2.4902550187292993,13.990386690021566,13.990386690021602,13.15096348862027,13.197598110920378,4.0,4.0,4.0,5
10,3,3,2.049663844561008,2.049663844561008,14.167376009851605,14.167376009851568,12.042269608373864,11.097777874383729,4.0,4.0,4.0,5
10,3,4,3.071035580555794,3.0710355805557916,14.04508497187474,14.045084971874743,13.202379873562254,12.266040875437275,4.0,4.0,4.0,4
10,3,5,3.0710355805557925,3.071035580555793,14.045084971874736,14.045084971874754,13.202379873562254,12.266040875437284,4.0,4.0,4.0,4
10,3,6,1.3017476391709004,1.3017476391709009,12.5,12.500000000000004,11.749999999999998,10.91666666666667,5.0,5.0,5.0,4
10,3,7,1.8963344942688374,1.8963344942688363,13.640481992731285,13.640481992731274,11.594409693821593,10.685044227639498,5.0,5.0,5.0,5
10,3,8,2.490255018729298,2.4902550187292976,13.990386690021568,13.990386690021575,14.130290556921782,13.197598110920351,4.0,4.0,4.0,5
10,3,9,3.0710355805557916,3.071035580555794,14.045084971874726,14.045084971874756,13.202379873562242,12.266040875437286,4.0,4.0,4.0,4
10,3,10,1.8963344942688367,1.8963344942688372,13.640481992731273,13.640481992731264,11.594409693821582,10.685044227639489,5.0,5.0,5.0,5
10,3,11,3.0710355805557925,3.0710355805557925,14.045084971874726,14.045084971874756,13.202379873562242,12.266040875437286,4.0,4.0,4.0,4
10,3,12,2.4902550187292967,2.4902550187292984,12.500000000000002,12.500000000000014,11.691782492163082,10.916666666666679,7.0,6.0,6.0,4
10,3,13,1.896334494268836,1.8963344942688367,13.640481992731283,13.64048199273128,11.59440969382159,10.685044227639503,5.0,5.0,5.0,5
10,3,14,0.9743270826470442,0.9743270826470439,12.500000000000004,12.500000000000009,11.750000000000004,9.791666666666673,4.0,4.0,4.0,4
10,3,15,2.04966384456101,2.049663844561009,14.167376009851605,14.167376009851589,12.042269608373864,11.097777874383745,4.0,4.0,4.0,4
10,3,16,1.9668721300516538,1.9668721300516552,14.045084971874749,14.045084971874768,11.938322226093536,11.00198322796857,4.0,4.0,4.0,4
10,3,17,2.3657059289554923,2.3657059289554923,13.68208477248815,13.682084772488146,11.629772056614927,11.460913672527441,5.0,5.0,5.0,4
10,3,18,3.1965493048692677,3.1965493048692695,13.903882032022057,13.903882032022082,13.069649110100732,12.142723641299284,4.0,4.0,4.0,5
10,3,19,1.896334494268837,1.8963344942688367,13.64048199273129,13.64048199273125,11.594409693821596,10.685044227639478,5.0,5.0,5.0,5
10,3,20,2.3657059289554914,2.3657059289554923,13.682084772488148,13.682084772488144,11.629772056614925,11.460913672527441,5.0,5.0,5.0,4
10,3,21,1.3017476391709004,1.3017476391709002,12.500000000000002,12.500000000000002,11.75,10.916666666666668,5.0,5.0,5.0,4
10,3,22,2.490255018729296,2.4902550187292976,13.990386690021566,13.990386690021602,13.15096348862027,12.218271042618865,4.0,4.0,4.0,5
10,3,23,2.049663844561009,2.0496638445610085,14.167376009851587,14.16737600985158,12.042269608373848,11.097777874383738,4.0,4.0,4.0,6
10,3,24,1.2486158029050207,1.2486158029050218,13.700285173544547,13.700285173544549,12.878268063131873,11.964915718228905,4.0,4.0,4.0,4
10,3,25,1.8963344942688374,1.8963344942688372,13.640481992731265,13.640481992731285,11.594409693821577,10.685044227639507,5.0,5.0,5.0,5
10,3,26,3.07103558055579,3.0710355805557903,14.045084971874749,14.045084971874747,13.202379873562261,12.266040875437279,4.0,4.0,4.0,4
10,3,27,1.2486158029050205,1.2486158029050218,13.700285173544536,13.700285173544566,12.878268063131861,11.964915718228921,4.0,4.0,4.0,4
10,3,28,2.4373068313076613,2.4373068313076613,14.273188398592314,14.273188398592328,14.415920282578236,13.464374389338763,4.0,4.0,4.0,5
10,3,29,2.4902550187292976,2.4902550187292993,13.990386690021593,13.990386690021607,13.150963488620295,13.197598110920381,4.0,4.0,4.0,5
10,3,30,1.2486158029050216,1.2486158029050214,13.700285173544566,13.700285173544534,12.878268063131893,11.964915718228893,4.0,4.0,4.0,4
10,3,31,3.1965493048692686,3.196549304869269,13.903882032022041,13.903882032022086,13.069649110100718,12.142723641299288,4.0,4.0,4.0,6
10,3,32,1.2486158029050216,1.2486158029050214,13.70028517354456,13.700285173544547,12.878268063131886,11.964915718228903,4.0,4.0,4.0,4
10,3,33,2.490255018729298,2.4902550187292967,13.990386690021586,13.990386690021595,14.1302905569218,13.19759811092037,4.0,4.0,4.0,5
10,3,34,0.974327082647045,0.9743270826470444,12.500000000000004,12.500000000000004,10.625000000000004,10.91666666666667,4.0,4.0,4.0,5
10,3,35,2.490255018729298,2.4902550187292976,13.990386690021609,13.99038669002159,14.130290556921825,12.218271042618854,4.0,4.0,4.0,5
10,3,36,1.9668721300516558,1.9668721300516547,14.045084971874747,14.045084971874731,11.938322226093534,11.001983227968541,4.0,4.0,4.0,4
10,3,37,2.0496638445610085,2.049663844561008,14.167376009851589,14.167376009851573,12.04226960837385,11.097777874383732,4.0,4.0,4.0,6
10,3,38,3.0710355805557894,3.0710355805557894,15.00000000000002,15.0,14.100000000000017,13.1,4.0,4.0,4.0,4
10,3,39,1.2486158029050216,1.2486158029050205,13.700285173544561,13.700285173544543,12.878268063131888,11.9649157182289,4.0,4.0,4.0,4
10,3,40,2.049663844561008,2.0496638445610076,14.167376009851562,14.167376009851605,12.042269608373829,11.097777874383755,4.0,4.0,4.0,5
10,3,41,3.071035580555792,3.071035580555792,14.045084971874731,14.045084971874736,13.202379873562247,12.26604087543727,4.0,4.0,4.0,4
10,3,42,1.8963344942688367,1.8963344942688367,13.640481992731273,13.640481992731273,11.594409693821582,10.685044227639496,5.0,5.0,5.0,5
10,3,43,2.365705928955492,2.3657059289554923,13.682084772488142,13.682084772488135,11.629772056614922,11.460913672527441,5.0,5.0,5.0,4
10,3,44,2.04966384456101,2.049663844561009,14.16737600985156,14.16737600985158,12.042269608373825,11.097777874383738,4.0,4.0,4.0,5
10,3,45,2.4902550187292967,2.4902550187292993,13.990386690021584,13.990386690021602,14.130290556921798,13.197598110920378,4.0,4.0,4.0,5
10,3,46,0.49231751498135856,0.4923175149813581,13.72322142952521,13.723221429525209,11.664738215096428,10.749856786461415,4.0,4.0,4.0,4
10,3,47,3.0710355805557916,3.071035580555792,14.045084971874708,14.045084971874743,13.202379873562224,12.266040875437275,4.0,4.0,4.0,4
10,3,48,2.490255018729299,2.490255018729299,13.99038669002158,13.99038669002156,13.150963488620286,13.19759811092034,4.0,4.0,4.0,5
10,3,49,3.1965493048692686,3.196549304869268,13.903882032022079,13.903882032022056,13.069649110100753,12.142723641299261,4.0,4.0,4.0,5
10,3,50,1.8963344942688367,1.8963344942688363,13.640481992731257,13.640481992731301,11.594409693821568,10.685044227639517,5.0,5.0,5.0,5
10,3,51,1.3017476391709002,1.3017476391709002,14.534016256620827,14.53401625662085,13.661975281223578,12.693040864115542,4.0,4.0,4.0,5
10,3,52,2.0496638445610085,2.04966384456101,14.167376009851564,14.167376009851566,12.04226960837383,11.097777874383727,4.0,4.0,4.0,4
10,3,53,2.43730683130766,2.4373068313076627,14.273188398592307,14.273188398592294,14.415920282578229,13.464374389338731,4.0,4.0,4.0,5
10,3,54,1.8963344942688374,1.8963344942688372,13.64048199273129,13.640481992731303,11.594409693821596,10.685044227639521,5.0,5.0,5.0,5
10,3,55,2.437306831307661,2.437306831307661,14.273188398592298,14.273188398592325,14.41592028257822,13.46437438933876,4.0,4.0,4.0,5
10,3,56,2.4902550187292993,2.4902550187292976,13.990386690021573,13.990386690021609,14.130290556921787,13.197598110920385,4.0,4.0,4.0,5
10,3,57,3.071035580555792,3.071035580555793,14.045084971874743,14.045084971874722,13.202379873562258,12.266040875437255,4.0,4.0,4.0,4
10,3,58,3.1965493048692672,3.1965493048692695,13.90388203202207,13.903882032022088,13.069649110100745,12.14272364129929,4.0,4.0,4.0,5
10,3,59,2.0496638445610085,2.0496638445610094,14.167376009851582,14.167376009851592,12.042269608373847,11.097777874383747,4.0,4.0,4.0,5
10,3,60,1.8963344942688365,1.896334494268839,13.640481992731283,13.640481992731287,11.59440969382159,10.685044227639509,5.0,5.0,5.0,5
10,3,61,3.0710355805557925,3.071035580555793,14.045084971874758,14.045084971874726,13.202379873562272,12.266040875437259,4.0,4.0,4.0,4
10,3,62,2.4902550187292976,2.4902550187292976,13.990386690021575,13.99038669002158,13.15096348862028,12.218271042618847,4.0,4.0,4.0,5
10,3,63,3.0710355805557885,3.0710355805557903,15.000000000000007,15.000000000000007,14.100000000000005,13.100000000000005,4.0,4.0,4.0,4
10,3,64,3.071035580555792,3.0710355805557925,14.045084971874735,14.045084971874733,13.20237987356225,12.266040875437266,4.0,4.0,4.0,4
10,3,65,1.8963344942688374,1.8963344942688376,13.64048199273128,13.640481992731276,11.594409693821587,10.6850442276395,5.0,5.0,5.0,5
10,3,66,2.437306831307661,2.4373068313076613,14.273188398592296,14.273188398592298,14.415920282578218,13.464374389338735,4.0,4.0,4.0,5
10,3,67,2.4902550187292976,2.490255018729298,13.990386690021591,13.990386690021582,14.130290556921805,13.19759811092036,4.0,4.0,4.0,5
10,3,68,2.0496638445610076,2.049663844561009,14.167376009851571,14.167376009851576,12.042269608373834,11.097777874383734,4.0,4.0,4.0,5
10,3,69,1.896334494268837,1.8963344942688376,13.640481992731244,13.640481992731248,11.594409693821557,10.685044227639477,5.0,5.0,5.0,5
10,3,70,2.490255018729296,2.4902550187292976,13.990386690021584,13.990386690021584,13.150963488620288,12.21827104261885,4.0,4.0,4.0,5
10,3,71,1.2486158029050216,1.248615802905021,13.700285173544536,13.700285173544508,12.878268063131861,11.964915718228871,4.0,4.0,4.0,4
10,3,72,2.2222222222222223,2.2222222222222228,12.50000000000001,12.50000000000001,11.750000000000009,11.791666666666677,7.0,6.0,6.0,5
10,3,73,0.9743270826470436,0.9743270826470439,12.500000000000007,12.500000000000012,11.750000000000005,10.916666666666677,4.0,4.0,4.0,4
10,3,74,1.8963344942688365,1.896334494268838,13.64048199273127,13.64048199273129,11.594409693821579,10.685044227639512,5.0,5.0,5.0,5
10,3,75,2.04966384456101,2.0496638445610085,14.167376009851582,14.1673760098516,12.042269608373847,11.097777874383754,4.0,4.0,4.0,5
10,3,76,1.9668721300516554,1.9668721300516554,14.045084971874726,14.04508497187475,11.938322226093517,11.001983227968553,4.0,4.0,4.0,4
10,3,77,3.0710355805557903,3.0710355805557903,15.000000000000002,14.999999999999993,14.100000000000001,13.099999999999994,4.0,4.0,4.0,4
10,3,78,1.896334494268837,1.896334494268836,13.640481992731265,13.640481992731278,11.594409693821577,10.685044227639501,5.0,5.0,5.0,5
10,3,79,1.8963344942688376,1.8963344942688367,13.64048199273128,13.640481992731278,11.594409693821587,10.685044227639501,5.0,5.0,5.0,5
10,3,80,1.9668721300516543,1.9668721300516552,14.045084971874715,14.045084971874742,11.938322226093508,11.001983227968546,4.0,4.0,4.0,4
10,3,81,0.49231751498135795,0.49231751498135845,13.723221429525196,13.723221429525195,11.664738215096417,10.749856786461402,4.0,4.0,4.0,4
10,3,82,1.8963344942688378,1.8963344942688385,13.640481992731297,13.640481992731274,11.594409693821602,10.685044227639498,5.0,5.0,5.0,5
10,3,83,2.365705928955491,2.365705928955493,13.682084772488121,13.682084772488164,11.629772056614902,11.460913672527443,5.0,5.0,5.0,4
10,3,84,2.4902550187292976,2.490255018729298,13.990386690021591,13.990386690021593,14.130290556921805,13.19759811092037,4.0,4.0,4.0,5
10,3,85,3.07103558055579,3.0710355805557916,14.045084971874747,14.045084971874727,13.20237987356226,12.26604087543726,4.0,4.0,4.0,4
10,3,86,1.3017476391709004,1.3017476391709002,14.534016256620841,14.534016256620832,13.66197528122359,12.693040864115526,4.0,4.0,4.0,5
10,3,87,1.3017476391709015,1.3017476391709009,12.5,12.500000000000012,11.749999999999998,10.916666666666677,5.0,5.0,5.0,4
10,3,88,1.9668721300516545,1.9668721300516547,14.045084971874717,14.04508497187473,11.93832222609351,11.00198322796854,4.0,4.0,4.0,4
10,3,89,1.2486158029050214,1.2486158029050214,13.700285173544561,13.700285173544543,12.878268063131888,11.9649157182289,4.0,4.0,4.0,4
10,3,90,2.049663844561008,2.0496638445610103,14.167376009851582,14.167376009851582,12.042269608373847,11.09777787438374,4.0,4.0,4.0,4
10,3,91,3.071035580555794,3.0710355805557916,14.045084971874735,14.045084971874743,13.20237987356225,12.266040875437275,4.0,4.0,4.0,4
10,3,92,2.3657059289554914,2.3657059289554923,13.682084772488139,13.682084772488164,11.629772056614918,11.460913672527441,5.0,5.0,5.0,4
10,3,93,2.4902550187292976,2.4902550187293,13.990386690021584,13.99038669002158,13.150963488620288,13.197598110920358,4.0,4.0,4.0,5
10,3,94,2.0496638445610085,2.0496638445610103,14.167376009851589,14.16737600985157,12.04226960837385,11.09777787438373,4.0,4.0,4.0,5
10,3,95,1.3017476391709004,1.3017476391709006,14.534016256620838,14.534016256620832,13.661975281223588,12.693040864115526,4.0,4.0,4.0,5
10,3,96,0.49231751498135845,0.49231751498135834,13.723221429525207,13.723221429525214,11.664738215096426,10.749856786461418,4.0,4.0,4.0,4
10,3,97,1.3017476391709013,1.3017476391709002,12.500000000000002,12.500000000000002,11.75,10.916666666666668,5.0,5.0,5.0,4
10,3,98,3.07103558055579,3.0710355805557916,14.045084971874754,14.045084971874747,13.202379873562268,12.266040875437279,4.0,4.0,4.0,4
10,3,99,2.4373068313076596,2.437306831307661,14.27318839859229,14.273188398592293,14.415920282578211,13.464374389338728,4.0,4.0,4.0,5
12,3,0,2.6666666666666714,2.6666666666666705,17.080575606683617,17.08057560668362,15.538579197746898,15.657194306126653,4.0,4.0,4.0,5
12,3,1,1.0966998584585879,1.0966998584585874,16.76621265923407,16.766212659234093,13.971843882695058,13.040387623848739,4.0,4.0,4.0,4
12,3,2,0.9446631704944263,0.9446631704944256,16.93725393319378,16.937253933193784,14.114378277661483,13.173419725817386,4.0,4.0,4.0,4
12,3,3,1.675536687919435,1.6755366879194349,16.833852160593377,16.83385216059341,15.314129396095364,14.378915387173539,5.0,5.0,5.0,4
12,3,4,2.31306702452742,2.3130670245274203,16.841313006230553,16.841313006230575,14.034427505192129,13.098799004846004,5.0,5.0,5.0,4
12,3,5,2.4497119849843663,2.4497119849843663,16.755960701695166,16.755960701695194,15.24326980501435,14.312383099364643,5.0,5.0,5.0,5
12,3,6,2.4497119849843685,2.4497119849843667,16.755960701695184,16.755960701695177,15.243269805014368,14.312383099364629,5.0,5.0,5.0,5
12,3,7,3.381197846482996,3.3811978464829973,17.025392611699935,17.02539261169992,16.552465039152715,15.606609894058261,5.0,5.0,5.0,5
12,3,8,1.618425823052504,1.618425823052505,16.77915796601658,16.779157966016577,13.982631638347149,13.050456195790671,5.0,5.0,5.0,4
12,3,9,2.424749867530572,2.424749867530574,17.12446799965329,17.124467999653277,15.578509083017924,14.62714974970384,4.0,4.0,4.0,5
12,3,10,1.2956348551058912,1.2956348551058916,16.24264068711931,16.242640687119295,15.791456223588217,14.889087296526018,5.0,5.0,5.0,5
12,3,11,1.6755366879194353,1.6755366879194362,16.83385216059338,16.833852160593377,14.02821013382782,13.09299612490596,5.0,5.0,5.0,4
12,3,12,2.0692702473306106,2.0692702473306106,17.26532306196868,17.26532306196868,15.706648063318728,14.747463448764913,4.0,4.0,4.0,6
12,3,13,1.1923166173056134,1.1923166173056132,16.901170263286883,16.901170263286886,16.431693311528914,15.49273940801298,4.0,4.0,4.0,4
12,3,14,1.945073505577485,1.945073505577486,16.01598284825524,16.015982848255216,14.570095507787755,13.680318682884664,7.0,6.0,6.0,4
12,3,15,2.0371520600005635,2.0371520600005617,17.373863542433742,17.373863542433757,15.805389750408473,14.840175109162166,4.0,4.0,4.0,5
12,3,16,1.9450735055774877,1.9450735055774875,16.015982848255202,16.01598284825521,14.570095507787718,13.680318682884657,7.0,6.0,6.0,4
12,3,17,2.924768197569198,2.924768197569197,17.127826078310754,17.127826078310765,14.273188398592293,13.914030226445881,4.0,4.0,4.0,4
12,3,18,1.7522051125942149,1.7522051125942142,17.196152422706657,17.196152422706618,15.643721995656751,14.688380194395236,4.0,4.0,4.0,4
12,3,19,2.4247498675305734,2.424749867530573,17.124467999653287,17.124467999653305,15.57850908301792,14.627149749703865,4.0,4.0,4.0,5
12,3,20,1.3099092094130158,1.3099092094130158,16.871583743451644,16.871583743451616,16.402928639466875,15.465618431497312,4.0,4.0,4.0,4
12,3,21,1.9218907537046535,1.9218907537046528,17.30669541274185,17.306695412741806,15.744285410202654,14.782802331716958,4.0,4.0,4.0,5
12,3,22,1.7063081962706788,1.7063081962706792,17.149698057693072,17.1496980576931,14.291415048077562,13.338654044872413,4.0,4.0,4.0,5
12,3,23,1.2956348551058925,1.2956348551058943,16.242640687119266,16.242640687119295,15.791456223588174,14.889087296526021,5.0,5.0,5.0,4
12,3,24,2.521232033423283,2.5212320334232823,16.749246667211764,16.74924666721176,15.237161898644034,14.306648194910045,5.0,5.0,5.0,4
12,3,25,1.9374367541973498,1.9374367541973496,17.08568865227075,17.085688652270747,15.543230648940753,14.594025723814596,4.0,4.0,4.0,6
12,3,26,1.1923166173056121,1.1923166173056132,16.90117026328685,16.90117026328687,16.431693311528882,15.492739408012962,4.0,4.0,4.0,4
12,3,27,1.2731230499847497,1.2731230499847497,16.04554211148096,16.045542111480962,14.596986226416705,13.70556722022332,6.0,5.0,5.0,4
12,3,28,1.192316617305612,1.1923166173056123,16.901170263286836,16.901170263286865,15.375370170073438,14.43641626655753,4.0,4.0,4.0,4
12,3,29,1.3066869394829652,1.3066869394829665,17.0417737499031,17.041773749903133,16.568391145739124,15.621625937411205,4.0,4.0,4.0,4
12,3,30,1.9374367541973498,1.9374367541973503,17.085688652270758,17.085688652270747,15.54323064894076,14.594025723814596,4.0,4.0,4.0,6
12,3,31,2.4477479316567567,2.4477479316567576,16.168119903293135,16.16811990329316,13.473433252744279,12.95900327604286,7.0,6.0,6.0,4
12,3,32,1.9374367541973494,1.93743675419735,17.08568865227075,17.085688652270775,15.543230648940753,14.594025723814621,4.0,4.0,4.0,6
12,3,33,0.48209978990858693,0.48209978990858615,16.17017961115851,16.170179611158513,14.710371729595588,13.812028417864564,5.0,5.0,5.0,5
12,3,34,2.3394800523460493,2.3394800523460484,16.087019498572324,16.087019498572303,13.405849582143603,12.719668892357095,7.0,6.0,6.0,6
12,3,35,2.447747931656754,2.4477479316567567,16.16811990329313,16.168119903293164,13.473433252744277,12.959003276042857,6.0,6.0,6.0,4
12,3,36,2.360246556061994,2.3602465560619925,15.90832691319596,15.908326913195996,14.472158511310212,13.588362571688245,8.0,6.0,6.0,6
12,3,37,1.93743675419735,1.9374367541973512,16.090825912206043,16.09082591220607,14.638181906242998,13.744247133342686,7.0,6.0,6.0,4
12,3,38,1.2956348551058918,1.2956348551058907,17.598594787527066,17.59859478752706,17.10974493231798,16.132045221899805,4.0,4.0,4.0,4
12,3,39,2.449711984984365,2.449711984984366,16.755960701695166,16.755960701695198,15.243269805014354,14.312383099364647,5.0,5.0,5.0,5
12,3,40,1.9218907537046528,1.9218907537046528,17.306695412741803,17.306695412741778,15.744285410202611,14.782802331716933,4.0,4.0,4.0,5
12,3,41,1.6755366879194338,1.675536687919435,16.833852160593374,16.833852160593374,15.31412939609536,13.092996124905955,5.0,5.0,5.0,4
12,3,42,2.5212320334232827,2.5212320334232823,16.74924666721177,16.749246667211725,15.237161898644043,14.306648194910014,5.0,5.0,5.0,4
12,3,43,1.9543638211620764,1.9543638211620764,16.78407768126913,16.784077681269153,15.268848446154557,14.336399686084068,5.0,5.0,5.0,5
12,3,44,1.2800684896710293,1.280068489671029,16.19457408225211,16.19457408225209,15.74472480218955,14.845026242064412,6.0,5.0,5.0,4
12,3,45,2.5212320334232823,2.5212320334232827,16.74924666721175,16.749246667211754,15.237161898644024,14.30664819491004,5.0,5.0,5.0,4
12,3,46,2.6666666666666687,2.6666666666666687,17.080575606683645,17.08057560668361,15.538579197746927,15.657194306126643,4.0,4.0,4.0,5
12,3,47,1.6184258230525042,1.6184258230525048,16.77915796601657,16.779157966016605,13.982631638347144,13.050456195790693,5.0,5.0,5.0,4
12,3,48,0.47774351590505326,0.4777435159050526,16.87211971234069,16.872119712340687,15.348942238309935,14.411602254291003,4.0,4.0,4.0,5
12,3,49,1.6755366879194338,1.6755366879194356,16.833852160593356,16.83385216059338,14.028210133827798,14.378915387173512,5.0,5.0,5.0,4
12,3,50,2.5212320334232827,2.5212320334232823,16.749246667211793,16.74924666721173,15.237161898644061,14.306648194910018,5.0,5.0,5.0,4
12,3,51,1.6755366879194358,1.6755366879194356,16.833852160593413,16.833852160593384,15.314129396095396,13.092996124905966,5.0,5.0,5.0,4
12,3,52,1.1312707395948376,1.1312707395948378,16.16546924262511,16.16546924262517,13.47122436885426,12.573142744264024,5.0,5.0,5.0,4
12,3,53,2.339480052346051,2.339480052346051,17.147811024846003,17.147811024845986,14.289842520705005,13.337186352657987,4.0,4.0,4.0,4
12,3,54,2.666666666666669,2.666666666666669,16.68465843842649,16.684658438426503,13.903882032022073,13.416407864998742,4.0,4.0,4.0,5
12,3,55,1.945073505577487,1.945073505577485,16.015982848255206,16.015982848255206,14.570095507787723,13.680318682884655,7.0,6.0,6.0,4
12,3,56,2.843180513049129,2.8431805130491314,17.012689369695217,17.012689369695167,14.177241141412683,13.76132314473091,5.0,5.0,5.0,6
12,3,57,1.6184258230525046,1.6184258230525046,16.779157966016612,16.77915796601662,13.98263163834718,13.050456195790705,5.0,5.0,5.0,4
12,3,58,1.771109430991502,1.7711094309915025,16.894730272562942,16.89473027256293,15.369511567401013,14.430915441147501,4.0,4.0,4.0,6
12,3,59,2.494261439153539,2.4942614391535374,16.185973306749176,16.18597330674919,14.72473960544543,13.8255188661816,7.0,6.0,6.0,5
12,3,60,1.1691924991764542,1.1691924991764533,17.52670703797293,17.5267070379729,14.605589198310774,13.631883251756701,4.0,4.0,4.0,5
12,3,61,2.145376723393058,2.145376723393058,15.908326913196017,15.908326913195994,14.472158511310264,12.373143154707995,7.0,6.0,6.0,6
12,3,62,1.8042552637693938,1.8042552637693943,17.043991930814936,17.043991930814936,15.505298214838588,14.558409774237756,4.0,4.0,4.0,6
12,3,63,0.4820997899085867,0.4820997899085867,17.196152422706632,17.19615242270664,15.643721995656726,14.688380194395256,4.0,4.0,4.0,6
12,3,64,2.3130670245274194,2.31306702452742,16.84131300623057,16.841313006230564,14.034427505192145,13.098799004845993,5.0,5.0,5.0,4
12,3,65,2.4942614391535387,2.4942614391535383,16.1859733067492,16.185973306749204,14.724739605445453,13.82551886618161,7.0,6.0,6.0,5
12,3,66,2.360246556061994,2.3602465560619925,15.908326913195985,15.908326913195976,14.472158511310234,13.588362571688227,7.0,6.0,6.0,6
12,3,67,1.632884137048585,1.6328841370485856,16.036490670625476,16.036490670625465,13.363742225521229,13.69783578115925,6.0,6.0,6.0,6
12,3,68,2.145376723393057,2.145376723393057,15.908326913196014,15.908326913195998,14.472158511310262,12.373143154707998,7.0,6.0,6.0,5
12,3,69,2.8431805130491314,2.8431805130491323,17.012689369695188,17.012689369695238,14.177241141412654,13.761323144730913,5.0,5.0,5.0,6
12,3,70,2.5212320334232814,2.5212320334232827,16.74924666721178,16.749246667211775,15.23716189864405,14.306648194910057,5.0,5.0,5.0,4
12,3,71,1.9450735055774873,1.945073505577486,16.01598284825523,16.015982848255252,14.570095507787745,13.680318682884693,7.0,6.0,6.0,4
12,3,72,1.0966998584585885,1.096699858458588,16.766212659234096,16.766212659234085,13.97184388269508,13.040387623848734,4.0,4.0,4.0,4
12,3,73,1.9450735055774864,1.9450735055774864,16.015982848255206,16.01598284825522,14.57009550778772,13.680318682884666,7.0,6.0,6.0,4
12,3,74,1.7711094309915019,1.771109430991502,16.89473027256294,16.894730272562953,15.369511567401009,14.430915441147523,5.0,4.0,4.0,5
12,3,75,0.4820997899085867,0.48209978990858604,17.19615242270666,17.196152422706657,15.643721995656755,14.68838019439527,4.0,4.0,4.0,6
12,3,76,1.9450735055774877,1.9450735055774877,16.015982848255224,16.01598284825524,14.57009550778774,13.680318682884684,7.0,6.0,6.0,4
12,3,77,2.3462262030236025,2.346226203023602,17.36341324122595,17.363413241225988,14.469511034354959,13.50487696539799,4.0,4.0,4.0,4
12,3,78,1.70630819627068,1.7063081962706792,17.14969805769306,17.149698057693087,14.291415048077551,13.338654044872401,5.0,4.0,4.0,6
12,3,79,1.618425823052506,1.618425823052505,16.779157966016566,16.779157966016623,13.982631638347138,13.050456195790707,5.0,5.0,5.0,4
12,3,80,1.9450735055774864,1.9450735055774857,16.015982848255216,16.015982848255216,14.57009550778773,13.680318682884664,7.0,6.0,6.0,4
12,3,81,1.9054073725999654,1.905407372599967,16.808732906786485,16.808732906786503,15.291277852701594,14.357459357880137,5.0,5.0,5.0,4
12,3,82,1.9054073725999658,1.9054073725999654,16.80873290678651,16.80873290678649,15.291277852701615,14.357459357880124,5.0,5.0,5.0,4
12,3,83,2.0692702473306093,2.0692702473306106,17.265323061968658,17.2653230619687,15.70664806331871,14.74746344876493,4.0,4.0,4.0,6
12,3,84,1.280068489671029,1.2800684896710286,16.19457408225207,16.194574082252114,15.744724802189513,14.845026242064439,6.0,5.0,5.0,4
12,3,85,2.424749867530572,2.424749867530573,17.124467999653294,17.124467999653294,15.578509083017927,14.627149749703856,4.0,4.0,4.0,5
12,3,86,2.3462262030236025,2.3462262030236025,17.363413241225967,17.36341324122595,14.469511034354973,13.50487696539796,4.0,4.0,4.0,4
12,3,87,1.169192499176453,1.169192499176453,17.999999999999996,18.00000000000004,14.999999999999996,14.000000000000032,3.0,3.0,3.0,5
12,3,88,0.4777435159050534,0.4777435159050523,16.87211971234068,16.872119712340705,15.348942238309924,14.41160225429102,4.0,4.0,4.0,5
12,3,89,2.753910795810061,2.753910795810059,17.039810126513153,17.039810126513196,14.199841772094295,13.58943153933467,4.0,4.0,4.0,6
12,3,90,1.3066869394829654,1.306686939482965,17.04177374990308,17.041773749903136,16.568391145739103,15.621625937411206,4.0,4.0,4.0,5
12,3,91,2.346226203023603,2.346226203023604,17.36341324122597,17.363413241225963,14.469511034354976,13.504876965397973,4.0,4.0,4.0,4
12,3,92,1.0966998584585874,1.0966998584585879,16.76621265923406,16.766212659234107,13.971843882695051,13.040387623848751,4.0,4.0,4.0,4
12,3,93,1.9218907537046532,1.9218907537046528,17.306695412741817,17.306695412741824,15.744285410202625,14.782802331716974,4.0,4.0,4.0,5
12,3,94,1.3099092094130154,1.3099092094130147,16.871583743451637,16.871583743451627,16.40292863946687,15.465618431497326,4.0,4.0,4.0,4
12,3,95,2.6666666666666687,2.6666666666666696,16.6846584384265,16.684658438426492,13.903882032022084,13.416407864998744,4.0,4.0,4.0,5
12,3,96,1.6755366879194362,1.6755366879194353,16.833852160593374,16.833852160593366,15.314129396095359,13.092996124905952,5.0,5.0,5.0,4
12,3,97,2.0692702473306124,2.069270247330612,17.265323061968665,17.265323061968687,15.706648063318717,14.747463448764918,4.0,4.0,4.0,4
12,3,98,3.3811978464829995,3.381197846483001,16.24264068711927,16.242640687119295,15.791456223588177,14.889087296526021,7.0,6.0,6.0,6
12,3,99,1.1312707395948383,1.1312707395948371,16.165469242625132,16.165469242625164,13.47122436885428,12.573142744264015,5.0,5.0,5.0,4
14,3,0,2.02883918666505,2.02883918666505,19.329818327756286,19.329818327756264,15.878065054942663,14.95759751552568,7.0,6.0,6.0,5
14,3,1,2.677519831951259,2.6775198319512614,19.838757590002484,19.8387575900025,17.611958268675675,16.66725552629462,5.0,5.0,5.0,5
14,3,2,1.116308740731981,1.1163087407319805,18.47444763323758,18.474447633237567,16.400785143792547,15.521049542209795,6.0,6.0,6.0,4
14,3,3,1.1033418480920962,1.103341848092096,20.504065775082413,20.504065775082406,18.202589004409894,17.226204919882157,4.0,4.0,4.0,5
14,3,4,0.49082233099105055,0.4908223309910498,18.949747468305823,18.94974746830586,17.88624123283968,16.98387230577753,5.0,5.0,5.0,6
14,3,5,2.0493592877896427,2.0493592877896414,19.133230827123022,19.133230827123025,15.716582465136765,14.80547623527377,7.0,6.0,6.0,5
14,3,6,2.3367026774494284,2.33670267744943,19.175124944936268,19.17512494493627,15.750995490483364,14.837894302629259,7.0,6.0,6.0,5
14,3,7,1.6107854350935567,1.6107854350935567,19.85225082098243,19.852250820982427,16.307206031521282,15.36186075433164,5.0,5.0,5.0,5
14,3,8,1.8224466948392597,1.8224466948392606,19.154918681483466,19.15491868148341,15.734397488361417,14.822258503528827,6.0,6.0,6.0,5
14,3,9,1.0771875221705431,1.0771875221705425,19.198530881430223,19.198530881430244,15.77022179546054,14.856006039201974,5.0,5.0,5.0,4
14,3,10,1.7183663439941044,1.7183663439941048,19.18418006432205,19.184180064322057,15.758433624264539,14.84490124024921,7.0,6.0,7.0,4
14,3,11,1.9170473562501735,1.9170473562501718,19.278323544224378,19.278323544224424,18.196376814701583,17.2783614078338,7.0,7.0,6.0,5
14,3,12,2.1595214987737,2.159521498773701,20.436885582942914,20.436885582942917,18.142949446081975,17.16976441832279,4.0,4.0,4.0,5
14,3,13,2.3780040757424628,2.3780040757424628,19.890855622657824,19.89085562265787,17.658208562971744,16.711024961892836,5.0,5.0,5.0,5
14,3,14,1.2153496473358891,1.2153496473358885,19.51247261813318,19.51247261813317,18.41738486915632,17.488219506388063,5.0,5.0,5.0,4
14,3,15,1.8510742881263043,1.8510742881263034,19.370280895132844,19.370280895132815,15.911302163859121,14.988907835519441,7.0,7.0,6.0,4
14,3,16,1.1163087407319818,1.1163087407319812,18.474447633237553,18.474447633237528,16.400785143792525,15.521049542209761,7.0,6.0,6.0,4
14,3,17,1.4791386022855753,1.479138602285575,19.901083961609782,19.901083961609714,16.347318968465178,15.399648303626567,5.0,5.0,5.0,5
14,3,18,3.0091448273554895,3.009144827355491,19.802492501312894,19.802492501312855,16.26633312607845,15.444205667113227,5.0,5.0,5.0,6
14,3,19,2.3367026774494293,2.3367026774494293,19.17512494493623,19.17512494493628,15.750995490483332,14.837894302629262,7.0,7.0,6.0,5
14,3,20,2.434597880705217,2.434597880705218,19.91355353889442,19.913553538894465,17.678358753916473,16.730094299683447,4.0,4.0,4.0,5
14,3,21,0.8979479746592604,0.897947974659261,19.02386716289498,19.023867162894998,16.888535134406766,15.982636698078451,5.0,6.0,5.0,4
14,3,22,2.76835988171136,2.7683598817113615,20.088517316898365,20.088517316898383,17.833683740511812,16.877087677802383,5.0,5.0,5.0,5
14,3,23,1.8659725260203437,1.8659725260203446,19.438643122706136,19.43864312270615,15.967456850794324,15.041807178284522,7.0,7.0,6.0,4
14,3,24,2.719528890938801,2.7195288909388013,20.062177826491077,20.06217782649107,17.810300723517592,16.854958922256102,5.0,5.0,5.0,6
14,3,25,1.8922465838646303,1.8922465838646312,20.188520821145318,20.18852082114537,19.05549159138716,18.094133457046958,4.0,4.0,4.0,5
14,3,26,1.4174557842393969,1.4174557842393958,19.231650132097233,19.231650132097283,15.797426894222728,14.881634030789563,6.0,6.0,6.0,5
14,3,27,1.8700962880484282,1.8700962880484286,19.48430994728637,19.484309947286402,16.004968885270944,15.077144602066857,7.0,6.0,6.0,4
14,3,28,1.1546355507075676,1.1546355507075667,20.075431887441443,20.075431887441425,17.822067083749033,16.866094136728,4.0,4.0,4.0,4
14,3,29,2.3780040757424628,2.3780040757424628,19.89085562265784,19.890855622657885,17.658208562971755,16.711024961892846,5.0,5.0,5.0,5
14,3,30,2.3766774033339946,2.3766774033339946,19.66311896062463,19.66311896062466,17.45603417933003,16.519695181205073,7.0,6.0,6.0,5
14,3,31,1.2687526707733514,1.2687526707733514,18.91356180654722,18.913561806547257,16.790610991526613,15.889965191214873,6.0,6.0,6.0,5
14,3,32,1.9169916478335365,1.9169916478335383,19.224905816221252,19.22490581622124,18.14595702041292,17.230485314878564,7.0,7.0,6.0,4
14,3,33,1.6672449783670036,1.6672449783670042,19.77882693128012,19.778826931280136,16.24689355069438,15.30504464920487,5.0,4.0,4.0,6
14,3,34,1.927115323781965,1.9271153237819652,19.83324100295077,19.833241002950825,18.72015094666272,17.775710898903206,5.0,5.0,5.0,5
14,3,35,2.1049644743976264,2.104964474397627,19.884657252617444,19.884657252617433,18.76868159048075,17.821793149879912,4.0,5.0,4.0,5
14,3,36,1.085487172195455,1.085487172195455,18.94974746830583,18.94974746830583,16.82273499737354,15.920366070311362,7.0,6.0,6.0,5
14,3,37,2.843150496195354,2.843150496195357,20.246256260259536,20.24625626025959,17.973717292271218,17.00960985130653,4.0,4.0,4.0,4
14,3,38,1.8700962880484298,1.8700962880484295,19.48430994728638,19.48430994728635,16.004968885270955,15.077144602066818,7.0,6.0,6.0,4
14,3,39,1.3249878273837823,1.3249878273837807,18.606929102393106,18.606929102393153,16.518396243961227,15.632352000990167,7.0,6.0,6.0,5
14,3,40,2.220327156995634,2.2203271569956358,19.939354624999396,19.939354624999456,16.378755584820933,15.429262507440056,6.0,5.0,5.0,5
14,3,41,1.3268820909961385,1.3268820909961379,19.62709628580918,19.627096285809174,17.424054865973453,16.48943123331587,6.0,5.0,5.0,5
14,3,42,1.2252955903661922,1.2252955903661922,18.786516933606762,18.78651693360676,17.73217159549618,16.83757555103871,6.0,6.0,6.0,5
14,3,43,2.4095820417757823,2.4095820417757836,19.183676863903326,19.183676863903347,17.030407011832544,16.11689858974193,7.0,7.0,6.0,5
14,3,44,2.335999874443078,2.3359998744430794,20.234553778441498,20.234553778441455,17.96332835433072,16.999778174404895,4.0,4.0,4.0,6
14,3,45,1.9838316311101931,1.983831631110192,18.796628430031603,18.79662843003158,17.741715609978808,15.791725245638778,8.0,8.0,7.0,4
14,3,46,1.7781123063515758,1.778112306351575,18.697325404991258,18.697325404991208,17.64798571389481,16.75763688508566,7.0,7.0,7.0,6
14,3,47,2.5285352832738526,2.528535283273855,19.398932018294374,19.398932018294396,17.221500873383782,15.011078347489711,7.0,6.0,6.0,5
14,3,48,1.0201425471514003,1.020142547151399,19.90340354624994,19.90340354624991,17.66934804616066,16.72156692491064,4.0,4.0,4.0,5
14,3,49,1.5971581720563557,1.5971581720563572,19.16898298722218,19.1689829872222,15.745950310932505,14.833141597255276,7.0,6.0,6.0,5
14,3,50,2.4007566614993605,2.4007566614993605,20.281859674328633,20.281859674328643,18.005324404761133,17.039521563126446,4.0,4.0,4.0,4
14,3,51,0.864110450371518,0.8641104503715168,19.486178878112447,19.48617887811242,17.298954718324314,16.371041438414178,4.0,4.0,4.0,5
14,3,52,3.1718009830805993,3.1718009830805993,19.293617559003202,19.293617559003216,17.128007424829374,16.20926373154352,7.0,6.0,7.0,6
14,3,53,1.0458450042625258,1.0458450042625265,20.413928463466497,20.41392846346647,18.122569146138623,17.15047731454496,4.0,4.0,4.0,6
14,3,54,1.4981513606620864,1.4981513606620867,20.186396755523912,20.18639675552391,16.581683049180356,15.620426060822073,5.0,4.0,4.0,4
14,3,55,1.6981430358165972,1.6981430358165976,18.7163040072953,18.716304007295268,16.615494373823378,15.724241802047386,7.0,7.0,7.0,4
14,3,56,2.033859427379928,2.033859427379926,20.28269401681333,20.282694016813362,19.14437955668605,18.178536984456873,5.0,4.0,4.0,5
14,3,57,2.448389252872164,2.448389252872164,19.377528709538744,19.37752870953871,15.91725572569254,14.994516263333525,7.0,6.0,6.0,5
14,3,58,2.541094123074899,2.541094123074901,19.218848552505282,19.21884855250523,17.061630857836324,16.146447593431265,7.0,7.0,6.0,4
14,3,59,0.8055227245895424,0.8055227245895417,18.949747468305798,18.949747468305887,16.822734997373512,15.920366070311408,4.0,4.0,4.0,6
14,3,60,1.076825174627456,1.0768251746274553,19.18119364722946,19.181193647229456,17.028202523560847,16.114812349883252,6.0,5.0,5.0,5
14,3,61,1.9933202429354298,1.993320242935431,19.91779680574833,19.917796805748278,18.799961270731846,17.851494756172354,5.0,5.0,5.0,5
14,3,62,1.1260041711057551,1.1260041711057553,20.515566416370564,20.51556641637056,18.212798757390193,17.235867023277308,4.0,4.0,4.0,5
14,3,63,2.1109510935845597,2.11095109358456,18.770680551165952,18.770680551165977,16.663767428075893,15.769925497068014,7.0,7.0,7.0,5
14,3,64,3.1111111111111205,3.111111111111118,19.79404833542441,19.794048335424396,17.572267399815548,15.652475842498541,5.0,5.0,5.0,5
14,3,65,1.7642418791602177,1.7642418791602175,20.47924120065109,20.479241200651074,16.822233843391967,15.84703188145619,4.0,4.0,4.0,6
14,3,66,1.0458450042625262,1.045845004262526,20.413928463466526,20.413928463466476,18.12256914613865,17.150477314544965,4.0,4.0,4.0,6
14,3,67,1.678429293274959,1.6784292932749605,19.362311101832837,19.36231110183285,15.904755547934117,14.982740733561137,6.0,6.0,6.0,4
14,3,68,1.2252955903661926,1.2252955903661926,18.78651693360678,18.78651693360676,17.732171595496194,16.837575551038714,6.0,6.0,6.0,5
14,3,69,1.8590277739241967,1.8590277739241974,18.949747468305823,18.949747468305816,17.88624123283968,16.983872305777492,7.0,7.0,6.0,5
14,3,70,1.8657616398926353,1.865761639892636,18.449178363095523,18.4491783630955,15.154682226828466,14.2761499238239,7.0,7.0,7.0,4
14,3,71,1.5971581720563566,1.5971581720563564,19.168982987222165,19.1689829872222,15.745950310932493,14.833141597255276,7.0,6.0,6.0,5
14,3,72,1.8643409591286504,1.8643409591286508,20.395855855558768,20.39585585555875,19.25119047591006,18.27995924469296,4.0,4.0,4.0,5
14,3,73,1.324987827383782,1.324987827383781,18.606929102393142,18.60692910239315,16.51839624396126,15.632352000990164,6.0,7.0,6.0,5
14,3,74,2.5657945395024178,2.5657945395024178,20.179632236437442,20.179632236437435,16.576126479930753,15.615191611528967,4.0,4.0,4.0,5
14,3,75,1.5892436038963713,1.5892436038963715,19.920355107711973,19.92035510771203,16.36314883847769,15.414560500015263,5.0,5.0,5.0,4
14,3,76,1.406783460671975,1.4067834606719736,19.876227838532117,19.87622783853217,16.326901438794238,15.38041439886418,5.0,5.0,5.0,5
14,3,77,1.2252955903661933,1.2252955903661928,18.786516933606777,18.78651693360678,17.73217159549619,16.83757555103873,6.0,6.0,6.0,5
14,3,78,2.4399621586597036,2.439962158659704,19.231771729573136,19.231771729573133,17.073103474212886,16.157304820423686,7.0,6.0,6.0,4
14,3,79,2.4025676017500115,2.4025676017500124,19.35834527787182,19.3583452778718,17.18546978749845,16.263643821885495,7.0,7.0,6.0,6
14,3,80,1.6468475708151291,1.6468475708151298,20.171887031190433,20.171887031190437,16.569764347049283,15.609198297944982,4.0,4.0,4.0,5
14,3,81,1.8360283270061606,1.8360283270061621,19.199219546920695,19.19921954692076,17.044205107980616,16.129956558127304,7.0,6.0,6.0,6
14,3,82,1.004917871539588,1.004917871539588,19.245798517697104,19.24579851769708,17.08555582693518,16.169089230854347,5.0,5.0,5.0,5
14,3,83,1.8224466948392652,1.822446694839262,18.949747468305848,18.949747468305837,16.82273499737356,15.920366070311369,7.0,7.0,6.0,4
14,3,84,0.0,0.0,18.949747468305837,18.94974746830585,16.82273499737355,15.92036607031138,4.0,4.0,4.0,4
14,3,85,1.5971581720563557,1.5971581720563555,19.16898298722219,19.16898298722213,15.74595031093251,14.833141597255219,7.0,7.0,6.0,5
14,3,86,0.8694861851042288,0.8694861851042291,19.636320806456865,19.636320806456908,17.43224398124232,16.49718108569679,4.0,4.0,4.0,5
14,3,87,2.4483892528721634,2.448389252872163,19.37752870953872,19.3775287095387,15.917255725692518,14.99451626333352,7.0,6.0,6.0,5
14,3,88,1.6638304147921459,1.6638304147921446,19.831686883125965,19.831686883125926,16.290314225424897,15.345948183371252,5.0,5.0,5.0,4
14,3,89,1.3116520854976905,1.3116520854976912,18.722910734364046,18.722910734364024,16.62135952948645,15.729792351659572,7.0,6.0,6.0,4
14,3,90,1.7712433450298941,1.7712433450298941,19.41803890048692,19.418038900486913,15.950531953971396,15.025863434900588,7.0,6.0,6.0,5
14,3,91,1.5971581720563557,1.5971581720563575,19.168982987222165,19.168982987222144,15.745950310932493,14.833141597255231,7.0,7.0,6.0,5
14,3,92,2.484305529604635,2.484305529604635,20.098574380711987,20.098574380712016,17.84261195022391,16.885536979713837,5.0,5.0,5.0,5
14,3,93,1.0854871721954549,1.0854871721954555,18.949747468305848,18.949747468305834,16.82273499737356,15.920366070311363,7.0,6.0,6.0,5
14,3,94,2.444338576158779,2.44433857615878,20.062177826491084,20.062177826491045,17.810300723517592,15.524304270499023,5.0,5.0,5.0,4
14,3,95,1.4174557842393969,1.4174557842393964,19.231650132097258,19.23165013209723,15.797426894222745,14.881634030789522,6.0,6.0,6.0,5
14,3,96,2.448389252872164,2.4483892528721647,19.377528709538634,19.377528709538723,15.91725572569245,14.994516263333535,7.0,6.0,6.0,5
14,3,97,2.3895623868042657,2.3895623868042692,19.863734321330732,19.863734321330725,17.634131489344632,16.688239378805065,5.0,5.0,5.0,4
14,3,98,1.9838316311101931,1.9838316311101913,18.79662843003158,18.79662843003158,17.741715609978787,15.791725245638775,8.0,7.0,7.0,4
14,3,99,2.412679857335867,2.4126798573358674,19.184180064322042,19.18418006432206,17.03085373057161,16.117321346556288,7.0,7.0,6.0,5
16,3,0,2.14751236195596,2.147512361955959,22.550686808155206,22.550686808155238,18.322433031626105,17.38282108128633,8.0,6.0,6.0,6
16,3,1,1.531003983003667,1.5310039830036675,23.120760042077755,23.12076004207787,20.14034956790367,19.176984566150523,5.0,5.0,5.0,5
16,3,2,1.9826405024362426,1.9826405024362417,22.423659386059843,22.42365938605981,20.671810996523917,19.737491855438062,7.0,7.0,6.0,5
16,3,3,2.48368438752033,2.4836843875203307,21.982307005095947,21.982307005095947,19.148650242720297,18.23272078417463,8.0,7.0,8.0,6
16,3,4,1.6691046717467062,1.6691046717467048,23.033798771185673,23.03379877118562,18.71496150158836,17.75521988612225,5.0,5.0,5.0,4
16,3,5,1.8794441531431743,1.8794441531431751,22.157486419384103,22.1574864193841,19.30124793563537,18.378019334827698,7.0,7.0,6.0,5
16,3,6,1.6338634206279918,1.6338634206279914,21.93981530166695,21.93981530166701,19.111635985436447,18.19747701453371,8.0,7.0,7.0,5
16,3,7,2.2237232989369633,2.2237232989369637,22.574558346252253,22.574558346252328,19.664556684430675,18.72395008667023,7.0,6.0,6.0,6
16,3,8,1.0751370402649043,1.075137040264905,21.845149113447246,21.845149113447288,20.13849683895918,19.22828229256558,7.0,6.0,6.0,5
16,3,9,1.920876664557033,1.9208766645570332,21.915306607192345,21.915306607192353,20.203173278505442,19.290035503205768,8.0,8.0,8.0,6
16,3,10,0.6055816281497843,0.6055816281497838,23.791256828977456,23.791256828977424,19.330396173544184,18.3390938056701,4.0,4.0,4.0,5
16,3,11,2.4790199547306875,2.479019954730688,22.472135954999604,22.472135954999576,18.25861046343718,20.745760927206643,7.0,6.0,6.0,7
16,3,12,1.7249734456827268,1.7249734456827257,23.45285386330976,23.4528538633098,20.429634419992485,19.45243217568795,4.0,4.0,4.0,6
16,3,13,2.24694257090226,2.2469425709022617,22.395525855753345,22.395525855753306,18.196364757799593,17.263217847143174,8.0,7.0,6.0,5
16,3,14,3.0195573388106776,3.019557338810678,22.852802015423848,22.85280201542376,19.906933005623117,18.95473292164705,5.0,6.0,5.0,5
16,3,15,1.2157531246168698,1.2157531246168725,21.48761378197029,21.487613781970254,19.80889395525386,18.9135767143384,7.0,7.0,7.0,5
16,3,16,3.0288243452241224,3.028824345224123,22.861943849803332,22.861943849803335,19.91489640041462,18.96231540667282,7.0,6.0,6.0,6
16,3,17,2.466826885629472,2.466826885629473,22.94102129729142,22.941021297291442,19.983780270687447,19.027904383300324,5.0,5.0,5.0,6
16,3,18,1.789247860770459,1.7892478607704585,21.924237341283686,21.924237341283686,17.813442839792994,16.899932950572843,8.0,7.0,7.0,4
16,3,19,3.0815363422748465,3.0815363422748465,23.13046910006789,23.130469100067856,18.79350614380516,17.829736597968974,5.0,5.0,5.0,6
16,3,20,1.0824395315787503,1.0824395315787505,21.803705799337838,21.803705799337823,18.993071848641943,18.084584107002858,7.0,6.0,6.0,6
16,3,21,2.366918203253942,2.366918203253942,22.46406332694431,22.464063326944327,19.568305163705393,18.632302525082732,7.0,7.0,6.0,7
16,3,22,1.883113128715205,1.883113128715206,23.112155384172528,23.112155384172453,21.306518244784048,20.343511770443463,5.0,5.0,5.0,5
16,3,23,2.360841707947687,2.3608417079476856,22.148824535646728,22.14882453564674,17.995919935212967,17.073052246227697,8.0,7.0,7.0,6
16,3,24,2.147512361955959,2.1475123619559593,22.55068680815525,22.550686808155255,18.32243303162614,17.382821081286345,6.0,7.0,6.0,6
16,3,25,2.2694965576391155,2.2694965576391146,21.95122543690122,21.951225436901225,17.83537066748224,16.920736274278028,7.0,8.0,7.0,6
16,3,26,1.249987696232007,1.2499876962320065,21.48588841241881,21.485888412418824,18.71622310925545,17.820977758738007,6.0,6.0,6.0,5
16,3,27,2.3503556883405157,2.350355688340515,22.502805943985653,22.50280594398568,20.744774229611775,19.807157315279063,7.0,7.0,6.0,5
16,3,28,2.360841707947686,2.3608417079476873,22.148824535646757,22.148824535646767,17.99591993521299,17.073052246227718,7.0,8.0,7.0,6
16,3,29,2.2039107619060285,2.2039107619060307,22.403957543907893,22.403957543907996,18.203215504425163,17.26971727342908,7.0,6.0,7.0,5
16,3,30,1.7304904405949713,1.73049044059497,21.5780100322123,21.578010032212347,18.796469676497434,17.897385925155294,7.0,7.0,7.0,4
16,3,31,2.655404233829276,2.6554042338292754,23.163712706760936,23.163712706760933,21.354047651545237,20.388892955430197,5.0,5.0,5.0,6
16,3,32,1.787679103025672,1.7876791030256731,22.28758163932435,22.287581639324365,20.546364323752137,19.617715088780304,7.0,6.0,7.0,5
16,3,33,2.300388563337744,2.300388563337744,21.524625778936073,21.52462577893605,19.843014389956693,18.946154982501,9.0,8.0,8.0,5
16,3,34,2.2554356731264265,2.2554356731264273,22.52739653894634,22.52739653894639,18.303509687893904,17.364868165437844,7.0,7.0,6.0,6
16,3,35,1.295879463831163,1.2958794638311637,22.92915125624794,22.92915125624797,18.62993539570145,17.674554093357813,5.0,5.0,5.0,6
16,3,36,0.7855727874092755,0.7855727874092748,23.696194713625637,23.69619471362556,19.25315820482083,18.265816758419703,4.0,4.0,4.0,6
16,3,37,2.3168852412489915,2.31688524124899,21.86025087358535,21.860250873585382,17.761453834788096,16.85061004838873,7.0,7.0,7.0,7
16,3,38,2.8031508756328685,2.8031508756328676,23.126613810124844,23.12661381012483,20.145448748663437,17.826764811971223,5.0,5.0,5.0,6
16,3,39,1.3527180843813063,1.3527180843813067,22.247123905391568,22.247123905391582,21.464998455592646,20.53803495953468,6.0,6.0,6.0,5
16,3,40,2.1749391736146375,2.1749391736146375,21.940123308165454,21.940123308165496,17.82635018788443,16.912178383377572,8.0,7.0,7.0,5
16,3,41,2.658632742331861,2.6586327423318616,22.475565279565167,22.475565279565284,20.719661742099138,19.78317985545069,6.0,6.0,6.0,5
16,3,42,1.6232704851046589,1.6232704851046587,22.871076815435703,22.8710768154357,19.922852069695946,18.969890535719458,5.0,5.0,5.0,5
16,3,43,1.9717187111378882,1.9717187111378909,22.351773135442578,22.351773135442624,20.605540859236125,19.674216978592728,7.0,7.0,7.0,6
16,3,44,2.0401417229520025,2.0401417229520025,23.489127193944217,23.489127193944242,19.084915845079678,18.10620221199869,4.0,4.0,4.0,6
16,3,45,1.4077450233456272,1.4077450233456268,23.06936773288951,23.069367732889518,21.267073378757516,20.30584972322046,5.0,5.0,5.0,5
16,3,46,3.00326860909264,3.003268609092639,23.153274381820488,23.15327438182047,20.16867260603894,19.20395284012974,6.0,5.0,5.0,6
16,3,47,2.120074215253337,2.1200742152533367,23.368126106987173,23.368126106987237,18.986602461927077,18.012930540802664,4.0,4.0,4.0,5
16,3,48,3.0052896098325337,3.0052896098325323,22.845655678299917,22.845655678299856,18.56209523861868,18.948805556089855,6.0,6.0,6.0,5
16,3,49,1.3527180843813085,1.3527180843813087,22.24712390539162,22.247123905391625,21.464998455592696,20.53803495953472,6.0,6.0,6.0,5
16,3,50,2.172842913849877,2.172842913849877,22.15758697875688,22.15758697875691,18.003039420239965,17.079806629458453,7.0,7.0,7.0,5
16,3,51,1.0332767780899232,1.033276778089923,23.424898802236534,23.424898802236527,20.405282941010732,19.429245490917538,4.0,4.0,4.0,5
16,3,52,1.7613318922383747,1.7613318922383727,23.465063007584252,23.465063007584327,20.440269729262845,19.462558770613562,4.0,4.0,4.0,4
16,3,53,2.3236697496518914,2.3236697496518905,22.326190126782794,22.326190126782812,20.58195652312789,19.651698601178623,7.0,6.0,6.0,6
16,3,54,2.7321256221015484,2.7321256221015493,22.98711794503548,22.987117945035493,21.191249355579583,20.23345277453645,5.0,5.0,5.0,6
16,3,55,2.686681245597116,2.686681245597116,22.904135049946987,22.90413504994703,19.95164889116476,18.997309930750337,5.0,5.0,5.0,5
16,3,56,1.9040682313475163,1.9040682313475172,22.184210138214436,22.18421013821442,20.451068721166433,19.52672663207415,7.0,7.0,7.0,6
16,3,57,1.3548219642012247,1.354821964201225,22.572156272414478,22.57215627241448,20.808706563632096,19.868200052281498,5.0,5.0,5.0,6
16,3,58,1.849815358066914,1.8498153580669134,22.164127489591635,22.164127489591586,19.307032930386463,18.383527618320105,6.0,6.0,6.0,6
16,3,59,1.7853724110329265,1.785372411032925,21.757755426815994,21.757755426815994,18.953044766327995,18.046471623543994,8.0,7.0,7.0,6
16,3,60,2.171262213763894,2.1712622137638924,21.826083397673106,21.82608339767314,17.733692760609397,16.82427261903971,8.0,7.0,7.0,5
16,3,61,1.969247087757192,1.9692470877571933,21.89406107645569,21.89406107645569,20.18358755485759,19.271335010005266,8.0,7.0,7.0,6
16,3,62,1.9908061919140339,1.9908061919140354,23.014560102224557,23.014560102224525,21.216547594238264,20.25760758997888,5.0,5.0,5.0,6
16,3,63,1.2617043701178723,1.2617043701178732,22.18252185917562,22.18252185917573,19.323056150766263,18.398784406634036,6.0,6.0,6.0,6
16,3,64,1.174405526686664,1.1744055266866649,22.29806745148828,22.298067451488265,19.42370719406987,18.494621050257848,7.0,6.0,6.0,5
16,3,65,1.1280356003503755,1.1280356003503744,23.456812331963324,23.456812331963285,21.62424886852869,20.64688168803018,4.0,4.0,4.0,5
16,3,66,1.486058121441121,1.4860581214411184,21.162975820829672,21.162975820829708,18.434935968925846,17.55314530972464,7.0,7.0,7.0,5
16,3,67,2.6684789503081827,2.6684789503081823,22.966151031743866,22.966151031743884,20.005670625308134,19.048747665652154,6.0,6.0,6.0,6
16,3,68,1.846159567960579,1.8461595679605782,22.18819538331509,22.18819538331507,19.32799832218463,18.40349018121315,7.0,7.0,7.0,5
16,3,69,2.01903348379961,2.0190334837996105,23.032177450948215,23.03217745094821,22.222452462438316,21.26277840198214,5.0,5.0,5.0,5
16,3,70,1.3224169757273954,1.3224169757273936,22.731032413621737,22.731032413621726,20.95517050630754,20.00804415573996,5.0,6.0,5.0,5
16,3,71,2.106361756717772,2.106361756717772,22.24697441093119,22.246974410931266,18.07566670888159,17.148709441759518,8.0,7.0,7.0,5
16,3,72,1.3721452478536034,1.3721452478536023,21.636767764477735,21.63676776447777,18.847653169838026,17.946121179651485,7.0,7.0,7.0,5
16,3,73,1.6270373564850755,1.6270373564850762,23.421734871392495,23.42173487139251,20.402526860627056,19.426621240985714,4.0,4.0,4.0,5
16,3,74,1.7653173371039044,1.7653173371039035,22.81666807384731,22.81666807384735,19.87545695495293,18.924762451875992,6.0,6.0,6.0,5
16,3,75,1.9692470877571924,1.9692470877571928,21.894061076455714,21.89406107645567,20.18358755485761,19.271335010005252,8.0,8.0,7.0,6
16,3,76,2.692393290512785,2.6923932905127828,22.67879961913045,22.678799619130462,20.907018398885885,19.96206841475546,7.0,6.0,6.0,5
16,3,77,2.068254157931661,2.068254157931663,22.82867835073669,22.828678350736723,18.548301159973562,17.597106228692894,7.0,6.0,6.0,5
16,3,78,2.3041990948084057,2.304199094808404,21.70391273188518,21.703912731885172,18.906142731290604,18.00181303412872,8.0,7.0,7.0,6
16,3,79,2.132633054413349,2.132633054413348,22.365035435546066,22.365035435546154,18.17159129138118,17.23971481490016,7.0,6.0,7.0,5
16,3,80,2.728421882180752,2.728421882180753,22.36817649261869,22.368176492618733,19.484778741617063,18.552771387757986,7.0,6.0,7.0,6
16,3,81,2.171368286589382,2.1713682865893826,22.255958234791276,22.25595823479125,18.082966065767913,17.155634472651588,7.0,7.0,7.0,5
16,3,82,1.0266325427982539,1.0266325427982532,22.04765538946447,22.04765538946448,17.913720003939883,16.99506769604554,6.0,5.0,5.0,6
16,3,83,2.644588198174775,2.644588198174775,22.846580713866626,22.84658071386663,19.901513668719755,18.949572805641985,5.0,5.0,5.0,5
16,3,84,2.513894023965554,2.513894023965552,22.112096389799724,22.11209638979974,19.261708964552103,18.340371614977126,7.0,7.0,7.0,5
16,3,85,2.106095964611347,2.106095964611347,23.16524678138938,23.165246781389392,22.35084357423116,21.38562495833995,5.0,5.0,5.0,5
16,3,86,1.1108350394266517,1.1108350394266517,23.522797297194884,23.522797297194835,21.685078758351533,20.7049622043017,4.0,4.0,4.0,5
16,3,87,1.9860571070502644,1.986057107050263,22.12027353802403,22.120273538024026,17.972722249644523,17.051044185560187,7.0,7.0,7.0,5
16,3,88,2.8084426615844205,2.8084426615844222,21.872267801258936,21.872267801258925,21.103320886370927,20.191976394651796,8.0,8.0,7.0,7
16,3,89,2.281356510863135,2.2813565108631337,22.55298435317882,22.55298435317886,18.32429978695779,17.384592105575372,7.0,6.0,7.0,6
16,3,90,1.3493256404822083,1.3493256404822065,23.068196939954184,23.06819693995415,21.265994054020265,20.30481918152214,5.0,5.0,5.0,6
16,3,91,2.2998044915007263,2.2998044915007263,23.325447256814694,23.32544725681461,18.95192589616194,17.98003226046126,4.0,4.0,4.0,6
16,3,92,1.9906557801157894,1.990655780115791,22.165348244707733,22.165348244707722,21.386097720479725,20.462541543616894,7.0,7.0,7.0,5
16,3,93,2.501951178200402,2.5019511782004007,22.413052926755203,22.41305292675522,18.210605502988603,18.589993117634215,7.0,6.0,6.0,5
16,3,94,1.3363789899023244,1.3363789899023237,22.28668615210495,22.286686152105016,20.54553879647175,19.616926873467435,6.0,6.0,6.0,5
16,3,95,2.294726748551605,2.2947267485516063,22.464136775636725,22.464136775636696,19.568369144402304,18.632363445417415,8.0,6.0,6.0,6
16,3,96,2.1305753949542776,2.1305753949542785,21.603102680676493,21.603102680676457,18.81832772574554,16.652391649688102,8.0,8.0,8.0,8
16,3,97,2.1893375523466108,2.1893375523466108,23.022099616064374,23.022099616064274,20.054407087431077,19.095152936761643,5.0,5.0,5.0,6
16,3,98,1.5920370029618094,1.5920370029618107,22.26159482084436,22.261594820844312,18.08754579193604,17.15997934106749,7.0,6.0,7.0,5
16,3,99,1.9402000025176716,1.9402000025176716,22.22467553927782,22.22467553927772,18.057548875663226,17.13152072819324,9.0,7.0,7.0,5
18,3,0,1.8661906388737888,1.8661906388737894,25.559260216481373,25.559260216481395,21.93047635858587,20.9838370913088,7.0,6.0,6.0,6
18,3,1,2.6549668784699136,2.6549668784699114,25.935466739413645,25.935466739413652,24.494607476112886,23.534034633912388,5.0,5.0,5.0,6
18,3,2,2.104547592137061,2.1045475921370627,25.01858550527428,25.018585505274288,21.466564106377316,20.5399498284042,7.0,7.0,7.0,7
18,3,3,1.6304955558096879,1.63049555580969,25.803061415199014,25.803061415199068,20.78579947335476,19.830130532051136,6.0,7.0,6.0,6
18,3,4,1.7567225890786735,1.756722589078674,24.483813814854148,24.483813814854127,22.14122669059341,21.23441877152472,8.0,8.0,7.0,6
18,3,5,1.9011465515134534,1.9011465515134531,25.7703083692868,25.77030836928678,22.111560884758426,21.15710501922927,7.0,7.0,6.0,6
18,3,6,1.5515423639585197,1.5515423639585182,24.07274590804684,24.072745908046898,20.65501037789204,19.763427196112577,8.0,7.0,7.0,5
18,3,7,0.8844006500682514,0.8844006500682514,24.689926442059832,24.68992644205993,21.184566515100723,20.27012479502451,6.0,5.0,5.0,5
18,3,8,2.5053345424034847,2.5053345424034847,24.745067910840163,24.74506791084015,22.37748425270422,21.46100025600642,9.0,9.0,8.0,6
18,3,9,2.747586918094278,2.7475869180942794,25.031275975415717,25.031275975415664,21.477452843103613,20.5503685477178,9.0,8.0,8.0,7
18,3,10,2.46332675378131,2.4633267537813115,25.33038353153881,25.33038353153878,22.906797452903923,21.96863509988394,7.0,6.0,6.0,6
18,3,11,1.1156546631831439,1.1156546631831439,24.79774921308489,24.797749213084863,23.42009647902462,22.50166132298441,7.0,6.0,6.0,4
18,3,12,1.7734161587815431,1.7734161587815418,26.056800362960125,26.056800362960136,22.35737808920653,21.3923114090969,5.0,5.0,5.0,6
18,3,13,2.1713781984119875,2.1713781984119858,25.487926846701875,25.487926846701814,21.86927056599729,20.92527327537865,7.0,6.0,7.0,6
18,3,14,1.4394461327896557,1.4394461327896542,25.61379242529335,25.613792425293337,20.633332787041866,19.684673808327286,7.0,7.0,7.0,6
18,3,15,3.04534484549466,3.0453448454946614,25.929023758840003,25.929023758839996,20.88726913906556,19.926934925775182,7.0,6.0,6.0,7
18,3,16,2.99575141748966,2.9957514174896613,25.55162223317828,25.551622233178193,20.58325124339361,19.636894864386942,7.0,6.0,6.0,6
18,3,17,1.7277388149436905,1.7277388149436912,26.498294810939136,26.49829481093917,23.96296413458385,22.981545808252797,4.0,4.0,4.0,6
18,3,18,2.2584155759565183,2.258415575956519,25.601613456537372,25.601613456537386,21.96681648431293,21.018608578515263,7.0,6.0,6.0,7
18,3,19,1.4220376815714202,1.4220376815714195,25.415193702493042,25.415193702493035,24.003238496798986,23.061935026336272,6.0,6.0,6.0,6
18,3,20,2.832257022196412,2.8322570221964143,25.971806755575447,25.971806755575518,20.921733219769113,19.95981445104415,7.0,6.0,6.0,5
18,3,21,2.3025870341355135,2.302587034135512,25.02698765763971,25.02698765763975,21.473773360567407,21.70550472776781,8.0,8.0,8.0,7
18,3,22,2.5091030298519406,2.509103029851942,25.131902946990863,25.131902946990884,20.24514404063153,19.314332820372623,8.0,8.0,7.0,6
18,3,23,2.162864374932984,2.1628643749329846,25.453441474935513,25.453441474935456,21.83968126553109,20.8969612109038,7.0,6.0,6.0,6
18,3,24,1.4416387058606581,1.4416387058606606,26.19224638775691,26.192246387756885,24.73712158843708,23.767038388890505,4.0,4.0,4.0,4
18,3,25,2.3920351124535557,2.3920351124535553,24.87795126844989,24.87795126844991,21.345896458731698,20.424490856196527,9.0,8.0,8.0,6
18,3,26,0.519604624609334,0.5196046246093347,24.76709665821309,24.76709665821308,23.39114684386792,22.473846967637794,7.0,6.0,6.0,5
18,3,27,1.8734880977530892,1.8734880977530892,24.98727757140352,24.98727757140351,21.4397011260808,20.514246401213992,8.0,8.0,7.0,6
18,3,28,2.351067005557013,2.351067005557012,26.053307080976268,26.053307080976282,23.56055239112977,22.595615091834368,5.0,5.0,5.0,7
18,3,29,1.8801111279512677,1.8801111279512681,25.624239921703392,25.624239921703392,23.172537953886092,22.22349203086004,7.0,6.0,6.0,7
18,3,30,2.3401388458117425,2.3401388458117465,25.605928615084697,25.60592861508476,21.970518996893663,21.022151270409093,7.0,7.0,6.0,5
18,3,31,1.6049745611270847,1.6049745611270843,25.1465900702961,25.1465900702961,22.74058916850851,21.809233980719764,7.0,7.0,7.0,6
18,3,32,2.5254025124510866,2.525402512451086,24.986946869612176,24.986946869612165,22.59622047159373,21.670777994941414,7.0,7.0,7.0,6
18,3,33,3.2669276109566234,3.2669276109566243,25.20781237334651,25.20781237334648,22.79595378206953,21.86233110157519,8.0,8.0,8.0,7
18,3,34,1.360947385472793,1.3609473854727916,24.78325466970895,24.783254669708924,22.41201734019976,21.494119019099408,7.0,7.0,7.0,5
18,3,35,1.9265827793139167,1.926582779313917,25.273387573084516,25.273387573084516,20.359117767206975,19.42306637561125,7.0,7.0,6.0,6
18,3,36,2.6914563624665018,2.691456362466502,25.2560348664187,25.256034866418766,23.85292181828433,22.917513119528135,7.0,8.0,7.0,6
18,3,37,2.2995421734848405,2.299542173484843,25.54429921054989,25.54429921054988,21.917639446089105,20.9715542901428,8.0,7.0,7.0,6
18,3,38,2.4463308759858946,2.446330875985894,25.75022066420903,25.75022066420904,22.094325137808983,21.1406132613568,7.0,7.0,6.0,5
18,3,39,3.097987089849163,3.097987089849162,24.981517037172807,24.98151703717288,20.123999835500317,19.19875846375323,8.0,8.0,8.0,7
18,3,40,2.544488315785113,2.544488315785112,26.243098043676696,26.243098043676703,23.73218434196689,22.760217747756645,5.0,5.0,5.0,6
18,3,41,2.5936302825517608,2.5936302825517656,25.016127964563147,25.016127964563154,22.62260954820062,21.696086290253845,9.0,7.0,7.0,5
18,3,42,2.06656717793763,2.06656717793763,25.37907785683719,25.379077856837128,21.77587544506401,20.83590959851443,7.0,6.0,6.0,6
18,3,43,2.449131577302251,2.44913157730225,25.959611164436886,25.95961116443694,22.273987357140292,21.312520276976006,6.0,6.0,6.0,6
18,3,44,0.5298799721381793,0.5298799721381778,24.697374211519115,24.69737421151919,23.325297866434717,22.41058030304519,7.0,7.0,7.0,6
18,3,45,1.6424021904339932,1.6424021904339954,25.293042455207246,25.2930424552073,20.37495086669473,19.438171516501907,7.0,6.0,6.0,5
18,3,46,2.1008899502753935,2.1008899502753935,26.193894724498342,26.193894724498477,22.475008436452285,21.504864187396898,5.0,5.0,5.0,5
18,3,47,1.9020628737544587,1.902062873754458,24.713623866490007,24.713623866489982,21.2048994903834,20.28958008792079,7.0,7.0,7.0,5
18,3,48,1.5407295321595327,1.54072953215953,25.266429943944622,25.2664299439445,22.84896288140671,21.913169179779025,8.0,7.0,7.0,5
18,3,49,2.231956546045919,2.2319565460459194,25.57002316994421,25.57002316994411,21.939711238408922,20.99267334322572,8.0,7.0,7.0,6
18,3,50,1.3682405328083544,1.3682405328083542,25.444155590575345,25.444155590575342,21.83171374746897,20.889337614484692,7.0,7.0,6.0,5
18,3,51,1.4782717455348067,1.4782717455348056,25.683131964184682,25.683131964184597,24.25629129950775,23.305064189723055,5.0,5.0,5.0,5
18,3,52,2.1547623776763625,2.154762377676362,25.464694575367027,25.464694575366977,20.513226185712327,19.570089349587583,7.0,7.0,6.0,5
18,3,53,1.6350071359412688,1.6350071359412695,25.66542928447621,25.665429284476268,20.674929145828056,19.7243576908475,7.0,6.0,6.0,5
18,3,54,1.332383436057055,1.332383436057053,24.82034005169661,24.82034005169668,21.296464612258205,20.377192758491717,7.0,7.0,7.0,6
18,3,55,1.5966238255295044,1.5966238255295035,24.926427850521534,24.926427850521613,21.38749056310181,20.46428953160108,8.0,7.0,7.0,6
18,3,56,1.234308922038468,1.2343089220384689,26.33114471678394,26.331144716783953,23.811806796350908,22.83657921424781,4.0,4.0,4.0,6
18,3,57,1.88359415181385,1.8835941518138524,24.981128089497723,24.981128089497748,20.12368651653983,19.19845955026216,8.0,8.0,8.0,6
18,3,58,1.5447799687901502,1.5447799687901484,26.04780411935198,26.047804119352044,23.555575947438676,22.590842461536802,6.0,5.0,5.0,6
18,3,59,2.6523276415058485,2.6523276415058485,25.734524314268427,25.734524314268448,22.08085728199575,21.127726751837677,8.0,6.0,6.0,7
18,3,60,1.778849046644797,1.7788490466447957,25.949079179246354,25.94907917924637,23.46629691209624,22.5052199054575,5.0,5.0,5.0,6
18,3,61,2.741141545556639,2.7411415455566397,25.948565964593005,25.94856596459297,22.26451030295326,21.3034523042646,6.0,5.0,5.0,6
18,3,62,1.6506342499718891,1.6506342499718898,25.647749738669997,25.64774973867001,23.193798374784905,22.243881717797137,6.0,6.0,6.0,6
18,3,63,2.506570372256911,2.50657037225688,26.036082310021207,26.0360823100213,22.339601488228073,21.375302143412547,6.0,5.0,5.0,6
18,3,64,1.9901950569767224,1.990195056976719,25.268609748510016,25.268609748510084,22.85093412442418,21.91505968929424,7.0,7.0,7.0,4
18,3,65,1.5528514478635493,1.5528514478635502,25.624751897093013,25.62475189709304,23.17300094397609,22.223936058898595,6.0,6.0,6.0,5
18,3,66,2.197021535791887,2.197021535791889,24.750725377750776,24.7507253777507,21.23673350313184,20.32003997062249,8.0,8.0,8.0,6
18,3,67,2.3505949893619604,2.3505949893619604,25.387390451808738,25.387390451808827,20.450953419512594,19.5106796990753,7.0,6.0,6.0,6
18,3,68,0.9521614877584719,0.9521614877584712,24.79016217273893,24.790162172738953,23.412930940920102,22.494776786374235,7.0,6.0,6.0,6
18,3,69,2.7827258668156665,2.7827258668156634,25.395668736776866,25.395668736776837,21.790110829703607,20.849530506119255,7.0,6.0,6.0,8
18,3,70,2.0051961487447763,2.005196148744775,26.211953616245264,26.211953616245278,21.11518485753091,20.144371760632943,4.0,4.0,4.0,6
18,3,71,2.2833967604517142,2.2833967604517174,25.591084006527034,25.591084006527073,20.615039894146776,19.66722196797914,7.0,6.0,7.0,5
18,3,72,2.694465371619321,2.6944653716193208,25.99623269473983,25.996232694739827,22.305409534375535,21.342586101237018,6.0,5.0,5.0,6
18,3,73,2.2482188288976777,2.2482188288976777,25.590376129574373,25.590376129574402,21.95717458031382,21.00938287181108,7.0,6.0,6.0,5
18,3,74,2.607829208043672,2.6078292080436722,25.493191044881787,25.49319104488183,24.076902653499463,23.132710392577955,7.0,7.0,7.0,7
18,3,75,0.7875314967166769,0.7875314967166767,26.245353222660615,26.24535322266066,23.734223747652965,22.7621736282952,5.0,5.0,5.0,5
18,3,76,1.4108936632875788,1.4108936632875764,24.947582430433776,24.947582430433783,23.561605628743013,22.637621094282505,7.0,7.0,7.0,5
18,3,77,1.9194783659219168,1.9194783659219188,25.396584542318642,25.396584542318593,22.966664416356057,22.026050174047914,7.0,7.0,7.0,7
18,3,78,1.9635920007746075,1.963592000774605,25.46941669681617,25.469416696816143,23.032528062244253,22.08921633273252,7.0,6.0,6.0,6
18,3,79,1.9639370893301145,1.963937089330115,25.499108617576674,25.49910861757669,21.878864801500978,20.93445337122037,7.0,6.0,6.0,6
18,3,80,1.6741850042059507,1.6741850042059498,25.048407804709864,25.048407804709836,21.492152375646114,20.564433568064246,7.0,7.0,7.0,7
18,3,81,1.1094909032728257,1.109490903272825,24.82028798023651,24.82028798023656,22.445507340152158,21.526237414958253,8.0,7.0,7.0,6
18,3,82,2.005196148744775,2.005196148744776,26.211953616245207,26.21195361624526,21.115184857530863,20.144371760632932,4.0,5.0,4.0,5
18,3,83,2.913850002706454,2.913850002706453,25.25321483970605,25.25321483970613,22.83701218528973,21.90170793196735,7.0,7.0,7.0,5
18,3,84,1.5924097616479862,1.5924097616479873,26.17425949746419,26.174259497464153,23.669932199867308,22.700515181442675,5.0,5.0,5.0,5
18,3,85,1.736032699796466,1.7360326997964661,25.01686949512021,25.01686949512025,21.465091727294503,20.538541005253045,8.0,8.0,8.0,6
18,3,86,1.515140759358256,1.5151407593582542,25.726027210754868,25.72602721075499,23.26458633565178,22.31177051303133,6.0,6.0,6.0,6
18,3,87,1.0802538913548376,1.0802538913548385,25.12396728496126,25.123967284961257,22.72013090893102,21.789613602080593,7.0,7.0,7.0,5
18,3,88,2.431130183736819,2.431130183736818,24.555799886180804,24.55579988618075,19.781061019423426,18.871586949564836,10.0,9.0,8.0,6
18,3,89,2.325465458387745,2.3254654583877445,25.495535794713263,25.495535794713252,21.87579923126632,20.93152012775841,7.0,7.0,7.0,6
18,3,90,1.5059840867260101,1.5059840867260097,25.970170321457726,25.970170321457744,23.485370074651584,22.52351191459761,5.0,5.0,5.0,7
18,3,91,1.8879960605308475,1.8879960605308503,25.434761927134264,25.434761927134268,23.00118902669858,22.059160807175086,6.0,6.0,6.0,6
18,3,92,2.5015796106311963,2.501579610631199,25.932497850269478,25.93249785026941,20.89006771271708,19.929604829373712,5.0,5.0,5.0,6
18,3,93,0.805738085331408,0.8057380853314074,25.65909059652272,25.65909059652276,22.016133289609,21.065796600848934,5.0,5.0,5.0,6
18,3,94,2.1288289023711107,2.1288289023711124,25.68374449685996,25.683744496859955,22.03728694483663,21.08603714865663,6.0,6.0,6.0,6
18,3,95,1.758325796362666,1.7583257963626657,25.563107234790948,25.563107234790866,21.933777195283593,20.986995445846823,7.0,7.0,6.0,4
18,3,96,2.6899176626730283,2.689917662673027,25.45841745494776,25.458417454947824,20.508169616485695,19.565265266302493,7.0,6.0,6.0,6
18,3,97,2.6423126211528776,2.6423126211528767,25.66945496679141,25.669454966791356,22.025026175209913,21.07430562088426,7.0,6.0,6.0,6
18,3,98,2.826117962853978,2.8261179628539765,24.970270322497036,24.970270322497093,21.425108486586964,20.50028365982786,9.0,8.0,8.0,6
18,3,99,1.915489284644147,1.9154892846441427,25.762393249890426,25.76239324989036,23.29747290807992,22.34331019512096,7.0,6.0,6.0,5
20,3,0,1.0434254054372267,1.0434254054372243,28.352827712157072,28.35282771215722,25.234016663819794,24.28892240674802,6.0,6.0,6.0,6
20,3,1,1.4847339673697466,1.4847339673697455,27.771232351505844,27.77123235150598,23.536119417901205,22.610411672851118,7.0,7.0,7.0,4
20,3,2,0.9969407999372976,0.996940799937296,27.945068566827764,27.945068566827793,24.871111024476708,23.93960873891581,6.0,6.0,6.0,5
20,3,3,2.0035583325710618,2.0035583325710618,27.74732217908887,27.747322179088865,24.695116739389093,23.77020600008613,8.0,8.0,8.0,6
20,3,4,2.416660719298714,2.416660719298717,28.14303472376123,28.14303472376121,23.85122192838764,22.913120770928924,8.0,8.0,8.0,6
20,3,5,2.017588467233962,2.017588467233963,28.382876988879275,28.382876988879318,25.260760520102554,24.314664620473284,7.0,7.0,7.0,6
20,3,6,2.24521745512224,2.2452174551222406,28.564020959607074,28.564020959607063,24.208007763267,23.255873731280083,6.0,6.0,6.0,5
20,3,7,3.2363230572392636,3.236323057239265,28.508448876535976,28.50844887653598,25.372519500117022,24.422237870899156,8.0,8.0,8.0,8
20,3,8,1.7366122452301127,1.736612245230112,28.08390870784801,28.08390870784797,22.467126966278407,21.530996676016777,8.0,8.0,8.0,6
20,3,9,0.8796499625985403,0.8796499625985402,29.025416826154895,29.025416826154906,25.83262097527786,24.865107081072704,6.0,5.0,5.0,5
20,3,10,1.9013965557816292,1.9013965557816275,28.472469504883904,28.472469504883993,22.777975603907127,21.82889328707773,8.0,8.0,8.0,6
20,3,11,2.7428535411719746,2.742853541171978,28.251288785829026,28.25128878582901,22.601031028663222,21.65932140246891,9.0,8.0,8.0,7
20,3,12,1.3374003084550568,1.3374003084550565,28.55883761599642,28.558837615996357,24.203614879556966,23.251653625690366,6.0,6.0,6.0,5
20,3,13,2.3655664503650975,2.365566450365098,29.078652037764602,29.078652037764652,25.8800003136105,24.910711912351722,6.0,5.0,5.0,6
20,3,14,2.4470477417163266,2.447047741716324,28.707062685829353,28.707062685829424,24.329235626240376,23.37233353671279,7.0,6.0,6.0,6
20,3,15,1.8607731007345172,1.8607731007345147,28.39558258930175,28.39558258930166,25.272068504478558,24.325549084835092,6.0,6.0,6.0,5
20,3,16,1.814508068993494,1.8145080689934945,28.145958262956796,28.145958262956928,25.049902854031547,24.111704245266434,8.0,8.0,8.0,6
20,3,17,2.146144713477491,2.1461447134774936,28.74305658374944,28.743056583749336,22.994445266999556,22.03634338087449,7.0,6.0,6.0,6
20,3,18,1.0359690449941135,1.035969044994113,27.811673787121222,27.81167378712123,24.752389670537887,23.825333877633852,8.0,7.0,7.0,5
20,3,19,2.2430330995319085,2.2430330995319063,27.573460840186897,27.573460840186993,22.05876867214952,21.139653310810026,9.0,8.0,8.0,6
20,3,20,1.4666572246008234,1.4666572246008218,28.28899871565675,28.288998715656746,25.177208856934506,24.234242233079282,9.0,7.0,6.0,6
20,3,21,2.1387879452979477,2.138787945297948,29.19519010595936,29.19519010595928,23.35615208476749,22.382979081235447,5.0,5.0,5.0,6
20,3,22,2.5443093212707124,2.544309321270712,27.646086178434977,27.646086178434988,22.11686894274798,21.19533273680016,10.0,8.0,8.0,7
20,3,23,1.5195093822586125,1.5195093822586134,28.125811478045502,28.125811478045534,25.031972215460495,24.09444516619234,7.0,7.0,7.0,5
20,3,24,2.5849008355873155,2.5849008355873115,28.579768657655762,28.57976865765589,25.435994105313632,24.483335150058547,8.0,7.0,7.0,7
20,3,25,2.8657576702449705,2.865757670244972,28.58371564283565,28.583715642835635,22.866972514268518,21.914181992840657,8.0,7.0,6.0,6
20,3,26,1.2148655036726554,1.214865503672655,27.718607586504408,27.718607586504355,23.491519929562486,22.56756634334563,7.0,7.0,7.0,7
20,3,27,1.5180335096844255,1.5180335096844242,28.611583726482095,28.611583726482028,27.467120377422813,26.513400919873348,7.0,6.0,6.0,6
20,3,28,2.3910168094792468,2.3910168094792468,27.726682707610067,27.726682707610077,23.498363594699537,22.574140837779208,9.0,8.0,8.0,6
20,3,29,1.6340619370767653,1.634061937076763,29.069393861874655,29.06939386187461,25.871760537068443,24.902780741672583,7.0,6.0,6.0,6
20,3,30,1.6403604639686429,1.6403604639686429,29.099321651211913,29.099321651211994,26.989620831499053,26.019643443125396,6.0,5.0,5.0,6
20,3,31,1.6928523468741663,1.6928523468741656,28.295833940411036,28.29583394041107,25.183292206965824,24.240097742285485,8.0,7.0,8.0,6
20,3,32,1.1679804620864762,1.1679804620864764,28.981790170243112,28.98179017024316,24.56206716928104,23.596007496939638,7.0,7.0,7.0,5
20,3,33,2.0820622173087453,2.082062217308746,29.037581800061105,29.037581800061204,25.84344780205438,24.8755284087191,5.0,5.0,5.0,7
20,3,34,1.9725908471260039,1.972590847126005,28.49489724756951,28.494897247569437,22.79591779805561,21.846087889803236,8.0,7.0,7.0,5
20,3,35,2.828920336548513,2.8289203365485145,28.100713561745422,28.10071356174537,22.480570849396337,21.543880397338118,9.0,8.0,8.0,7
20,3,36,2.3559277262203606,2.3559277262203593,29.379001708414055,29.379001708414055,26.147311520488508,25.168011463541376,5.0,5.0,5.0,5
20,3,37,1.4883521531683133,1.4883521531683124,28.576811093074127,28.576811093074117,27.433738649351163,26.481178279582018,6.0,6.0,5.0,5
20,3,38,1.5922827865193323,1.5922827865193323,26.87897199138286,26.878971991382915,22.779928762696976,21.883963029650925,9.0,8.0,7.0,5
20,3,39,1.6529420331586928,1.6529420331586924,28.21921075219839,28.219210752198286,22.575368601758715,21.634728243352022,8.0,8.0,8.0,6
20,3,40,2.962004763225816,2.962004763225814,28.999365423331124,28.999365423331124,23.1994923386649,22.232846824553864,7.0,6.0,6.0,6
20,3,41,2.1735282969643275,2.1735282969643284,28.072054416248605,28.072054416248584,23.79106611777069,22.855330970562388,9.0,8.0,8.0,7
20,3,42,1.2701984874364223,1.2701984874364218,27.92541337305794,27.92541337305796,23.666787833666604,22.73594072123136,6.0,6.0,6.0,5
20,3,43,0.9866167734419072,0.9866167734419078,29.129748211631853,29.12974821163189,27.96455828316658,26.99356667611222,4.0,4.0,4.0,5
20,3,44,2.6618250054528,2.6618250054528003,28.845081763790212,28.8450817637902,23.076065411032168,22.114562685572487,7.0,7.0,6.0,6
20,3,45,2.1487030584459648,2.148703058445964,27.710873309389772,27.710873309389868,24.6626772453569,23.73898146837732,9.0,8.0,8.0,6
20,3,46,2.137754159341104,2.1377541593411045,28.648197773886825,28.648197773886842,22.91855821910946,21.963618293313246,6.0,7.0,6.0,5
20,3,47,2.6020270411625885,2.60202704116259,28.30752227462353,28.307522274623462,22.646017819698827,21.70243374387799,8.0,8.0,8.0,6
20,3,48,1.31915299224885,1.3191529922488499,27.361919288922017,27.361919288922138,23.18922659736141,22.27716262106411,9.0,7.0,7.0,5
20,3,49,1.578209090656086,1.5782090906560857,26.941833782520522,26.941833782520497,22.83320413068614,21.935143004602107,7.0,7.0,7.0,7
20,3,50,2.122509181050514,2.1225091810505137,28.563809468071444,28.563809468071366,25.421790426583584,24.469663444314474,8.0,6.0,6.0,7
20,3,51,1.8867170070781059,1.8867170070781072,28.441744910112337,28.441744910112277,22.75339592808987,21.805337764419416,7.0,7.0,7.0,7
20,3,52,2.304916453790192,2.3049164537901907,28.7523480432339,28.752348043233958,24.36761496664073,23.409203365199648,7.0,7.0,7.0,6
20,3,53,1.9593724116963076,1.9593724116963076,29.03219371537629,29.0321937153763,23.225754972301033,22.2580151817885,6.0,6.0,6.0,6
20,3,54,1.105267997294516,1.1052679972945167,27.6847172029202,27.684717202920275,25.67757520570849,24.754751298944548,8.0,7.0,7.0,5
20,3,55,1.3567852467751118,1.3567852467751105,28.262907502307893,28.262907502307947,23.95281410820594,23.010717191462387,7.0,7.0,7.0,6
20,3,56,1.6073975308131516,1.6073975308131505,28.184623026171018,28.18462302617097,26.14123785677362,25.201750422567876,8.0,8.0,8.0,6
20,3,57,2.3667244714863163,2.3667244714863176,28.516731997205753,28.516731997205806,22.8133855977646,21.862827864524455,7.0,7.0,6.0,6
20,3,58,2.6199457853640555,2.6199457853640595,29.023114457508026,29.023114457508093,24.597089502738054,23.62965235415451,6.0,6.0,6.0,7
20,3,59,0.8980968760405024,0.8980968760405028,27.20562352121069,27.205623521210683,24.213004933877514,23.306150816503816,7.0,7.0,7.0,5
20,3,60,2.4618366652605856,2.4618366652605848,28.1062359884468,28.10623598844679,25.014550029717654,24.077675496769416,10.0,8.0,8.0,7
20,3,61,1.9163898153464987,1.9163898153464958,28.656270702796593,28.65627070279657,24.28618942062011,23.33098039719354,6.0,6.0,6.0,5
20,3,62,2.5355367757681995,2.5355367757682012,28.460090041931334,28.460090041931288,24.119926310536805,23.17125664247239,8.0,6.0,7.0,8
20,3,63,2.2641231652316667,2.264123165231666,28.53449866029807,28.534498660298073,22.827598928238455,21.87644897289519,7.0,7.0,7.0,6
20,3,64,2.451339342143302,2.4513393421432994,28.405147420326834,28.40514742032683,24.073362438726992,23.126524191382764,8.0,8.0,7.0,6
20,3,65,1.7059652955759925,1.7059652955759923,27.81392170919431,27.81392170919427,22.251137367355447,21.324006643715606,9.0,8.0,8.0,5
20,3,66,1.0069606946081682,1.0069606946081677,28.381860130342883,28.38186013034295,25.259855516005167,24.313793511660464,7.0,7.0,7.0,5
20,3,67,1.4748381531423287,1.4748381531423274,27.542152568838567,27.54215256883854,26.440466466085027,25.52239471379038,9.0,8.0,8.0,5
20,3,68,2.703971137759959,2.703971137759959,27.96011362606126,27.96011362606123,23.69619629808692,22.764192510551517,8.0,9.0,8.0,7
20,3,69,2.984215064153511,2.9842150641535095,27.939827757283222,27.939827757283187,24.866446703982067,23.9351191120726,10.0,8.0,8.0,8
20,3,70,2.5516871691500937,2.5516871691500933,28.694410352211065,28.69441035221095,26.61406560167577,25.657585256601962,7.0,6.0,6.0,5
20,3,71,1.3881335718875265,1.388133571887526,28.53282785192677,28.532827851926815,22.826262281541414,21.87516801981056,7.0,7.0,7.0,5
20,3,72,1.8190442115014474,1.8190442115014471,28.090169943749473,28.09016994374945,22.47213595499958,21.53579695687458,8.0,8.0,8.0,5
20,3,73,2.0038655765381295,2.0038655765381304,27.594238359316435,27.594238359316424,24.558872139791625,23.63906419448107,10.0,9.0,8.0,6
20,3,74,1.51015003068662,1.5101500306866187,28.261276732582388,28.26127673258237,27.130825663279094,26.188783105526333,7.0,7.0,7.0,6
20,3,75,2.2309174709370754,2.2309174709370763,28.135492313561627,28.13549231356161,22.508393850849302,21.570544107063903,8.0,7.0,7.0,5
20,3,76,1.1002101504581603,1.100210150458158,28.364857898869236,28.36485789886919,24.039217069291677,23.093721805996,7.0,6.0,6.0,5
20,3,77,1.655981536252984,1.6559815362529817,28.37686075162715,28.37686075162716,26.31953834713418,25.373642988746624,8.0,8.0,8.0,6
20,3,78,2.198656251429222,2.198656251429223,27.721644020819763,27.72164402081975,22.17731521665581,21.253260415961808,8.0,8.0,8.0,7
20,3,79,2.71402669979166,2.7140266997916607,28.588966817865558,28.588966817865625,25.44418046790035,24.491214907304887,8.0,7.0,6.0,7
20,3,80,2.2800765777577405,2.28007657775774,27.770029722140805,27.770029722140745,24.715326452705316,23.78965879530057,10.0,8.0,8.0,8
20,3,81,1.567625825848894,1.567625825848893,28.853861351681438,28.853861351681395,24.453647495550022,23.491852117160605,7.0,6.0,7.0,6
20,3,82,2.06053396220314,2.060533962203137,27.896993983498692,27.896993983498746,22.317595186798954,21.38769538734904,9.0,8.0,8.0,5
20,3,83,2.209728119058722,2.2097281190587226,28.930933333709284,28.930933333709273,25.748530667001262,24.78416622254428,8.0,6.0,6.0,8
20,3,84,2.373212530083452,2.3732125300834506,28.58057412957947,28.580574129579414,24.222036574818603,23.26935077049924,6.0,6.0,6.0,6
20,3,85,1.6083457898494613,1.6083457898494615,27.226077569985847,27.226077569985947,25.252186946161874,24.344651027162435,9.0,9.0,8.0,7
20,3,86,2.666859223349747,2.666859223349747,28.37225942604953,28.372259426049496,25.251310889184087,24.305568908315735,8.0,7.0,7.0,6
20,3,87,2.046903926919819,2.046903926919818,27.545629246838583,27.545629246838626,22.036503397470867,21.118315755909613,9.0,8.0,8.0,5
20,3,88,1.9037003281500555,1.9037003281500544,27.73259764144431,27.73259764144421,22.18607811315545,21.261658191773897,8.0,8.0,7.0,5
20,3,89,2.903638899416379,2.903638899416378,28.437665464921658,28.437665464921665,25.309522263780273,24.361600081616228,8.0,7.0,7.0,8
20,3,90,1.9119382168572683,1.9119382168572692,28.26626660449124,28.2662666044913,23.955660947306328,23.013452060490003,7.0,7.0,7.0,6
20,3,91,1.4076508010082143,1.4076508010082147,29.323560966908367,29.3235609669083,27.197602796807516,26.220150764577177,5.0,5.0,5.0,7
20,3,92,2.412430988970183,2.412430988970183,27.822133994290013,27.822133994290077,23.57925856016079,22.651854093684506,9.0,8.0,8.0,6
20,3,93,1.9057684256763399,1.9057684256763416,28.57117735591573,28.571177355915836,22.856941884732585,21.90456930620214,8.0,7.0,7.0,5
20,3,94,1.3765694657017902,1.37656946570179,28.64235369594057,28.64235369594062,24.274394757309633,23.31964963411166,7.0,7.0,7.0,5
20,3,95,2.088678708236551,2.0886787082365506,26.857319728276142,26.857319728276117,22.76157846971403,21.866334478771474,10.0,10.0,9.0,6
20,3,96,1.822021759242336,1.8220217592423347,28.474632297495805,28.474632297495745,25.342422744771266,24.39326833485469,8.0,8.0,7.0,6
20,3,97,2.445342897057812,2.445342897057815,28.291265924876292,28.29126592487631,23.97684787133266,23.033805673836795,8.0,7.0,7.0,7
20,3,98,2.069070193000709,2.0690701930007087,28.671291351337352,28.671291351337437,25.517449302690242,24.56173959097907,8.0,7.0,6.0,5
20,3,99,2.077137402942779,2.0771374029427783,29.018091005639167,29.018091005639217,23.214472804511335,22.2472031043234,6.0,6.0,6.0,5
22,3,0,2.669583461249093,2.6695834612490925,31.386807605835227,31.386807605835227,24.96677877736893,24.015663395373924,8.0,9.0,7.0,8
22,3,1,0.5845048292621366,0.5845048292621374,30.97753261133093,30.977532611330926,30.08148827959822,29.142775170163944,7.0,7.0,7.0,6
22,3,2,1.8981188072553814,1.898118807255381,29.92643272158155,29.926432721581637,25.10357786149196,24.19671626386835,10.0,11.0,8.0,7
22,3,3,2.4659157999188874,2.4659157999188865,31.594949541102594,31.59494954110249,28.853239043734185,27.895816330367346,8.0,7.0,7.0,6
22,3,4,1.7935069027231891,1.793506902723188,31.20850218956314,31.208502189563163,26.179032828435197,25.233320640872694,8.0,8.0,8.0,7
22,3,5,2.1817136074421994,2.181713607442199,31.66920575914456,31.669205759144617,26.56549078143118,25.605817879638966,8.0,8.0,7.0,7
22,3,6,1.3437814048755155,1.3437814048755161,30.530436333604307,30.530436333604364,25.61024204843667,24.68507731105477,9.0,8.0,8.0,7
22,3,7,1.6329501123017394,1.6329501123017383,31.189155052087994,31.189155052088005,26.162803618073813,25.217677707404487,8.0,7.0,7.0,7
22,3,8,2.6506936009570947,2.650693600957093,31.02301036374452,31.023010363744685,24.67739460752405,23.7373033843804,9.0,8.0,8.0,6
22,3,9,2.3733387833341184,2.3733387833341166,31.573403102123272,31.573403102123297,28.83356233706299,27.87679254608958,8.0,7.0,7.0,6
22,3,10,2.464663183506417,2.4646631835064166,31.542912647099044,31.542912647099087,26.45955069157482,25.503704853783972,8.0,8.0,8.0,7
22,3,11,1.4535272671578272,1.453527267157829,31.801478112658057,31.801478112658028,25.296630316887093,24.332949161958034,7.0,7.0,6.0,6
22,3,12,2.2458538186289214,2.245853818628922,32.38173286394975,32.38173286394974,29.57174778071444,28.59048314847353,5.0,5.0,5.0,7
22,3,13,1.62792136408041,1.6279213640804098,31.85167815294465,31.851678152944608,27.968932262399747,27.003729894128657,7.0,6.0,6.0,6
22,3,14,1.5831056803161005,1.5831056803160988,30.17990414013061,30.179904140130528,24.006741929649344,23.092199379948358,8.0,8.0,8.0,5
22,3,15,1.0674446217121696,1.0674446217121674,30.70134383450561,30.70134383450555,24.421523504720373,23.491179752159553,7.0,7.0,7.0,6
22,3,16,2.4839017272518054,2.4839017272518005,31.652461443175337,31.65246144317518,26.551444929605754,25.59227943132759,7.0,6.0,6.0,6
22,3,17,2.5260652789672142,2.526065278967213,31.493060862592,31.49306086259205,28.76019194476377,27.80585676710951,7.0,7.0,6.0,7
22,3,18,2.1873798783378344,2.187379878337836,31.716278575892208,31.716278575892364,28.964039525918093,28.002940175133617,8.0,8.0,8.0,6
22,3,19,2.211967377021815,2.211967377021817,31.441224430096263,31.441224430096334,25.01006488757657,24.05730051090704,8.0,7.0,7.0,8
22,3,20,2.2596868162007784,2.259686816200778,30.870343374666632,30.870343374666632,27.10722300461429,26.17175805386682,9.0,8.0,8.0,6
22,3,21,3.205806858180595,3.2058068581805994,32.05611062571151,32.05611062571144,26.890043210824118,25.918645919135834,7.0,6.0,6.0,8
22,3,22,2.1198574193878037,2.119857419387802,31.040049491101453,31.040049491101342,28.346491477410826,27.405883917074327,9.0,7.0,7.0,6
22,3,23,1.460228647029222,1.460228647029222,30.894449447950002,30.894449447949885,25.91559189228864,24.97939645447188,7.0,7.0,7.0,6
22,3,24,2.6577391437274382,2.6577391437274374,31.67871106041348,31.678711060413434,25.198974707147084,24.239013765922397,8.0,7.0,7.0,7
22,3,25,2.232307782792267,2.232307782792269,30.73993530815792,30.739935308157957,24.45222126785289,23.520708076696618,9.0,9.0,9.0,6
22,3,26,0.9920173863008341,0.9920173863008328,31.0354912995575,31.03549129955736,28.34232883141408,27.401859398094032,7.0,7.0,6.0,6
22,3,27,1.9896537060000685,1.9896537060000676,31.957109742933994,31.957109742933817,29.183972120613277,28.215574855675726,6.0,6.0,6.0,7
22,3,28,0.43428098032167445,0.4342809803216737,31.76215273685736,31.762152736857363,29.005932871262296,28.043443394387833,5.0,5.0,5.0,5
22,3,29,2.5555006940116622,2.5555006940116596,30.417815365921776,30.41781536592186,24.195989495619592,23.274237514834148,11.0,10.0,9.0,7
22,3,30,2.8789648307546067,2.878964830754607,31.043330995621183,31.043330995621126,24.69355874651685,23.752851746649497,10.0,8.0,8.0,6
22,3,31,2.764363556063481,2.7643635560634836,31.621180957610612,31.621180957610516,25.153212125372075,24.194994520595923,8.0,7.0,7.0,7
22,3,32,1.0060482318278354,1.0060482318278352,31.108170031355222,31.108170031355172,24.74513525221438,23.802463433082366,7.0,7.0,7.0,6
22,3,33,2.4283534086060414,2.4283534086060388,31.62757676564383,31.62757676564386,26.530570592668173,25.57215917552747,7.0,7.0,7.0,7
22,3,34,2.195419831027351,2.1954198310273485,31.58965488829406,31.58965488829404,27.738849850258212,26.78158758091595,8.0,7.0,7.0,6
22,3,35,2.108040442192857,2.1080404421928574,31.240328156974037,31.240328156974073,26.20572981762698,25.259053206809618,8.0,8.0,8.0,6
22,3,36,2.103421236555695,2.103421236555695,31.087823086405848,31.087823086405827,28.390119430147486,27.448064185104872,9.0,9.0,8.0,6
22,3,37,2.070368796557963,2.0703687965579642,31.77984719655985,31.779847196559864,27.905857558962673,26.942831886339665,7.0,7.0,7.0,6
22,3,38,2.5624372285622457,2.562437228562249,31.08701799113414,31.087017991134044,24.728309765674883,23.786278917458624,8.0,8.0,8.0,7
22,3,39,1.915399279745862,1.9153992797458603,31.89602868231495,31.89602868231508,26.75575959714849,25.789213273442083,8.0,7.0,7.0,6
22,3,40,2.2831536100572265,2.2831536100572243,32.25227278439555,32.252272784395586,29.45352184029511,28.476180240768002,5.0,5.0,5.0,6
22,3,41,1.895303565365706,1.8953035653657062,30.900330039263498,30.90033003926351,25.920524785002023,24.984151147448593,9.0,8.0,8.0,7
22,3,42,2.0058581870036543,2.005858187003655,31.33627871055971,31.336278710559753,26.286217265469507,25.33663306211925,9.0,8.0,7.0,7
22,3,43,2.172673559302268,2.1726735593022672,32.14180444874481,32.14180444874485,29.352639599886786,28.378645525682437,6.0,6.0,6.0,6
22,3,44,2.1681798977983613,2.1681798977983577,31.19319711164369,31.193197111643713,27.390720604232577,26.445472206910058,8.0,8.0,8.0,7
22,3,45,2.159347394450564,2.159347394450563,31.671963011640102,31.671963011640102,28.923569527158936,27.963813072260752,8.0,7.0,7.0,5
22,3,46,1.3990271973337125,1.3990271973337114,31.281279031996817,31.281279031996917,24.882835593633832,23.93491804720976,7.0,7.0,7.0,6
22,3,47,1.6370001801677714,1.6370001801677703,32.06655532561268,32.06655532561272,29.283920359340502,28.3122065615947,6.0,6.0,6.0,5
22,3,48,2.227855181290169,2.2278551812901686,31.64453580763661,31.644535807636625,27.787040740176774,26.828115412672645,7.0,6.0,6.0,6
22,3,49,1.8126109355085012,1.8126109355084992,31.66336878010257,31.663368780102576,26.560594472565377,25.601098448925914,8.0,8.0,8.0,8
22,3,50,1.7284217900081447,1.7284217900081433,31.74721675205284,31.747216752052935,26.630929754821185,25.668892883546935,7.0,7.0,7.0,6
22,3,51,1.4833670988939225,1.4833670988939243,31.702579263024393,31.70257926302446,27.838008650382985,26.877324430291395,7.0,7.0,7.0,6
22,3,52,0.8123030271185974,0.8123030271185977,30.688642598035877,30.688642598035905,25.742952261988773,24.81299339538165,6.0,6.0,6.0,5
22,3,53,1.475992118276859,1.4759921182768612,31.812893616262553,31.812893616262535,27.93487559279253,26.97084851351183,7.0,7.0,7.0,5
22,3,54,2.0448620706283593,2.0448620706283607,31.09094886080951,31.090948860809636,28.392973959664882,27.450823994185917,9.0,9.0,8.0,6
22,3,55,1.632031738627017,1.6320317386270164,31.060106707715992,31.060106707715967,24.7069030629559,23.76568770817661,8.0,8.0,8.0,6
22,3,56,1.7028177044588944,1.7028177044588952,31.17179880286319,31.171798802863282,27.37193076697697,26.427330803253927,8.0,7.0,7.0,7
22,3,57,1.4773449541516426,1.4773449541516392,31.089693723264322,31.08969372326436,28.39182773901411,27.449715808006136,8.0,7.0,7.0,5
22,3,58,0.9456872425368826,0.9456872425368821,32.319939377032505,32.319939377032405,28.380112056278538,27.400719953944137,5.0,5.0,5.0,6
22,3,59,1.2789771076014504,1.278977107601449,31.624095518397848,31.624095518397862,27.769092139089018,26.810786214289095,6.0,6.0,6.0,5
22,3,60,1.3641581481808247,1.3641581481808267,31.52870657952438,31.528706579524286,25.0796529609853,24.12423761009055,6.0,6.0,6.0,5
22,3,61,1.3332291538423946,1.333229153842394,29.56293365043591,29.562933650435888,23.51596994921038,22.62012347495473,8.0,7.0,8.0,5
22,3,62,1.3286705245306092,1.328670524530608,32.35914481511284,32.35914481511291,28.414538319055698,27.433958173143246,5.0,5.0,5.0,7
22,3,63,2.2232345189103007,2.2232345189103007,31.914145858154175,31.914145858154136,29.144736506826746,28.177641177791738,8.0,7.0,7.0,7
22,3,64,2.0392518133909734,2.039251813390973,30.936897779565378,30.936897779565374,27.165664372552243,26.22818262165632,9.0,8.0,8.0,7
22,3,65,1.4876889702877865,1.4876889702877858,31.165074115079904,31.16507411507994,27.36602582419206,26.42162963888664,7.0,7.0,7.0,7
22,3,66,2.391191794464223,2.391191794464225,31.314459200951838,31.314459200951738,26.267914123112487,25.31899111702296,9.0,9.0,8.0,7
22,3,67,1.4913463521661394,1.4913463521661379,30.911616732542395,30.911616732542345,27.143465106054787,26.20674944749285,8.0,7.0,7.0,7
22,3,68,2.2518888862622815,2.2518888862622797,31.64416580831511,31.64416580831513,28.898184477841482,27.939270362438013,7.0,6.0,6.0,5
22,3,69,2.0486725206546055,2.048672520654605,30.56285995426397,30.562859954264,26.837222067277246,25.911074795935935,10.0,9.0,8.0,7
22,3,70,1.8239550130050293,1.8239550130050275,32.05367331752046,32.05367331752035,29.27215621145464,28.300832777590283,6.0,6.0,6.0,6
22,3,71,2.5982341457753204,2.5982341457753186,31.783150999830077,31.783150999830085,25.282051931683014,24.31892614380938,8.0,6.0,6.0,7
22,3,72,1.125420913247371,1.1254209132473716,30.93447973579452,30.934479735794543,24.606972517109273,23.669564040267037,7.0,7.0,7.0,5
22,3,73,2.167914342491003,2.1679143424910023,31.558994141584673,31.55899414158477,26.473040540254914,25.516707384449393,7.0,7.0,6.0,6
22,3,74,1.5613100924576708,1.561310092457671,30.949805801120757,30.94980580112068,27.176998895612233,26.2391259925479,8.0,8.0,8.0,5
22,3,75,1.342075857767764,1.3420758577677627,31.314171663894065,31.314171663894065,29.567306715701623,28.618392422856353,7.0,7.0,7.0,7
22,3,76,1.969460566408617,1.969460566408617,31.792928685839843,31.79292868583999,27.91734440388829,26.953922322499327,8.0,7.0,7.0,7
22,3,77,1.4802272133086558,1.4802272133086551,31.635846618043587,31.635846618043583,28.89058720077534,27.931925182046747,7.0,8.0,7.0,6
22,3,78,1.3506957233157668,1.3506957233157688,30.915110819210145,30.91511081921019,25.932923538428344,24.996101998452318,7.0,7.0,7.0,5
22,3,79,2.424921535620396,2.4249215356203955,30.779227631167785,30.779227631167778,27.02721434555022,26.09451047793907,10.0,8.0,8.0,6
22,3,80,1.6099825006336137,1.6099825006336148,32.29200122227904,32.29200122227909,27.08791838067209,26.109372889087915,5.0,5.0,5.0,6
22,3,81,1.741558113430613,1.7415581134306124,30.696877185863503,30.696877185863457,25.749859788141702,24.81965138857004,9.0,9.0,8.0,7
22,3,82,2.9026318405031155,2.9026318405031146,31.707411168719467,31.707411168719585,25.22180433875412,24.260973697277866,7.0,7.0,7.0,7
22,3,83,2.299673638077115,2.2996736380771137,30.7896173889062,30.789617388906137,27.03633758323375,26.103318874478962,9.0,9.0,8.0,8
22,3,84,0.5582145026124793,0.5582145026124778,30.878934276243324,30.878934276243335,29.98574196246769,29.050016681369417,7.0,7.0,7.0,6
22,3,85,2.448528982055601,2.4485289820556013,30.88509841585023,30.88509841585027,25.907747844700815,24.971835771493264,8.0,8.0,8.0,6
22,3,86,2.2861164813554495,2.2861164813554504,31.53994791969629,31.539947919696345,26.457063750819614,25.50130775325311,8.0,8.0,8.0,6
22,3,87,1.8663087020462434,1.8663087020462417,32.13341534028848,32.133415340288515,26.95488972759736,25.981149868800767,7.0,6.0,6.0,5
22,3,88,2.6725106053833754,2.6725106053833754,31.863122856245614,31.863122856245663,26.728156776106854,25.762607598644912,6.0,6.0,6.0,7
22,3,89,1.6023397764986145,1.6023397764986171,30.00214441077923,30.002144410779202,29.134313787326942,28.225157896091176,10.0,9.0,9.0,6
22,3,90,2.29051251854491,2.2905125185449093,31.46003026200402,31.460030262004,27.625026573040717,26.671692322676943,8.0,8.0,8.0,6
22,3,91,0.8383079513200126,0.8383079513200103,31.691730087238415,31.69173008723853,26.58438515582396,25.62402969863501,4.0,4.0,4.0,6
22,3,92,2.086060448348581,2.0860604483485816,30.80651935607231,30.806519356072435,25.841832352407767,24.908301462829918,9.0,8.0,8.0,9
22,3,93,2.650460879182117,2.6504608791821154,31.163135689224877,31.163135689224863,24.788857934610697,23.844520489482658,8.0,8.0,8.0,6
22,3,94,1.3686428244333069,1.368642824433304,30.338902436816934,30.338902436816944,25.449575184602637,24.5302145046991,8.0,8.0,7.0,6
22,3,95,2.2463239173967158,2.2463239173967127,30.92380846208921,30.923808462089195,28.2403374798418,27.30325237492999,9.0,8.0,8.0,7
22,3,96,2.0784041311144597,2.078404131114462,30.19729244661459,30.19729244661459,26.516217540932228,25.601148072853,9.0,10.0,9.0,6
22,3,97,1.3971623089475393,1.3971623089475396,30.56810173699423,30.568101736994105,25.64183740747863,24.715531294236282,7.0,7.0,7.0,5
22,3,98,2.8932060591808026,2.893206059180804,32.018406766343425,32.018406766343375,28.11533652003296,27.14508176953767,6.0,6.0,6.0,7
22,3,99,2.051148787327944,2.0511487873279424,31.036475561430656,31.03647556143076,26.034729499877784,25.094230240440574,8.0,8.0,8.0,8
24,3,0,2.159921328471624,2.159921328471626,33.90101364967711,33.90101364967704,31.546776590671755,30.605081767069546,10.0,9.0,8.0,7
24,3,1,1.702692755852016,1.7026927558520164,34.828958892470595,34.82895889247062,33.31728532942934,32.34981424908295,6.0,6.0,6.0,8
24,3,2,2.712920978865063,2.7129209788650632,33.71107672408667,33.71107672408668,28.034037761870685,27.097618963979393,11.0,10.0,10.0,7
24,3,3,2.2930942662212077,2.2930942662212095,33.33404132118734,33.33404132118735,27.72049616814017,26.79455057588497,10.0,10.0,9.0,7
24,3,4,2.764005416343775,2.7640054163437755,34.723034740445115,34.723034740445186,27.489069169519052,26.524540426728958,10.0,8.0,7.0,7
24,3,5,1.2594262399234515,1.2594262399234546,33.47513214475492,33.475132144754895,27.837826905100016,26.90796212330124,7.0,7.0,7.0,7
24,3,6,3.0469150430143217,3.0469150430143213,34.148198048030046,34.14819804803021,27.03399012135712,26.08542906446752,8.0,8.0,8.0,9
24,3,7,1.510519866279326,1.5105198662793256,33.114825635392506,33.11482563539265,28.745508364055993,27.825652096406323,8.0,8.0,8.0,6
24,3,8,2.5791834621020917,2.579183462102093,34.06324802578563,34.06324802578565,30.69240577323393,29.746204439184343,8.0,8.0,8.0,7
24,3,9,3.5313007811571078,3.5313007811571078,34.408060500165305,34.408060500165455,27.239714562630866,26.283935104293054,9.0,8.0,8.0,7
24,3,10,2.082148998533979,2.082148998533981,33.882064221759315,33.88206422175933,28.17623048996998,27.235062039365573,9.0,8.0,8.0,6
24,3,11,1.2124950981590452,1.212495098159044,33.603344979995924,33.6033449799959,26.60264810916344,25.669221859719094,8.0,8.0,7.0,6
24,3,12,1.6020434623299071,1.6020434623299074,33.22531657939139,33.225316579391325,28.8414206418328,27.918495181294098,10.0,9.0,8.0,7
24,3,13,2.311772438688883,2.311772438688882,33.519477930807184,33.519477930807284,26.536253361889017,25.605156752700005,10.0,10.0,9.0,7
24,3,14,2.0670713645763157,2.067071364576315,34.62899501493341,34.62899501493334,27.414621053488943,26.4527045252963,9.0,8.0,8.0,7
24,3,15,2.6643038781698523,2.6643038781698545,33.90258304861999,33.902583048619974,28.19329388939058,27.251555471373344,10.0,8.0,9.0,9
24,3,16,2.333904788850475,2.333904788850477,34.7662333377732,34.76623333777329,28.91150307082181,27.945774366994854,9.0,7.0,7.0,7
24,3,17,1.8732010098617633,1.873201009861764,34.4935808591604,34.49358085916032,31.08015358663932,30.12199856277368,7.0,7.0,7.0,6
24,3,18,1.5943164930891407,1.5943164930891387,33.861880729713505,33.861880729713576,29.39399368898742,28.45338589093988,8.0,8.0,8.0,6
24,3,19,1.1026524368124988,1.1026524368124948,34.84676135287813,34.846761352878225,28.978469944494144,28.010504351358712,5.0,6.0,5.0,6
24,3,20,1.8858652031532048,1.8858652031532013,34.58053388437072,34.580533884370695,28.757075921204123,27.79650553552714,7.0,6.0,6.0,6
24,3,21,3.1004110077200284,3.1004110077200293,34.18899521231451,34.18899521231451,27.066287876415657,26.116593564962468,9.0,10.0,8.0,7
24,3,22,2.897047186637229,2.8970471866372303,33.57281412950453,33.5728141295046,26.578477852524415,25.645899682260456,10.0,9.0,9.0,10
24,3,23,2.2475848268921093,2.2475848268921097,33.99014514140901,33.990145141409,29.50533432413976,28.561163625767286,10.0,8.0,8.0,6
24,3,24,2.4825360187503986,2.482536018750399,33.91216783298998,33.91216783299003,28.201264569448263,27.259259907420805,10.0,9.0,8.0,6
24,3,25,1.569470621755406,1.5694706217554075,34.61262878934415,34.61262878934418,30.04568471297235,29.08422280215726,8.0,8.0,7.0,6
24,3,26,1.353551817723692,1.353551817723691,34.08849373069191,34.08849373069191,28.347896696183028,27.400994092552693,7.0,7.0,7.0,5
24,3,27,1.4673096425650862,1.4673096425650853,33.24576531053086,33.24576531053097,26.319564204170263,25.396070723322268,11.0,10.0,9.0,8
24,3,28,1.3692694793228177,1.369269479322818,33.84747972407564,33.84747972407554,28.147470117764293,27.207262347651,9.0,8.0,7.0,6
24,3,29,2.2149088325647677,2.2149088325647686,33.80454220654299,33.80454220654303,30.459301050687174,29.52028598939435,9.0,8.0,8.0,6
24,3,30,2.709340407343557,2.7093404073435585,34.50885076928698,34.50885076928683,29.95559962611717,28.997020438081293,8.0,7.0,7.0,7
24,3,31,2.030552797978839,2.030552797978837,33.84619673310968,33.846196733109515,30.496833514729026,29.55666138325362,9.0,9.0,8.0,7
24,3,32,2.3206920246347975,2.3206920246347984,33.20481698728696,33.20481698728688,27.613033571025092,26.690677543600394,12.0,10.0,9.0,9
24,3,33,1.8965532791604458,1.8965532791604436,34.00946592689279,34.00946592689269,26.924160525456784,25.97945313859858,9.0,9.0,8.0,6
24,3,34,2.144723502845108,2.144723502845111,34.65835415713465,34.658354157134795,30.085376872512715,29.12264481259243,7.0,7.0,7.0,7
24,3,35,1.6076409805381797,1.6076409805381813,34.219008370538454,34.21900837053839,30.83275233387058,29.882224323577795,7.0,7.0,7.0,5
24,3,36,2.7440656340447056,2.7440656340447065,34.76255389114306,34.76255389114326,28.908443253224863,27.94281675624884,8.0,7.0,7.0,7
24,3,37,1.8708981332675425,1.8708981332675423,34.63012762777224,34.63012762777229,28.79831794045643,27.836369950796126,7.0,7.0,7.0,7
24,3,38,1.5254130308875375,1.5254130308875355,34.59439218725037,34.59439218725023,28.768600447383555,27.807645108848707,6.0,6.0,6.0,6
24,3,39,2.058230086829085,2.0582300868290844,34.249134521976366,34.249134521976366,28.481485131990766,27.530120284158084,8.0,8.0,7.0,6
24,3,40,1.5434290720524455,1.5434290720524442,33.6306390388887,33.63063903888858,31.295177994521424,30.360993576774412,10.0,9.0,9.0,7
24,3,41,1.644096761924927,1.644096761924927,34.31037736443622,34.310377364436185,29.78331368440644,28.830247646505402,10.0,8.0,8.0,7
24,3,42,2.8083670403852086,2.8083670403852077,33.89658516729718,33.89658516729724,28.188306067943312,27.246734257740663,10.0,8.0,8.0,7
24,3,43,2.1218277768063305,2.121827776806332,34.28672583152936,34.28672583152949,30.893768587784265,29.941359536908564,9.0,8.0,8.0,7
24,3,44,2.4653328409897957,2.465332840989795,33.515155757395554,33.51515575739558,27.87111043019526,26.94013388137874,11.0,10.0,9.0,7
24,3,45,2.1692715682907706,2.1692715682907693,33.71494919386818,33.714949193868165,28.037258096984125,27.100731730487777,10.0,8.0,8.0,6
24,3,46,2.6599907072702926,2.6599907072702913,34.44246953319697,34.44246953319684,28.64226199028012,27.68552672546899,9.0,8.0,8.0,7
24,3,47,1.512323020178806,1.5123230201788065,33.120218607645,33.12021860764502,28.75018976358072,27.830183691146164,10.0,9.0,9.0,6
24,3,48,1.9879732114945976,1.9879732114945963,33.695179935521566,33.69517993552148,26.675350782287907,25.739373561856684,9.0,8.0,8.0,8
24,3,49,1.5905143226594098,1.590514322659411,33.59289121478088,33.59289121478088,29.160495846163954,28.227359979086703,9.0,8.0,8.0,7
24,3,50,1.7082417893490387,1.7082417893490387,35.21184037360494,35.21184037360502,30.565833657643175,29.58772698059866,7.0,6.0,7.0,7
24,3,51,1.7189170032107932,1.7189170032107923,34.19321106018825,34.19321106018816,31.818682514341837,30.868871096003197,8.0,8.0,8.0,7
24,3,52,1.2694417169041952,1.2694417169041936,34.38249758163292,34.3824975816328,28.59238948194821,27.637320104680526,7.0,7.0,7.0,7
24,3,53,1.0150782237833074,1.0150782237833096,33.57838322729047,33.57838322729043,31.24655105872863,30.313818191303863,8.0,8.0,8.0,6
24,3,54,0.7890931660766578,0.7890931660766547,33.93583794749902,33.935837947499095,29.458192662759565,28.515530497551318,6.0,5.0,5.0,5
24,3,55,1.869558470268549,1.8695584702685508,33.68680170651331,33.686801706513315,29.242015370237244,28.306270878389657,9.0,8.0,8.0,6
24,3,56,2.288130634352929,2.2881306343529264,34.5231927109475,34.52319271094754,32.12574877268725,31.16677119738319,9.0,8.0,8.0,6
24,3,57,2.0185963557249864,2.0185963557249864,33.68190064053497,33.681900640534884,29.2377609726866,28.30215262156056,10.0,10.0,9.0,8
24,3,58,1.5671235652369624,1.5671235652369626,33.839806938140455,33.839806938140526,31.489820345214028,30.549825708043524,8.0,9.0,8.0,8
24,3,59,2.0559760400000546,2.0559760400000533,34.414105752558996,34.41410575255899,29.873355687985235,28.917408305969705,7.0,7.0,7.0,6
24,3,60,1.937143891951244,1.937143891951243,34.83588997199113,34.835889971991236,28.969429334346792,28.001765724013786,8.0,7.0,7.0,7
24,3,61,2.095702724727154,2.095702724727155,33.96053385955626,33.96053385955625,26.88542263881537,25.94207447604991,9.0,8.0,8.0,5
24,3,62,1.684747444511561,1.6847474445115598,34.91842540091319,34.91842540091318,30.31113316051492,29.341176899378436,7.0,6.0,6.0,7
24,3,63,1.8798920582702177,1.8798920582702174,34.48853645854612,34.48853645854618,27.303424696349012,26.345409794722773,7.0,8.0,7.0,6
24,3,64,3.126434703949571,3.1264347039495695,34.51176118279736,34.51176118279736,27.32181093638124,26.363150903525757,10.0,7.0,8.0,8
24,3,65,1.6413950365164602,1.6413950365164611,33.97116748584323,33.971167485843296,31.612058632659668,30.668415091386304,8.0,8.0,8.0,6
24,3,66,2.837912798626256,2.837912798626255,33.69788004566816,33.69788004566822,28.023063440755294,27.08701121726456,10.0,10.0,9.0,7
24,3,67,1.965202922589595,1.965202922589593,34.07371751244503,34.073717512445135,29.577879785108525,28.63138763198515,9.0,8.0,8.0,7
24,3,68,2.442558299671453,2.442558299671452,34.140272330878396,34.14027233087847,28.390955636268664,27.442614738188766,10.0,9.0,9.0,7
24,3,69,2.3433897933039303,2.3433897933039303,34.17068962716063,34.1706896271607,28.41625057536448,27.46706475238785,9.0,8.0,8.0,7
24,3,70,0.8876798927179035,0.8876798927179033,33.47013838049076,33.470138380490866,30.157989269921362,29.228263203796708,8.0,7.0,7.0,7
24,3,71,1.8631848737309127,1.8631848737309098,34.58681774850176,34.58681774850178,28.762301565160314,27.80155662770195,7.0,7.0,7.0,7
24,3,72,2.2448455932587628,2.2448455932587645,34.32045730370132,34.3204573037013,31.9370922131665,30.98374617695256,9.0,7.0,7.0,9
24,3,73,1.5820699038344528,1.5820699038344532,34.39514065427601,34.39514065427614,30.99145486036328,30.036034286633505,7.0,7.0,7.0,6
24,3,74,1.368809930015909,1.368809930015909,33.74300767475036,33.74300767475046,28.060591451745523,27.123285683002536,9.0,7.0,7.0,7
24,3,75,2.038035707468039,2.038035707468037,34.41092483201565,34.410924832015624,29.8705944722358,28.914735449124237,8.0,7.0,7.0,7
24,3,76,2.5178074542116224,2.5178074542116207,34.51107224151522,34.511072241515116,27.321265524532883,26.362624628935155,8.0,7.0,7.0,8
24,3,77,3.0178572918132422,3.0178572918132422,34.463340300716816,34.46334030071679,29.9160940110389,28.95877900268563,9.0,8.0,7.0,7
24,3,78,2.2983402703013076,2.2983402703013107,34.24654770688923,34.24654770688915,27.111850267953972,26.16055727609588,8.0,8.0,8.0,7
24,3,79,1.6295480851758186,1.6295480851758168,34.758363751217885,34.758363751217836,33.24975421340461,32.28424410920407,6.0,6.0,6.0,7
24,3,80,2.726796616243984,2.7267966162439823,34.25359508536032,34.25359508536024,28.4851945241104,27.533705771739218,8.0,8.0,8.0,7
24,3,81,2.1324372815353447,2.1324372815353456,33.887837200062876,33.88783720006279,29.416525347276796,28.47519653616387,9.0,9.0,8.0,8
24,3,82,1.5198235956040538,1.5198235956040524,33.977536674062904,33.977536674062904,28.255625116104394,27.311804652935976,8.0,8.0,8.0,6
24,3,83,1.6488193716251844,1.648819371625184,34.53966358469431,34.53966358469442,32.1410758357572,31.18164073618246,7.0,6.0,6.0,6
24,3,84,1.4183599061451397,1.4183599061451415,34.25533737157585,34.25533737157584,29.735535912826258,28.78399876361581,8.0,8.0,8.0,6
24,3,85,1.6993742108100953,1.699374210810097,33.62748314550942,33.6274831455095,27.96452157413023,27.030424820088363,9.0,9.0,8.0,7
24,3,86,1.6565485097912447,1.6565485097912438,33.45300841743261,33.45300841743268,32.00105492709266,31.07180469327514,10.0,10.0,9.0,7
24,3,87,1.9358798584222798,1.9358798584222772,34.20328441897286,34.203284418972835,27.07760016502018,26.127508931159802,9.0,9.0,9.0,7
24,3,88,1.9306114864545194,1.930611486454517,34.110885879910256,34.11088587991026,28.36651794527259,27.41899333749731,9.0,8.0,8.0,7
24,3,89,2.534443604663168,2.534443604663168,34.75275068644062,34.752750686440535,28.900290935425446,27.934936749690916,7.0,7.0,7.0,7
24,3,90,2.015075404126342,2.015075404126341,34.19098540353268,34.19098540353262,29.67967482945545,28.729925234912827,8.0,8.0,8.0,6
24,3,91,1.7969609651768574,1.796960965176857,33.4501634050346,33.45016340503449,29.036600177981427,28.107428972285923,11.0,9.0,8.0,7
24,3,92,2.1432776005087173,2.1432776005087173,32.86740393743816,32.86740393743815,29.61490042279584,28.701916980089212,10.0,10.0,10.0,8
24,3,93,2.347800961213517,2.3478009612135162,34.48850908123555,34.488509081235634,29.937941910794745,28.979927769649382,9.0,8.0,8.0,7
24,3,94,2.559817036882231,2.559817036882232,34.665585651943374,34.66558565194353,31.23513707180314,30.27220413702707,8.0,7.0,7.0,6
24,3,95,2.415277739458616,2.415277739458615,34.51020755222284,34.51020755222288,28.698592738740864,27.73997586229027,8.0,8.0,8.0,6
24,3,96,1.9050457447543638,1.905045744754365,34.069041938864096,34.06904193886394,26.97132486826741,26.024962592187727,9.0,9.0,8.0,6
24,3,97,2.5185847554465184,2.5185847554465193,34.699498369879485,34.6994983698795,28.856006456896306,27.892131502177442,8.0,7.0,7.0,7
24,3,98,1.4864880775996425,1.4864880775996423,34.06593836161774,34.0659383616177,31.700248197616503,30.753972132015974,9.0,8.0,8.0,7
24,3,99,1.7812229737002578,1.7812229737002574,33.81933405209884,33.8193340520988,30.47262911985989,29.533203173968225,11.0,9.0,8.0,8
26,3,0,2.6707868887283124,2.6707868887283124,37.34423487102508,37.34423487102526,29.444492879077462,28.486948395205165,8.0,7.0,7.0,7
26,3,1,2.8190682715430255,2.8190682715430277,37.53043260453791,37.530432604537914,32.25618541898894,31.293866634257206,8.0,8.0,7.0,7
26,3,2,2.1463539180032125,2.146353918003212,37.254145745493666,37.25414574549372,30.75120314494891,29.795968638654248,8.0,8.0,8.0,6
26,3,3,2.0427104921086827,2.0427104921086814,37.302536208809705,37.30253620880966,33.21912248180982,32.262647194404416,9.0,8.0,8.0,8
26,3,4,2.279274101397771,2.2792741013977733,37.36502558779865,37.365025587798705,29.46088555961047,28.50280798043619,8.0,9.0,8.0,7
26,3,5,1.217948681943358,1.2179486819433571,35.7302610005262,35.73026100052613,30.708996510807278,29.79283597233219,9.0,8.0,8.0,7
26,3,6,2.9697800484518884,2.9697800484518884,37.01301845552322,37.013018455523216,30.552166121570945,29.603114366301114,8.0,9.0,8.0,6
26,3,7,2.3065849749549012,2.306584974954899,37.73967132546485,37.7396713254648,35.618210511311496,34.650526631171324,8.0,7.0,7.0,8
26,3,8,2.639399574511518,2.6393995745115153,37.005616941819596,37.005616941819504,32.954706211502064,32.005844238634815,11.0,9.0,8.0,7
26,3,9,1.3218497877501043,1.3218497877501032,37.59860767888664,37.59860767888668,29.64505605450677,28.68098919094561,6.0,7.0,6.0,5
26,3,10,1.292949961461127,1.292949961461125,36.787843125103905,36.78784312510389,33.794749379718226,32.851471350869396,9.0,8.0,8.0,6
26,3,11,1.7638708524006734,1.7638708524006717,35.75726101233196,35.757261012331945,29.515608942132,28.59875609566194,9.0,9.0,9.0,6
26,3,12,1.5557049901136797,1.5557049901136784,37.24310885156911,37.243108851569325,33.166200486160655,32.211248977146255,8.0,8.0,7.0,7
26,3,13,2.3002645157706585,2.3002645157706594,37.868888846893995,37.868888846894045,32.54707754444588,31.576080394525555,8.0,7.0,7.0,8
26,3,14,1.4432001806367618,1.4432001806367616,37.19050675398751,37.19050675398745,31.964030213116487,31.010427475834703,8.0,8.0,8.0,8
26,3,15,1.4261229476609945,1.4261229476609945,36.80282570852226,36.80282570852221,29.017612577873322,28.073950380218864,8.0,8.0,7.0,6
26,3,16,1.7587382481848546,1.7587382481848572,37.29511561108158,37.29511561108151,36.02619895567496,35.06991394000614,9.0,7.0,8.0,9
26,3,17,2.019555278673041,2.01955527867304,37.82216442316258,37.822164423162484,31.220070633320596,30.250271545547115,8.0,6.0,6.0,6
26,3,18,1.6868314145522088,1.6868314145522083,36.95520691824179,36.955206918241885,30.504445947306095,29.55687653914612,10.0,9.0,8.0,8
26,3,19,0.5933331419773199,0.5933331419773201,36.98208452875842,36.982084528758435,30.526631903915973,29.578373326255512,5.0,5.0,5.0,5
26,3,20,2.300893552776818,2.3008935527768157,37.168949894353005,37.16894989435299,29.30628741670141,28.35323741941029,10.0,9.0,8.0,8
26,3,21,2.481193395357432,2.4811933953574306,37.28546965174895,37.28546965174905,30.777059268751348,29.821021585373252,10.0,8.0,8.0,7
26,3,22,2.093478262132194,2.093478262132196,37.02930865056321,37.02930865056323,29.196185666790218,28.246716214211695,10.0,10.0,9.0,7
26,3,23,2.4989977303918205,2.498997730391819,37.4490279275781,37.449027927577994,32.186220748406626,31.225989263084017,10.0,8.0,8.0,8
26,3,24,2.695109648865204,2.695109648865204,36.93990347699622,36.9399034769963,29.12569312609317,28.17851611386256,9.0,10.0,9.0,7
26,3,25,2.526682171989176,2.5266821719891723,37.10523082646728,37.105230826467206,29.256047382406887,28.304631207369212,9.0,9.0,8.0,6
26,3,26,2.009557853386777,2.0095578533867786,37.10660207916289,37.10660207916285,31.891916875730235,30.940465540367047,10.0,10.0,9.0,7
26,3,27,2.723006390475277,2.723006390475277,38.22653306707477,38.22653306707439,31.553854218088343,30.573686703547665,7.0,6.0,6.0,8
26,3,28,2.514676192910642,2.514676192910638,37.21237386763403,37.21237386763402,31.982824285644043,31.028660853140597,10.0,8.0,8.0,8
26,3,29,2.067460801219607,2.0674608012196103,37.283553255495654,37.2835532554958,29.396647759140805,28.440659214128203,9.0,9.0,8.0,6
26,3,30,2.0945164934841647,2.0945164934841682,37.15276965940177,37.152769659401585,29.29352992375908,28.340894804287103,10.0,8.0,8.0,6
26,3,31,2.099513793731893,2.09951379373189,38.445817705917456,38.4458177059174,30.313048575819533,29.327258378231864,6.0,6.0,6.0,6
26,3,32,0.655077115552626,0.6550771155526239,37.54782394216938,37.5478239421694,29.60501503132586,28.64225031485999,6.0,6.0,6.0,5
26,3,33,2.179084918411556,2.179084918411553,36.71862830672652,36.71862830672653,30.30916360229792,29.367660312381865,11.0,10.0,9.0,8
26,3,34,1.9041350024487937,1.904135002448794,38.448420214418604,38.4484202144187,31.737009585274528,30.751152656699762,5.0,5.0,5.0,6
26,3,35,1.6425746842588336,1.642574684258833,37.41644303338976,37.41644303338959,32.15821509230688,31.198819117091617,8.0,7.0,7.0,7
26,3,36,2.4302133775747405,2.4302133775747428,38.11034404958519,38.11034404958514,30.048540500634473,29.071352191670716,7.0,6.0,6.0,8
26,3,37,1.754063423410047,1.7540634234100474,37.02563458396608,37.02563458396615,30.562580026409872,29.613204780667207,10.0,8.0,8.0,6
26,3,38,2.3391552489273133,2.3391552489273155,36.146728934073295,36.14672893407326,28.500305505711633,27.573466302273836,12.0,10.0,10.0,6
26,3,39,3.261210520437945,3.261210520437944,37.68923993560642,37.68923993560656,31.110348940929562,30.143958173350015,8.0,7.0,8.0,7
26,3,40,1.9398277740863894,1.939827774086389,37.44195828300947,37.441958283009455,29.521544030834384,28.56149381844952,9.0,9.0,8.0,6
26,3,41,2.561019989710837,2.561019989710837,36.65159747205649,36.6515974720564,28.898374929890696,27.958590379325074,11.0,10.0,10.0,7
26,3,42,1.9106751151022998,1.9106751151022998,37.68672784400699,37.68672784400685,29.714535415467047,28.74820906049241,7.0,7.0,7.0,7
26,3,43,2.226316849727347,2.2263168497273433,36.48639203749336,36.48639203749331,31.35886652926574,30.42331801548382,11.0,9.0,9.0,6
26,3,44,1.897241646444788,1.8972416464447905,36.745324848918145,36.74532484891815,30.331200097183913,29.389012280544986,10.0,10.0,9.0,7
26,3,45,1.577837424204258,1.5778374242042563,35.8360234553845,35.83602345538448,31.91314514813827,30.99427275184634,10.0,9.0,9.0,7
26,3,46,2.43125086003074,2.431250860030741,36.24494352810629,36.24494352810637,29.918163444797802,28.98880591843616,12.0,10.0,10.0,8
26,3,47,2.3964826449797463,2.3964826449797427,36.63968473117334,36.63968473117343,30.24400011833539,29.304521022664353,11.0,10.0,9.0,6
26,3,48,1.786276052085503,1.7862760520855034,37.314603360210825,37.31460336021084,30.80110750739296,29.844322805849103,10.0,8.0,8.0,8
26,3,49,3.0947049114209877,3.094704911420991,36.59721707571789,36.59721707571792,32.59101283961859,31.652622658189955,11.0,10.0,10.0,7
26,3,50,1.8630607238656016,1.8630607238655998,37.38090753297237,37.38090753297248,34.33956150588142,33.381076697343765,8.0,7.0,7.0,5
26,3,51,1.8995876028945875,1.8995876028945904,36.88405981899242,36.884059818992576,31.700649045613304,30.754903922049532,10.0,9.0,9.0,7
26,3,52,2.3030707587094743,2.303070758709473,36.0379725066195,36.03797250661957,28.41455524560383,27.49050466851108,12.0,11.0,10.0,7
26,3,53,1.557097353212515,1.5570973532125132,36.469467039370215,36.469467039370215,34.41940824129911,33.48429370182807,9.0,8.0,8.0,7
26,3,54,2.1722441463108684,2.1722441463108675,36.81054382735023,36.81054382735015,32.780987254533784,31.837127156396527,10.0,10.0,9.0,8
26,3,55,2.916066694725088,2.916066694725084,37.28558048802192,37.28558048802204,32.04574299340346,31.08970246806966,9.0,9.0,8.0,8
26,3,56,2.207651473132582,2.2076514731325845,36.57329749986198,36.57329749986202,30.18920119071447,29.25142433174369,10.0,9.0,9.0,6
26,3,57,1.7540792072856206,1.75407920728562,37.43529012972342,37.4352901297235,34.389519483074324,33.42964024897893,8.0,7.0,7.0,6
26,3,58,2.320858725285841,2.320858725285843,37.376965661767656,37.37696566176773,30.852584081754955,29.894200346837895,10.0,10.0,8.0,6
26,3,59,0.0,0.0,36.5425686444924,36.54256864449241,37.08313918657069,36.14615024696833,10.0,10.0,9.0,7
26,3,60,2.3699305896443223,2.369930589644322,36.901050708096264,36.90105070809614,30.459743040114965,29.51356225272778,11.0,10.0,10.0,7
26,3,61,2.5280603752553565,2.5280603752553525,36.862165310570795,36.862165310570745,31.681831428168095,30.736647702255983,9.0,10.0,8.0,8
26,3,62,2.415400538489807,2.4154005384898065,37.60540557837173,37.605405578371844,32.320622250050256,31.356381081374156,9.0,9.0,8.0,6
26,3,63,3.102187630564004,3.1021876305640057,36.85246821175072,36.852468211750704,31.673497087318292,30.728562004965703,11.0,9.0,9.0,9
26,3,64,2.231846570206179,2.2318465702061765,37.55019687587588,37.55019687587595,32.273172166988,31.310346606068162,7.0,7.0,7.0,7
26,3,65,1.1092317194789176,1.1092317194789174,36.7193842956639,36.71938429566391,30.309787628669312,29.368264954421527,7.0,9.0,7.0,7
26,3,66,2.7269368770239044,2.726936877023903,36.55937851364979,36.55937851364977,30.177711850024526,29.240291888136053,12.0,10.0,10.0,7
26,3,67,2.6774317566596557,2.6774317566596553,36.89750278870359,36.89750278870354,30.456814432095566,29.510724617000562,10.0,10.0,9.0,7
26,3,68,1.7523255287151065,1.752325528715106,37.71525554021278,37.71525554021273,32.41503471725388,31.447976882889414,8.0,8.0,8.0,6
26,3,69,1.4346535231942539,1.4346535231942525,37.35676828929271,37.35676828929276,30.835912286132146,29.878046432560577,8.0,7.0,7.0,6
26,3,70,1.9801974579578256,1.9801974579578232,37.557604375358004,37.55760437535806,29.61272652672458,28.64971102992057,8.0,7.0,7.0,6
26,3,71,1.2813721112882746,1.281372111288275,38.167188791796754,38.16718879179688,35.06187017707956,34.08322431062334,6.0,5.0,5.0,6
26,3,72,1.7540504038175944,1.7540504038175924,36.583538475594786,36.58353847559485,30.197654540505756,29.259615092413632,10.0,9.0,8.0,7
26,3,73,0.4797216285404835,0.47972162854048245,36.97267319289961,36.972673192899634,34.8943276583875,33.94631039703113,7.0,7.0,7.0,6
26,3,74,2.4134467437316083,2.4134467437316114,37.43091348971192,37.43091348971198,35.32680888526066,34.367041872704,9.0,8.0,8.0,8
26,3,75,2.9833205724649834,2.983320572464983,36.40998374602767,36.40998374602766,31.29319608941136,30.359606762590126,11.0,11.0,10.0,8
26,3,76,2.30937530801572,2.3093753080157198,37.70257414087935,37.702574140879456,31.12135557782645,30.154622907547576,8.0,8.0,8.0,7
26,3,77,2.075654327785654,2.0756543277856516,37.488098611205835,37.488098611205785,30.944318084397715,29.98308478667445,8.0,8.0,8.0,7
26,3,78,2.8391603238633722,2.839160323863372,37.30691443643192,37.30691443643178,32.064078827761755,31.107491278109535,9.0,8.0,8.0,6
26,3,79,2.232546589711988,2.232546589711987,37.19043087119586,37.19043087119606,30.69861009782143,29.745009306252467,10.0,8.0,8.0,6
26,3,80,2.554923283361338,2.5549232833613376,36.899134920794246,36.89913492079428,29.09354868754931,28.147417022913586,9.0,9.0,8.0,8
26,3,81,2.310736497563739,2.3107364975637377,38.14635562830774,38.14635562830784,32.785551213086976,31.807439530309935,7.0,6.0,6.0,8
26,3,82,1.7555053734604606,1.7555053734604593,36.9647150048879,36.964715004887864,33.95723079591033,33.00941759065677,9.0,9.0,8.0,7
26,3,83,1.1699129645092479,1.1699129645092445,36.48563943020064,36.4856394302006,30.116844381733667,29.181315165574638,8.0,8.0,7.0,7
26,3,84,3.220257242873743,3.2202572428737435,37.74633916886493,37.746339168864914,31.157481148264246,30.189626297780514,8.0,8.0,7.0,6
26,3,85,2.000376053691939,2.0003760536919395,36.58565606839215,36.585656068392105,32.58071738634922,31.642623641005795,10.0,9.0,9.0,6
26,3,86,1.6124606587873787,1.6124606587873782,36.39616068060626,36.39616068060615,33.43493458972853,32.50169970048212,10.0,10.0,9.0,6
26,3,87,2.5646156553377764,2.564615655337774,36.829744293415345,36.829744293415274,29.03883684673133,28.094484428951393,12.0,10.0,9.0,8
26,3,88,1.911561768075766,1.9115617680757646,36.34489577231986,36.34489577231969,31.237255094257158,30.305334689838553,10.0,10.0,9.0,9
26,3,89,2.300882460017863,2.3008824600178635,37.89844162878954,37.89844162878971,34.81498853768979,33.843233624131244,7.0,6.0,6.0,7
26,3,90,1.938939114581825,1.9389391145818253,37.36293365150937,37.36293365150937,33.27290837013112,32.31488443034883,8.0,8.0,8.0,6
26,3,91,2.702962714118045,2.7029627141180415,37.709214730140374,37.709214730140445,29.732265460302987,28.76536251850457,8.0,8.0,7.0,8
26,3,92,1.2741301632585613,1.274130163258559,37.428966674929924,37.42896667493011,29.5113006475409,28.55158355331207,6.0,6.0,6.0,7
26,3,93,2.789595997870351,2.789595997870355,37.297202295115596,37.297202295115646,32.055731558375975,31.09939303798844,8.0,9.0,8.0,7
26,3,94,1.7816334730599777,1.7816334730599765,38.145358692121164,38.14535869212119,33.96968333233275,32.99159721202198,8.0,7.0,7.0,7
26,3,95,3.102367158894963,3.102367158894964,36.473892849110086,36.473892849110236,30.10714823935419,29.17192021758225,12.0,10.0,10.0,7
26,3,96,2.064642642870652,2.064642642870654,37.13332643051236,37.13332643051261,33.068435667408934,32.11629909226781,9.0,9.0,8.0,6
26,3,97,1.7017448450734407,1.701744845073441,36.97060537295984,36.970605372959795,32.923527270002694,31.975563029670354,9.0,8.0,8.0,7
26,3,98,2.1159919422602713,2.1159919422602704,37.64055617905889,37.64055617905888,31.070163236560447,30.10502077043072,9.0,8.0,8.0,5
26,3,99,2.4210794985348167,2.4210794985348145,37.110380696948376,37.110380696948454,33.04800174491557,32.096453521916956,9.0,9.0,8.0,7
28,3,0,2.1800635810868565,2.180063581086856,40.610818776128994,40.61081877612895,36.88125378648449,35.914329529909956,9.0,9.0,7.0,8
28,3,1,2.2952698491785597,2.2952698491785606,39.54983983653432,39.549839836534325,32.4369222128719,31.49525935962108,10.0,11.0,10.0,6
28,3,2,1.5771286893801442,1.5771286893801466,39.65982432804427,39.659824328044316,36.01759556322388,35.073314031603815,9.0,8.0,8.0,6
28,3,3,1.5075857017018621,1.5075857017018623,40.276452107329916,40.27645210732997,31.64578379861636,30.68682065320379,8.0,8.0,8.0,7
28,3,4,2.8017136188437535,2.801713618843753,40.87662165583787,40.87662165583797,36.02773668901016,35.05448379244268,9.0,6.0,7.0,8
28,3,5,2.305604664457297,2.3056046644572965,40.588669845032996,40.58866984503317,33.28892182443394,32.322524923361875,8.0,7.0,7.0,6
28,3,6,3.1743377019505568,3.1743377019505554,40.59026854181437,40.59026854181428,34.58456554328061,33.618130577999246,8.0,7.0,7.0,10
28,3,7,1.9463238325704202,1.946323832570419,40.60596202194436,40.60596202194424,35.789183363729016,34.82237474415881,10.0,8.0,9.0,7
28,3,8,0.9284454613616075,0.9284454613616062,39.848116198639474,39.84811619863948,36.18859532325422,35.23983065185804,10.0,8.0,7.0,8
28,3,9,1.2843910127448928,1.2843910127448903,39.400662889201364,39.40066288920138,30.957663698658216,30.01955267748676,8.0,7.0,7.0,6
28,3,10,1.597268948082002,1.5972689480819984,39.60526998502317,39.605269985023185,31.11842641680392,30.1754437981129,9.0,9.0,8.0,6
28,3,11,2.9277743932594653,2.9277743932594635,40.019807269166954,40.01980726916691,34.09850925485143,33.145656700823615,11.0,9.0,8.0,8
28,3,12,2.262394690855672,2.2623946908556705,40.155400950477095,40.15540095047711,35.392068949974075,34.43598797496272,10.0,10.0,8.0,7
28,3,13,2.812109740592714,2.8121097405927142,39.96378368202252,39.96378368202249,34.05077487192736,33.09925621283155,10.0,10.0,10.0,8
28,3,14,2.9625641846478805,2.96256418464788,39.97169475628899,39.97169475628898,35.23015443443328,34.27844741642639,9.0,10.0,9.0,8
28,3,15,2.2951810493238733,2.295181049323875,40.37350922906062,40.37350922906045,34.39987776149553,33.43860373223204,9.0,8.0,8.0,6
28,3,16,1.9339019233458363,1.9339019233458383,39.26738988908812,39.26738988908804,30.852949198569238,29.91801134406707,10.0,8.0,8.0,6
28,3,17,1.8155905385950548,1.815590538595054,39.628045011054816,39.62804501105489,32.50106242615848,31.55753754494294,11.0,9.0,9.0,6
28,3,18,1.9478352028861827,1.9478352028861827,39.8056216378889,39.8056216378889,35.083781316047485,34.13602841990727,10.0,10.0,9.0,7
28,3,19,1.7353440960863815,1.7353440960863817,40.94003381453633,40.94003381453637,33.57709405962609,32.60233134975621,6.0,6.0,6.0,7
28,3,20,2.0223324890698047,2.022332489069803,39.97856183283557,39.97856183283571,35.23620692154257,34.284336401713276,9.0,8.0,8.0,8
28,3,21,2.8554827490250148,2.8554827490250165,40.35268786028017,40.3526878602803,34.3821371054428,33.42135882305528,10.0,11.0,8.0,7
28,3,22,2.5187513739245055,2.5187513739245095,39.529444423639674,39.529444423639745,31.058849190002597,30.11767194182076,11.0,10.0,9.0,6
28,3,23,1.895385557477007,1.8953855574770075,39.31432033395119,39.314320333951144,35.703821527772,34.7677662817255,11.0,11.0,9.0,7
28,3,24,1.9655825147062336,1.9655825147062305,39.05372007557791,39.05372007557796,32.03002807218953,31.10017759419962,11.0,10.0,10.0,7
28,3,25,2.1489709324300414,2.148970932430043,40.48647654943168,40.486476549431764,34.49613052936271,33.53216680199536,9.0,8.0,8.0,8
28,3,26,1.893057139929501,1.8930571399295015,39.026751222503165,39.026751222503094,32.007909484782566,31.07870112234196,12.0,9.0,9.0,6
28,3,27,1.760311392646929,1.7603113926469287,40.09415549836937,40.09415549836943,34.16185698075349,33.207234230792366,10.0,8.0,8.0,7
28,3,28,1.7505928696753155,1.7505928696753157,40.17131327192965,40.17131327192958,36.48211103267081,35.52565119286289,11.0,9.0,9.0,6
28,3,29,2.408762449692505,2.408762449692503,39.33739451064119,39.33739451064118,36.678106361324886,35.74150173011913,10.0,11.0,10.0,7
28,3,30,1.2545487570258396,1.2545487570258336,40.95284604536261,40.95284604536259,39.07235821674902,38.097290453764174,5.0,5.0,5.0,6
28,3,31,2.8226765970021734,2.822676597002179,40.40568617730464,40.40568617730476,34.427293834744255,33.46525368766567,10.0,10.0,8.0,7
28,3,32,2.163273950893947,2.163273950893945,39.62641042415632,39.62641042415639,34.92582857537247,33.98234261289262,11.0,10.0,9.0,7
28,3,33,1.1678258887018904,1.1678258887018882,39.846143717358025,39.84614371735798,36.1868039882129,35.23808628065672,10.0,10.0,8.0,6
28,3,34,2.4740324370921645,2.474032437092163,40.25238020060833,40.25238020060833,34.2966708852122,33.33828088043581,9.0,9.0,8.0,7
28,3,35,2.154161038831325,2.1541610388313233,39.23512617501231,39.23512617501238,32.17880883996545,31.244639169131883,12.0,11.0,9.0,8
28,3,36,2.8714831979878586,2.8714831979878594,39.85537086533231,39.85537086533231,35.12762916829672,34.17869176674119,11.0,9.0,8.0,8
28,3,37,1.2670423789165253,1.2670423789165224,39.17933878852611,39.17933878852613,32.13305464416108,31.20021324443428,9.0,8.0,8.0,6
28,3,38,0.4500377719458968,0.4500377719458968,38.66349477583377,38.66349477583395,30.378460181012244,29.457900781587767,7.0,7.0,7.0,5
28,3,39,2.8824021838756115,2.88240218387561,40.51006412351857,40.510064123518575,35.70466110886649,34.74013577259225,10.0,9.0,8.0,8
28,3,40,1.4081599309615136,1.4081599309615136,39.28242719849865,39.28242719849878,30.8647642273918,29.929468341713356,10.0,8.0,8.0,9
28,3,41,1.8070859879513828,1.8070859879513823,39.9269007672518,39.926900767251624,31.371136317126417,30.420495822667903,9.0,10.0,9.0,8
28,3,42,2.4173724846057576,2.417372484605756,39.71748524415003,39.717485244150176,36.06996108907503,35.12430667850015,10.0,9.0,9.0,8
28,3,43,2.8413082726160894,2.8413082726160863,40.36886169537922,40.3688616953792,35.58020845855491,34.61904508485537,9.0,9.0,8.0,8
28,3,44,2.495908962396375,2.4959089623963755,40.12649920958579,40.12649920958574,32.90987116296385,31.954478324640338,10.0,9.0,8.0,7
28,3,45,1.8920097594605243,1.8920097594605236,39.963869762272964,39.963869762272935,36.29371845757442,35.342197748948855,9.0,9.0,8.0,8
28,3,46,1.7400846001746753,1.7400846001746744,39.98045515920106,39.98045515920102,36.30878070580504,35.35686510677641,9.0,9.0,8.0,7
28,3,47,2.220880821588816,2.220880821588815,40.78093670544614,40.78093670544611,34.747022601068906,33.77604791760587,8.0,7.0,7.0,7
28,3,48,1.7859387429792966,1.7859387429792946,38.904905255251464,38.904905255251464,33.148567232790796,32.22225996480861,12.0,10.0,10.0,7
28,3,49,2.4578587783089763,2.4578587783089776,39.691505484500155,39.691505484500134,33.818782734242475,32.87374688937341,11.0,10.0,10.0,7
28,3,50,1.4732167424369185,1.473216742436918,41.027595567386854,41.027595567386854,32.23596794580396,31.259120432294747,6.0,6.0,6.0,7
28,3,51,2.3562249344909096,2.356224934490906,40.850703791670846,40.85070379167064,34.806467006168525,33.83383120160477,9.0,7.0,7.0,8
28,3,52,1.6025671747585526,1.602567174758552,41.29573488455233,41.29573488455226,33.86882338108054,32.88559159811496,7.0,7.0,7.0,8
28,3,53,1.5684657887363138,1.568465788736313,39.322223463385825,39.32222346338591,34.65772501683623,33.721481601041404,11.0,10.0,9.0,8
28,3,54,1.50778935381671,1.507789353816707,39.809389467786566,39.80938946778649,36.15342512890821,35.20558252253226,10.0,10.0,9.0,7
28,3,55,1.6808058285695031,1.680805828569496,39.04779569596255,39.0477956959625,36.4080850175365,35.47837559620402,11.0,10.0,9.0,6
28,3,56,3.270426316352143,3.2704263163521445,40.30387317054395,40.30387317054415,34.34054499735122,33.380928969481296,10.0,10.0,9.0,8
28,3,57,2.4645966549579397,2.464596654957938,39.78778444176173,39.787784441761644,37.09804901393855,36.150720812944144,11.0,11.0,10.0,7
28,3,58,2.2732484620368316,2.273248462036833,39.46110427969853,39.46110427969853,32.364145474293565,31.424595372395977,10.0,10.0,10.0,6
28,3,59,1.6294682429892067,1.6294682429892065,39.620648795792675,39.62064879579263,33.75840994335396,32.81506116250172,9.0,9.0,8.0,6
28,3,60,1.7091729044658153,1.7091729044658135,39.63954926573149,39.639549265731425,32.510497675848654,31.566698883807376,10.0,10.0,9.0,8
28,3,61,2.3938925698671465,2.3938925698671483,39.935877585333024,39.935877585333095,34.02699773852355,33.07614351030139,9.0,10.0,9.0,6
28,3,62,2.5887421307334875,2.5887421307334897,40.05127113367744,40.0512711336775,34.12531775165374,33.1717160579948,11.0,10.0,9.0,8
28,3,63,1.1351072492414622,1.1351072492414587,39.309254381439736,39.30925438143969,34.646294359151604,33.710359731022045,9.0,9.0,8.0,6
28,3,64,1.8908012100428306,1.8908012100428295,40.424200935850834,40.4242009358508,34.44306916473005,33.480588190066904,11.0,8.0,8.0,8
28,3,65,2.0983423309881237,2.098342330988125,39.690370727724925,39.69037072772483,34.98220175109429,34.03719292424362,10.0,10.0,10.0,9
28,3,66,2.3833088962519615,2.3833088962519637,39.77198079996765,39.771980799967686,36.11945195099103,35.1725000271823,10.0,10.0,10.0,6
28,3,67,1.6393845271174334,1.639384527117431,39.669798664250166,39.66979866425017,34.96406999616947,34.019550980354,9.0,8.0,9.0,7
28,3,68,2.1497823040341597,2.1497823040341557,40.03677328433458,40.03677328433456,32.83628217069787,31.883025663927985,9.0,11.0,8.0,6
28,3,69,2.2269085259749453,2.226908525974948,40.159226604880494,40.15922660488047,32.936712636400706,31.980540574379727,10.0,9.0,8.0,7
28,3,70,1.8708322176444652,1.8708322176444634,39.60144855687963,39.60144855687959,32.47924926284898,31.536357630542287,11.0,10.0,9.0,8
28,3,71,2.5858708141166122,2.585870814116609,40.22324984497064,40.22324984497058,34.271850633214775,33.31415420833448,9.0,9.0,8.0,6
28,3,72,1.908970303500103,1.908970303500101,40.47358805625952,40.473588056259594,34.485149007119084,33.52149214863677,9.0,8.0,8.0,6
28,3,73,2.9527609185534276,2.9527609185534294,40.11253201982541,40.11253201982562,32.89841592952517,31.94335564333902,10.0,9.0,9.0,11
28,3,74,2.1103176069954874,2.1103176069954865,40.79645938729305,40.79645938729311,35.95708346507589,34.98573919394992,8.0,8.0,7.0,7
28,3,75,2.6728945207643324,2.672894520764334,38.815099454133815,38.81509945413377,31.83432263904087,30.9101536044186,13.0,12.0,10.0,8
28,3,76,2.4330922130477237,2.4330922130477255,39.96767472668479,39.967674726684706,31.40317299953805,30.45156169652168,10.0,11.0,9.0,7
28,3,77,1.9662662402619064,1.966266240261908,40.56023856071554,40.560238560715476,34.558978773670894,33.59325880793952,8.0,7.0,7.0,8
28,3,78,2.178360903058307,2.1783609030583047,39.851919144955644,39.85191914495563,32.68467348240622,31.73581826466917,11.0,9.0,9.0,7
28,3,79,1.9481327187894693,1.9481327187894704,40.132932213998146,40.132932213998124,31.533018168141396,30.577472163046192,12.0,10.0,10.0,9
28,3,80,2.7293069413521547,2.7293069413521525,40.848039217501,40.848039217501075,36.00254476950661,35.029972407185234,8.0,7.0,7.0,7
28,3,81,2.4875653765191386,2.487565376519138,39.22313900887931,39.22313900887934,33.419715380014516,32.48583111789837,11.0,11.0,11.0,7
28,3,82,3.470353946339074,3.4703539463390705,40.46167932411423,40.46167932411419,31.79131946894689,30.827946151706048,9.0,8.0,8.0,8
28,3,83,2.4280493882990477,2.4280493882990486,39.9467330162281,39.94673301622815,32.76243536917687,31.811322678314333,10.0,10.0,9.0,7
28,3,84,1.6522088421719712,1.6522088421719714,39.04007101112189,39.040071011121945,35.45475836724335,34.52523286697859,11.0,11.0,10.0,7
28,3,85,2.2949211661757705,2.294921166175772,39.62241596397671,39.622415963976785,32.49644574596559,31.553054889680485,11.0,10.0,10.0,8
28,3,86,1.6357256289849533,1.635725628984953,40.576463719809865,40.57646371980989,33.278910933466506,32.31280465442343,10.0,9.0,8.0,6
28,3,87,2.420726399892543,2.420726399892542,40.09342656810181,40.09342656810185,32.882746534807985,31.9281411403294,10.0,10.0,9.0,6
28,3,88,2.517712659266369,2.5177126592663717,39.70561240017386,39.70561240017378,31.197266885850894,30.25189516203716,11.0,10.0,9.0,8
28,3,89,1.3813082350525865,1.381308235052591,39.152702334823694,39.152702334823715,32.11120867511688,31.179001476668713,8.0,9.0,8.0,8
28,3,90,2.4283044985169395,2.4283044985169386,40.61599392341529,40.615993923415246,33.31133175096432,32.34428427659726,8.0,8.0,8.0,8
28,3,91,2.313708489637693,2.3137084896376914,39.367203871441525,39.36720387144149,32.28713276701135,31.349818389119857,12.0,10.0,10.0,7
28,3,92,2.1530602957952576,2.1530602957952554,40.51911302812879,40.51911302812878,33.23187458812093,32.2671338017369,11.0,10.0,9.0,7
28,3,93,1.8121928895645327,1.8121928895645312,39.797013369244034,39.79701336924411,35.076194181310754,34.12864624394786,10.0,9.0,9.0,8
28,3,94,2.384503449095964,2.3845034490959645,39.97480478183585,39.974804781835886,34.06016529880912,33.10838423257496,11.0,10.0,10.0,6
28,3,95,0.8918023780870642,0.8918023780870605,40.35986107210794,40.35986107210809,36.65334321854701,35.69239414540171,6.0,6.0,6.0,6
28,3,96,2.039057110881437,2.0390571108814353,40.02206198872937,40.02206198872938,34.100430367947986,33.1475241301211,8.0,11.0,8.0,6
28,3,97,1.7259229778095708,1.7259229778095713,39.36409116231755,39.364091162317536,33.53981236789301,32.60257210212354,11.0,10.0,10.0,6
28,3,98,1.3631788901576392,1.3631788901576387,39.69889710396104,39.698897103961265,36.05308002298502,35.10786818717663,8.0,8.0,8.0,7
28,3,99,2.3900969486355734,2.390096948635577,39.56299874933703,39.56299874933698,32.447714535489425,31.50573837479088,10.0,10.0,10.0,7
30,3,0,2.5321665087690235,2.532166508769023,42.734101644629,42.73410164462895,34.85203400795298,33.90238730473896,10.0,11.0,10.0,9
30,3,1,2.0878770611649573,2.087877061164956,42.547311292038756,42.54731129203877,35.97611543693499,35.03061963044525,11.0,11.0,10.0,7
30,3,2,2.3085911446699936,2.3085911446699905,42.10512777732078,42.105127777320675,36.77181159219349,35.836142086030705,13.0,12.0,11.0,8
30,3,3,2.734987374919497,2.7349873749194975,43.200297024092876,43.200297024092926,35.23224223964907,34.27223563911372,12.0,11.0,8.0,9
30,3,4,1.618029355473415,1.618029355473415,43.79952960706476,43.79952960706462,38.25158919016989,37.278266310012775,8.0,7.0,7.0,7
30,3,5,3.7147316886014323,3.7147316886014323,42.18531090915176,42.185310909151994,34.404464674797104,33.46701332126057,11.0,11.0,10.0,9
30,3,6,2.5201847631012293,2.520184763101233,42.62884744318914,42.62884744318932,36.045058782518815,35.0977510615592,11.0,11.0,10.0,8
30,3,7,2.995535209419939,2.9955352094199337,43.1841622807595,43.184162280759466,36.51460832850887,35.554960277825295,11.0,8.0,8.0,10
30,3,8,2.129411153042827,2.129411153042829,43.484468837794815,43.4844688377948,39.0877058775289,38.12138434780011,8.0,7.0,7.0,7
30,3,9,2.5774415182611543,2.577441518261154,43.51577767814827,43.515777678148275,38.00377917224949,37.036761890512864,7.0,10.0,7.0,7
30,3,10,2.588142878520545,2.588142878520543,42.14371263508962,42.143712635089905,34.370538971284205,33.43401202383799,13.0,10.0,10.0,8
30,3,11,3.1314357788278238,3.1314357788278224,42.09539011676459,42.09539011676473,34.331129273005786,33.39567615930001,14.0,11.0,10.0,9
30,3,12,2.62630498551227,2.6263049855122707,42.91711824823576,42.917118248235674,36.28880776323046,35.3350940243807,11.0,8.0,9.0,8
30,3,13,2.618441606123682,2.6184416061236795,43.48598455609054,43.485984556090656,37.97775984565241,37.01140463329494,8.0,8.0,8.0,8
30,3,14,2.821634441205819,2.8216344412058194,43.16245993488649,43.16245993488651,37.69521500980087,36.73604923347008,11.0,9.0,9.0,11
30,3,15,2.460372205442376,2.4603722054423747,42.981917193411036,42.981917193410986,36.34359887131755,35.38844515590837,11.0,9.0,9.0,8
30,3,16,2.0059599561188595,2.005959956118855,43.16659026078353,43.16659026078333,38.80196835663764,37.84271079528672,10.0,8.0,8.0,6
30,3,17,2.418866429916803,2.4188664299167972,43.73097026423206,43.730970264232035,39.3092832708486,38.33748393164342,10.0,9.0,8.0,7
30,3,18,2.6424765213490535,2.642476521349051,42.528385347323365,42.528385347323365,34.68426093881705,33.739185708876526,12.0,11.0,11.0,10
30,3,19,3.1092314255298943,3.1092314255298934,42.77869349464087,42.778693494640905,34.888401138962664,33.93776350574844,11.0,10.0,10.0,7
30,3,20,3.1058624423676497,3.1058624423676493,43.03092712045204,43.03092712045221,36.38503948740444,35.428796662505654,11.0,11.0,10.0,8
30,3,21,2.267142191637779,2.267142191637776,43.22088225947594,43.220882259476014,33.856357769922816,32.8958937197123,10.0,9.0,8.0,7
30,3,22,2.29981424584859,2.299814245848585,43.00328544116169,43.003285441161815,35.071568348680756,34.1159397833217,11.0,10.0,10.0,8
30,3,23,2.223913457711928,2.2239134577119306,43.7804442977068,43.780444297706964,35.70538457168532,34.73248580951419,10.0,7.0,7.0,8
30,3,24,2.201128150488692,2.20112815048869,43.42093775382676,43.420937753826834,40.04375370630691,39.07884397844415,9.0,7.0,8.0,7
30,3,25,1.123157474066715,1.1231574740667125,43.993663983321724,43.993663983321824,38.42113321210097,37.4434962346939,7.0,7.0,7.0,7
30,3,26,2.7371062117700635,2.7371062117700617,43.21782623943443,43.217826239434615,35.24653828860541,34.28614214995146,12.0,9.0,8.0,9
30,3,27,2.075891790461309,2.075891790461312,42.095847970665545,42.09584797066557,34.33150267829834,33.39603939006134,12.0,11.0,10.0,7
30,3,28,2.268574141660034,2.2685741416600353,41.992812509989086,41.9928125099889,32.89436979949145,31.96119618815822,11.0,10.0,10.0,7
30,3,29,1.993203585633065,1.9932035856330643,42.63170388020356,42.63170388020346,34.76852294229934,33.821151744961405,11.0,10.0,10.0,9
30,3,30,2.0411595826292253,2.0411595826292266,43.08647611563304,43.086476115632884,39.73530575108381,38.777828504069596,10.0,9.0,7.0,7
30,3,31,2.6035185806950176,2.6035185806950203,43.04379314640015,43.043793146400105,35.10460463273078,34.14807589614408,11.0,11.0,9.0,6
30,3,32,2.4479469818415014,2.4479469818414996,42.71571826014785,42.71571826014786,34.83704133660947,33.887803153050626,11.0,10.0,10.0,8
30,3,33,1.9152912051581537,1.9152912051581483,42.74476000702903,42.744760007029065,40.32255693996406,39.37267338425232,9.0,9.0,8.0,9
30,3,34,0.8770669505909601,0.877066950590959,43.327094021433716,43.3270940214337,37.83899544538544,36.87617113379801,6.0,6.0,6.0,6
30,3,35,3.159102273626288,3.1591022736262864,42.6965355968747,42.69653559687463,37.288307754603906,36.33949585245107,11.0,11.0,10.0,8
30,3,36,1.351515997536972,1.351515997536972,42.04357789720603,42.04357789720611,37.79250502093297,36.858203289884024,11.0,9.0,9.0,8
30,3,37,2.9589008907189034,2.9589008907189016,42.99488241015712,42.994882410157146,36.35456168236618,35.39911985102938,10.0,11.0,9.0,8
30,3,38,2.319394783943566,2.319394783943566,44.09202807054849,44.09202807054837,37.28225929076377,36.30243644475149,7.0,6.0,7.0,8
30,3,39,2.0375071867981034,2.037507186798099,42.90010007701022,42.900100077010244,33.605078393658005,32.65174283639112,11.0,10.0,10.0,8
30,3,40,1.7396724610452612,1.739672461045261,43.88563454626495,43.885634546265045,38.32678750373806,37.3515511804878,7.0,7.0,6.0,6
30,3,41,1.466911267854263,1.4669112678542628,42.12618578140461,42.12618578140447,38.84970466507313,37.91356720326402,10.0,9.0,9.0,7
30,3,42,1.6133287769699522,1.6133287769699527,41.810438573406216,41.81043857340623,34.09873545875573,33.16961460156894,12.0,9.0,9.0,7
30,3,43,2.616855877031927,2.6168558770319246,42.728801683479894,42.72880168347994,38.40844506881693,37.45891614251741,11.0,11.0,10.0,7
30,3,44,1.5657366041347311,1.5657366041347331,41.873468272352845,41.87346827235283,36.56949562452149,35.638974107358074,10.0,9.0,9.0,9
30,3,45,1.7725456900010754,1.7725456900010752,42.23142064409858,42.23142064409865,35.70901234462113,34.770536330307884,12.0,11.0,9.0,7
30,3,46,2.18020126355655,2.180201263556548,43.106214870313636,43.106214870313664,37.64609432007391,36.68817843406696,10.0,10.0,8.0,8
30,3,47,1.8590226501393092,1.8590226501393072,42.79919285389199,42.79919285389212,37.37796175906567,36.426868584534844,8.0,8.0,8.0,7
30,3,48,2.5904522729184003,2.590452272918401,42.49415633182166,42.494156331821635,35.931169965018086,34.98685537986647,13.0,10.0,10.0,10
30,3,49,2.371869458774932,2.3718694587749285,42.77369075765115,42.77369075765119,33.50605776016007,32.555531298878954,11.0,10.0,9.0,7
30,3,50,2.956178427394344,2.956178427394345,42.54127135776291,42.54127135776272,33.32399589691428,32.37863431118607,13.0,10.0,10.0,9
30,3,51,2.896697314555158,2.896697314555158,42.67230353957918,42.672303539579225,34.8016342200568,33.85336080806618,11.0,12.0,10.0,8
30,3,52,2.1720105191188197,2.172010519118818,43.82819633799895,43.82819633799902,37.05917490357467,36.08521498495252,7.0,7.0,7.0,7
30,3,53,2.8502231968451595,2.8502231968451595,42.789726066738524,42.78972606673837,34.89739881442897,33.946516012945764,11.0,10.0,10.0,8
30,3,54,3.0708742893730023,3.070874289372999,42.950134111422685,42.95013411142273,35.02822048642694,34.07377306172869,11.0,10.0,10.0,8
30,3,55,2.82679476424554,2.8267947642455376,43.43430931237916,43.43430931237906,35.423092261429225,34.45788538782072,10.0,8.0,8.0,8
30,3,56,2.0016811577228433,2.001681157722843,42.35666314644659,42.35666314644673,33.17938613138316,32.238126950351116,11.0,9.0,9.0,8
30,3,57,1.3683807995846704,1.3683807995846684,43.61109856386883,43.61109856386901,36.875606674560196,35.90647115091882,7.0,6.0,6.0,7
30,3,58,3.1571709070462526,3.1571709070462535,42.9947379306645,42.99473793066462,37.54873779278033,36.593299172098995,10.0,8.0,9.0,7
30,3,59,2.8140367651977756,2.8140367651977747,42.55264489667419,42.55264489667416,34.70404594906539,33.75843161802816,10.0,10.0,10.0,8
30,3,60,3.0895078715492117,3.08950787154921,42.386833639212824,42.386833639212874,35.840422666045505,34.89849302961859,13.0,12.0,10.0,9
30,3,61,2.1093232279851652,2.109323227985166,42.813908554082865,42.81390855408297,34.9171209763298,33.965700786239154,11.0,11.0,10.0,10
30,3,62,2.6569348372365065,2.6569348372365065,43.41698847715447,43.41698847715464,36.7114758123495,35.74665384619065,13.0,11.0,9.0,6
30,3,63,2.946727715641971,2.9467277156419693,42.24628094349453,42.24628094349458,36.89508535731855,35.956279114129835,12.0,12.0,10.0,6
30,3,64,2.2931389354093183,2.293138935409318,43.38870196810878,43.388701968108855,36.68755799747865,35.72336462040962,8.0,8.0,8.0,6
30,3,65,1.4473900777924993,1.4473900777924966,42.39419977252106,42.39419977252104,35.84665114098725,34.90455781270899,11.0,11.0,10.0,8
30,3,66,2.193615085057166,2.1936150850571656,42.739420188238135,42.73942018823814,37.32576029772797,36.37599540465601,11.0,11.0,10.0,8
30,3,67,2.699055449793466,2.6990554497934647,42.69467275924822,42.69467275924813,38.377766958035345,37.4289964522742,12.0,10.0,10.0,7
30,3,68,2.77884548593834,2.7788454859383394,43.38577327599519,43.38577327599515,36.685081625591486,35.72095333056933,11.0,9.0,8.0,9
30,3,69,3.3838901528134935,3.3838901528134957,43.166939795077795,43.166939795077774,36.500045760060225,35.540780431280695,11.0,10.0,9.0,7
30,3,70,3.045263460000285,3.0452634600002897,43.43292734438937,43.432927344389526,35.42196518975756,34.45678902654902,10.0,10.0,8.0,8
30,3,71,2.0526689991822074,2.052668999182209,43.45361330607452,43.45361330607448,35.43883574073189,34.473199889485755,10.0,9.0,8.0,6
30,3,72,1.3840269983909774,1.3840269983909763,43.33786097343801,43.33786097343807,41.700652892219246,40.737589315031784,10.0,8.0,8.0,7
30,3,73,1.5991751992225187,1.5991751992225187,43.19539775476222,43.195397754762304,36.52410854597117,35.56421081808762,11.0,10.0,9.0,7
30,3,74,2.487375697898911,2.487375697898909,43.15275137279376,43.15275137279391,33.80298857535511,32.844038544848694,10.0,12.0,9.0,7
30,3,75,1.8478502094506013,1.8478502094505975,43.80835887842544,43.80835887842567,35.7281504630714,34.75463137688436,8.0,7.0,7.0,8
30,3,76,2.455583872427503,2.455583872427504,43.11373554762567,43.113735547625666,33.77242617897344,32.81434316680398,11.0,11.0,10.0,8
30,3,77,2.552085299485725,2.5520852994857255,43.5013447520995,43.50134475209942,34.07605338914461,33.10935683909789,10.0,9.0,8.0,9
30,3,78,2.457610849981881,2.4576108499818794,43.67370382540141,43.673703825401454,34.21106799656444,33.24054124488888,10.0,8.0,8.0,7
30,3,79,2.414923481622356,2.414923481622355,43.842073262778236,43.842073262778136,35.75564641653247,34.78137812180398,8.0,8.0,7.0,8
30,3,80,0.9594992821405407,0.9594992821405399,42.62661483563267,42.62661483563261,39.31121145952791,38.363953352069345,9.0,8.0,8.0,6
30,3,81,2.3779028682104824,2.3779028682104792,42.30413129437462,42.30413129437472,33.13823618059346,32.19814437405187,13.0,11.0,10.0,9
30,3,82,1.7028291313459254,1.7028291313459232,42.84341566160121,42.84341566160122,37.41658301113172,36.46450710754059,11.0,9.0,10.0,7
30,3,83,3.229539718951875,3.2295397189518784,42.73789867330601,42.73789867330592,34.85513069578513,33.905399614156025,12.0,10.0,10.0,7
30,3,84,2.068354542426614,2.0683545424266163,42.58957556525427,42.58957556525416,38.28329625810078,37.336861245539474,11.0,10.0,9.0,9
30,3,85,2.4258032757154164,2.4258032757154147,42.08528705796982,42.08528705796974,35.5854482790167,34.650219677728415,12.0,12.0,10.0,9
30,3,86,2.0272450162020195,2.02724501620202,42.60152258407045,42.60152258407048,37.205329723421535,36.25862922155331,11.0,10.0,9.0,8
30,3,87,1.3500032216141782,1.3500032216141757,43.98535833555948,43.98535833555945,42.32368924288279,41.34623683542588,11.0,8.0,7.0,7
30,3,88,2.3123362036488655,2.312336203648861,42.40087707424677,42.40087707424688,33.21402037482664,32.27177866206568,12.0,12.0,10.0,8
30,3,89,2.0885299679773115,2.0885299679773075,42.97539414159924,42.975394141599175,35.04882144437094,34.09381268566867,10.0,10.0,9.0,9
30,3,90,2.9623130615790556,2.9623130615790556,43.644247992815856,43.64424799281567,36.90363635836985,35.93376418075157,8.0,10.0,8.0,9
30,3,91,1.4611298323621997,1.4611298323621988,42.665357500001946,42.66535750000176,34.79596933889047,33.84785028333472,9.0,9.0,9.0,7
30,3,92,2.3417429683758137,2.3417429683758124,42.39893490408019,42.39893490408028,38.11193148600098,37.16973293257705,11.0,11.0,10.0,7
30,3,93,1.2796991617200395,1.2796991617200417,43.09279717514194,43.092797175141854,36.43735405587002,35.479736340866786,10.0,8.0,8.0,8
30,3,94,2.275998733844856,2.2759987338448564,43.030630832224354,43.03063083222441,33.70732748524241,32.75109124452636,10.0,10.0,10.0,8
30,3,95,3.2867710957511505,3.2867710957511505,42.7449537182508,42.74495371825094,33.48354707929646,32.53365921889099,12.0,10.0,10.0,9
30,3,96,2.8881533658857785,2.8881533658857803,43.47798448463696,43.47798448463687,39.08187716452367,38.11569973153166,8.0,8.0,8.0,8
30,3,97,1.7774524274328747,1.777452427432874,43.28514374004997,43.2851437400499,36.59999376242003,35.638101679307745,10.0,8.0,8.0,8
30,3,98,2.504992908214041,2.504992908214039,43.60467441274002,43.60467441273993,35.5620344655013,34.593041700773675,9.0,8.0,8.0,8
30,3,99,3.3053249377895306,3.305324937789531,43.699080432736494,43.69908043273646,34.23094633897692,33.25985566269386,9.0,7.0,8.0,9
